,time,periods,phase,amplitude,power,frequencies,Signal
0,0,77.29729729729729,5.027908192085247,0.5739613880545363,1.992968965986873,0.012937062937062939,ppf024_xy04_0
1,11,76.1081081081081,5.874138738995454,0.6275238496856229,2.3456449283797736,0.013139204545454548,ppf024_xy04_0
2,22,75.11711711711712,0.4567824689919603,0.6711763134785962,2.648396634447209,0.013312544974814104,ppf024_xy04_0
3,33,73.72972972972974,1.3459857920343508,0.7123381067511255,2.928099765669463,0.013563049853372432,ppf024_xy04_0
4,44,72.93693693693695,2.2630954639797993,0.7587874829517202,3.286689742892936,0.013710474308300394,ppf024_xy04_0
5,55,72.34234234234233,3.1860618489516823,0.7937455986134387,3.567188828570382,0.013823163138231632,ppf024_xy04_0
6,66,71.54954954954955,4.12918259024633,0.8214748108996476,3.7789076502642795,0.013976328380760513,ppf024_xy04_0
7,77,70.95495495495496,5.087827356506027,0.8604168341658329,4.1112264511013485,0.01409344845099035,ppf024_xy04_0
8,88,70.55855855855856,6.0497363475547745,0.8850104837844845,4.325311632979599,0.014172625127681308,ppf024_xy04_0
9,99,70.16216216216216,0.7374018869426033,0.9030635816346454,4.47827226487761,0.014252696456086287,ppf024_xy04_0
10,110,69.76576576576576,1.7166117972681174,0.9163975519529657,4.585440672016927,0.014333677685950414,ppf024_xy04_0
11,121,69.96396396396396,2.6915088676981402,0.9382877791420189,4.820780966491445,0.014293072366726759,ppf024_xy04_0
12,132,70.75675675675676,3.6525519265164483,0.9417233470984829,4.911175634756444,0.014132925897631779,ppf024_xy04_0
13,143,71.54954954954955,4.60802182729965,0.9295011276120132,4.83813094467752,0.013976328380760513,ppf024_xy04_0
14,154,72.14414414414415,5.562741544250978,0.9192381003142152,4.7712040603685635,0.01386113886113886,ppf024_xy04_0
15,165,72.34234234234233,0.20991501721832742,0.8829744915455064,4.414278744460352,0.013823163138231632,ppf024_xy04_0
16,176,73.92792792792793,1.1505268626061294,0.8686189481876382,4.365540324838071,0.013526687789422374,ppf024_xy04_0
17,187,75.71171171171171,2.067240268697503,0.8689315387350662,4.474093531277996,0.013207996192289385,ppf024_xy04_0
18,198,77.29729729729729,2.960045887057114,0.8718611078071857,4.598644012988685,0.012937062937062939,ppf024_xy04_0
19,209,78.88288288288288,3.8431638037365667,0.8660298929141039,4.6304096278906695,0.01267702147099132,ppf024_xy04_0
20,220,81.06306306306305,4.710968069333173,0.8710861870281104,4.814111411595403,0.012336074683262949,ppf024_xy04_0
21,231,82.25225225225225,5.539749735539626,0.8681997866694384,4.852415941982128,0.012157721796276014,ppf024_xy04_0
22,242,84.63063063063063,0.08720606492772974,0.8415865329065236,4.691330224267606,0.011816052799659357,ppf024_xy04_0
23,253,87.009009009009,0.8779733790906441,0.8362285736011265,4.761952961176841,0.011493062745910127,ppf024_xy04_0
24,264,88.0,1.6392403855859876,0.8169521967958473,4.596707131504702,0.011363636363636364,ppf024_xy04_0
25,275,89.78378378378379,2.384717781425809,0.7775176728325751,4.248047019487814,0.011137868753762792,ppf024_xy04_0
26,286,92.36036036036036,3.0937216260493963,0.7461352773313646,4.02431195831613,0.010827155676941085,ppf024_xy04_0
27,297,93.15315315315316,3.8021773017755573,0.6992766883833883,3.5650574562002193,0.010735009671179884,ppf024_xy04_0
28,0,92.55855855855856,3.3588489843625537,0.4646213264856656,1.4493467422809254,0.010803971189410162,ppf024_xy05_0
29,11,84.63063063063063,3.9012700926653223,0.5332148637704975,1.7453780372738217,0.011816052799659357,ppf024_xy05_0
30,22,83.63963963963964,4.687234625252596,0.6189943143342295,2.324571495768579,0.011956053425247738,ppf024_xy05_0
31,33,87.2072072072072,5.540941698502708,0.7088519883895213,3.1784906461525817,0.011466942148760331,ppf024_xy05_0
32,44,89.38738738738739,0.04011569299808549,0.7530614743456038,3.6770077030202097,0.011187260632936907,ppf024_xy05_0
33,55,88.990990990991,0.7927461772428012,0.7833465516294614,3.961059355727201,0.011237092528851994,ppf024_xy05_0
34,66,87.8018018018018,1.5631097525500937,0.8415171357428575,4.51010643889633,0.011389287912989945,ppf024_xy05_0
35,77,89.38738738738739,2.3311334735604072,0.9359299382879859,5.6796341058069535,0.011187260632936907,ppf024_xy05_0
36,88,92.55855855855856,3.0577676684759787,1.004308916568791,6.771870664335587,0.010803971189410162,ppf024_xy05_0
37,99,93.54954954954955,3.7753043839339537,1.0236951737173792,7.111159954800123,0.010689522342064715,ppf024_xy05_0
38,110,94.54054054054055,4.521099028952481,1.0117467835804765,7.019710168056056,0.010577472841623784,ppf024_xy05_0
39,121,95.33333333333333,5.25079177858643,1.0110970986992018,7.0694876825889565,0.01048951048951049,ppf024_xy05_0
40,132,94.14414414414415,5.944297706183437,0.9915160269043395,6.713519026681824,0.01062200956937799,ppf024_xy05_0
41,143,92.55855855855856,0.3668260165512188,0.9001207285824723,5.439707452936984,0.010803971189410162,ppf024_xy05_0
42,154,94.93693693693693,1.1129826857725262,0.8224572197995068,4.658212381895479,0.010533308028088823,ppf024_xy05_0
43,165,97.90990990990991,1.8223928929389421,0.794232699396714,4.480016496650795,0.01021347073978653,ppf024_xy05_0
44,176,97.31531531531532,2.5078123901685876,0.7701731867302625,4.187120109418837,0.010275874837992964,ppf024_xy05_0
45,187,96.12612612612612,3.205397983710341,0.7036503532170849,3.452333130215421,0.010402999062792878,ppf024_xy05_0
46,198,100.28828828828829,3.8518342495298046,0.6075319269139475,2.685009742541257,0.009971254042400287,ppf024_xy05_0
47,0,51.33333333333333,5.307008500290895,0.5866136193007369,1.350264192863379,0.019480519480519484,ppf024_xy06_0
48,11,51.13513513513514,0.34516033131607987,0.6482359244296788,1.6424819298232571,0.019556025369978858,ppf024_xy06_0
49,22,51.53153153153153,1.6857140172551826,0.6868857910070759,1.8584766828051371,0.019405594405594407,ppf024_xy06_0
50,33,108.61261261261261,1.389016802941041,0.4981306594483191,2.060069194242429,0.009207033842070339,ppf024_xy06_0
51,44,108.41441441441441,2.0022224362771017,0.53195315752068,2.345032208023525,0.00922386571381087,ppf024_xy06_0
52,55,106.03603603603604,2.6163811861769806,0.5505987344357168,2.457190927361389,0.009430756159728122,ppf024_xy06_0
53,66,102.27027027027027,3.2669838090219065,0.6034868644160629,2.8470824765160443,0.009778012684989429,ppf024_xy06_0
54,77,101.27927927927928,3.9299764979810003,0.6671269804442552,3.4455028518480915,0.009873687955879737,ppf024_xy06_0
55,88,100.88288288288288,4.583017219069854,0.71217504930262,3.911163707925543,0.009912484372209323,ppf024_xy06_0
56,99,99.69369369369369,5.24300635395293,0.7385683309007121,4.156847113308252,0.010030724742454365,ppf024_xy06_0
57,110,97.11711711711712,5.923476264237136,0.7843684339626738,4.567210187985804,0.010296846011131726,ppf024_xy06_0
58,121,95.92792792792793,0.3401014735594831,0.8729560583111964,5.587851187874417,0.010424492862509393,ppf024_xy06_0
59,132,96.52252252252252,1.0349597348105473,0.9491697535309714,6.647088262438609,0.010360276274033974,ppf024_xy06_0
60,143,91.76576576576576,1.6008233599209236,0.97940148260854,6.7284837625966265,0.010897310033379149,ppf024_xy06_0
61,154,89.98198198198199,2.295752775735235,1.0023460556408654,6.910443614728532,0.011113336003203843,ppf024_xy06_0
62,165,90.18018018018019,3.0546691333173897,1.0318175064997956,7.338915450699322,0.011088911088911088,ppf024_xy06_0
63,176,89.78378378378379,3.7906890373233026,1.0760067551600165,7.945896450923165,0.011137868753762792,ppf024_xy06_0
64,187,90.57657657657657,4.5572171664840875,1.0717039479117583,7.9520767792853295,0.0110403819375373,ppf024_xy06_0
65,198,91.56756756756756,5.310836353188092,1.0679835445434203,7.983361610326596,0.010920897284533649,ppf024_xy06_0
66,209,91.56756756756756,6.051341630520549,1.0297981933301237,7.42268328332252,0.010920897284533649,ppf024_xy06_0
67,220,92.75675675675676,0.5129133452731195,0.9796634392982221,6.804784212521125,0.01078088578088578,ppf024_xy06_0
68,231,93.94594594594595,1.2375716806116175,0.9484332025356823,6.459613650714963,0.010644418872266973,ppf024_xy06_0
69,242,93.54954954954955,1.9563405669762644,0.907107827508466,5.884025295906098,0.010689522342064715,ppf024_xy06_0
70,253,92.75675675675676,2.6926283133979365,0.8209530274118917,4.778561436832723,0.01078088578088578,ppf024_xy06_0
71,264,95.33333333333333,3.3844019866068464,0.7406523187528754,3.997500745889236,0.01048951048951049,ppf024_xy06_0
72,0,68.37837837837839,1.89973930623218,0.4414781296661559,1.298932043990262,0.014624505928853754,ppf024_xy09_0
73,11,67.58558558558559,2.8650901158494273,0.5202265442283599,1.782741369971463,0.0147960543854972,ppf024_xy09_0
74,22,68.18018018018017,3.8953666580644644,0.5961444959419756,2.361622443434542,0.014667019027484145,ppf024_xy09_0
75,33,68.37837837837839,4.900686747511295,0.6568592742741466,2.875495650944834,0.014624505928853754,ppf024_xy09_0
76,44,68.18018018018017,5.895073355017193,0.7156014122915635,3.4029045563520715,0.014667019027484145,ppf024_xy09_0
77,55,69.36936936936937,0.6435468730303769,0.7821795988188933,4.136470778314092,0.014415584415584416,ppf024_xy09_0
78,66,70.36036036036036,1.6428762292425094,0.831102898026432,4.736820134847335,0.014212548015364916,ppf024_xy09_0
79,77,71.15315315315316,2.6246264393312804,0.8666581789783878,5.20881671809312,0.014054190934413775,ppf024_xy09_0
80,88,71.54954954954955,3.583839154840186,0.8721469305165689,5.30439018664631,0.013976328380760513,ppf024_xy09_0
81,99,72.54054054054055,4.538789082307307,0.8826426752520548,5.5080753928176005,0.013785394932935915,ppf024_xy09_0
82,110,74.12612612612612,5.463245535605358,0.882638375123662,5.62841564104928,0.013490520175012155,ppf024_xy09_0
83,121,76.9009009009009,0.05631355144601793,0.8625107363456298,5.575832165563677,0.013003748828491098,ppf024_xy09_0
84,132,82.84684684684684,0.8422836343033522,0.80681506495798,5.256216281154968,0.012070465419747716,ppf024_xy09_0
85,143,86.61261261261261,1.6672001346634713,0.7932473023711031,5.311871890958593,0.01154566257541086,ppf024_xy09_0
86,154,90.18018018018019,2.4733882441392523,0.80280852367717,5.664796253400857,0.011088911088911088,ppf024_xy09_0
87,165,91.76576576576576,3.222661747190096,0.8252265668208627,6.090828070635106,0.010897310033379149,ppf024_xy09_0
88,176,93.54954954954955,3.9678518637069695,0.816025623184666,6.0715354901982,0.010689522342064715,ppf024_xy09_0
89,187,97.51351351351352,4.720529312928553,0.8205958092542036,6.39989192205458,0.010254988913525498,ppf024_xy09_0
90,198,98.50450450450451,5.410446314711897,0.8228225804215622,6.500065593127672,0.01015182001097494,ppf024_xy09_0
91,209,99.49549549549549,6.098279641027609,0.7932015948983107,6.10126407320209,0.010050706265845708,ppf024_xy09_0
92,220,102.27027027027027,0.4937015858857677,0.7625879534444413,5.796669376149922,0.009778012684989429,ppf024_xy09_0
93,231,103.65765765765765,1.143029216700398,0.7441269431136698,5.5942863932302975,0.009647140622284027,ppf024_xy09_0
94,242,103.06306306306307,1.801152856689948,0.6748957909476426,4.575364841576286,0.009702797202797202,ppf024_xy09_0
95,253,105.63963963963964,2.4424307785328585,0.6024879844764685,3.7374288784622793,0.009466143612485076,ppf024_xy09_0
96,264,110.7927927927928,3.016429416883259,0.5630620632277664,3.423523318912902,0.009025857863067165,ppf024_xy09_0
97,11,55.693693693693696,0.7729705598638087,0.5009220498906433,1.2077870261633195,0.017955354254286637,ppf024_xy11_0
98,22,57.08108108108108,2.0781668745060835,0.5546831137654663,1.5178404393610248,0.017518939393939396,ppf024_xy11_0
99,33,58.86486486486486,3.3539739622312523,0.6027494343371678,1.8483057485740686,0.016988062442607896,ppf024_xy11_0
100,44,61.04504504504504,4.594358718069854,0.6468824450204992,2.2077260873610127,0.01638134592680047,ppf024_xy11_0
101,55,63.42342342342342,5.791705943835107,0.6891156058570036,2.6030223113303474,0.015767045454545454,ppf024_xy11_0
102,66,65.8018018018018,0.6586452800551778,0.7292770690528324,3.0245929940460328,0.015197152245345017,ppf024_xy11_0
103,77,67.78378378378378,1.7546908470555758,0.7702122256929252,3.4752869053026334,0.014752791068580543,ppf024_xy11_0
104,88,69.76576576576576,2.8156697058606888,0.8122974935204628,3.9784749851199583,0.014333677685950414,ppf024_xy11_0
105,99,71.74774774774775,3.8410592174964915,0.855546193664416,4.538781117518755,0.013937719738824711,ppf024_xy11_0
106,110,74.12612612612612,4.841464289018958,0.8949374369386324,5.130984418750931,0.013490520175012155,ppf024_xy11_0
107,121,75.71171171171171,5.793829581605362,0.9343725612517617,5.712776819531242,0.013207996192289385,ppf024_xy11_0
108,132,77.0990990990991,0.4389638135047047,0.9719655087491947,6.294990091959275,0.012970320168263612,ppf024_xy11_0
109,143,78.28828828828829,1.3444360762309375,1.0114062597680984,6.92137073073181,0.012773302646720368,ppf024_xy11_0
110,154,79.67567567567568,2.2303489966687065,1.0510040693663307,7.606390019541675,0.012550881953867029,ppf024_xy11_0
111,165,81.45945945945945,3.0969664721944112,1.0825854830233441,8.25106411964667,0.012276045122760452,ppf024_xy11_0
112,176,82.64864864864865,3.946479427106819,1.110001641724756,8.800899044247199,0.01209941137998692,ppf024_xy11_0
113,187,83.44144144144144,4.778166633638375,1.1429570126513897,9.420753297820621,0.011984452602029799,ppf024_xy11_0
114,198,83.83783783783784,5.593389972631833,1.1668323581735118,9.865089688235537,0.011927788523533205,ppf024_xy11_0
115,209,84.82882882882883,0.13297800057546727,1.1863151907205214,10.317813989737285,0.011788445199660153,ppf024_xy11_0
116,220,85.42342342342343,0.9386648819966952,1.2026445469152738,10.678139371447765,0.011706391056739084,ppf024_xy11_0
117,231,86.61261261261261,1.7511594197010782,1.1982672190428418,10.748120727005404,0.01154566257541086,ppf024_xy11_0
118,242,87.6036036036036,2.544829516484032,1.2028468006408326,10.954350838500938,0.011415055532702592,ppf024_xy11_0
119,253,88.0,3.3224659878335134,1.195905643980298,10.877285884425177,0.011363636363636364,ppf024_xy11_0
120,264,88.3963963963964,4.098561178272597,1.1785003634928537,10.61055356925922,0.011312678353037097,ppf024_xy11_0
121,275,89.38738738738739,4.86752488541723,1.1562505270641066,10.328188871955614,0.011187260632936907,ppf024_xy11_0
122,286,89.78378378378379,5.626051146144382,1.1319552612452701,9.942611471202806,0.011137868753762792,ppf024_xy11_0
123,297,90.18018018018019,0.0975012707756908,1.079559446637904,9.083396305175622,0.011088911088911088,ppf024_xy11_0
124,308,91.17117117117117,0.8448494390676496,1.0303170048202945,8.364564011174433,0.010968379446640317,ppf024_xy11_0
125,319,91.96396396396396,1.5762664100455912,0.9879387193308644,7.757499135113121,0.010873824451410658,ppf024_xy11_0
126,330,92.36036036036036,2.3035118810588027,0.9360988246456283,6.994763877282622,0.010827155676941085,ppf024_xy11_0
127,341,93.15315315315316,3.0205475508982924,0.8666985253907551,6.047525596575634,0.010735009671179884,ppf024_xy11_0
128,352,95.13513513513513,3.6977835819074225,0.8007234549348721,5.271692619665736,0.010511363636363636,ppf024_xy11_0
129,0,62.432432432432435,5.439607755257569,0.4451387841350894,1.3497432274168686,0.016017316017316017,ppf024_xy13_0
130,11,62.630630630630634,0.27625573316483076,0.5070053715380671,1.756555743489981,0.015966628308400458,ppf024_xy13_0
131,22,63.027027027027025,1.3997206999062974,0.5672711452701453,2.212881914975034,0.015866209262435677,ppf024_xy13_0
132,33,63.81981981981982,2.5297444625051924,0.6239358676474447,2.7107252985366133,0.015669113495200452,ppf024_xy13_0
133,44,64.61261261261262,3.6392759220941535,0.6775987287220765,3.2367749017016694,0.015476854433909646,ppf024_xy13_0
134,55,65.4054054054054,4.730131831087059,0.7281966193362138,3.784085925613625,0.015289256198347107,ppf024_xy13_0
135,66,66.3963963963964,5.809306717747828,0.7758389758519638,4.360514417420513,0.015061058344640435,ppf024_xy13_0
136,77,67.1891891891892,0.579421515911747,0.8217290904947974,4.950017734232426,0.01488334674175382,ppf024_xy13_0
137,88,68.18018018018017,1.6218897361511606,0.8629744742401113,5.539927424499929,0.014667019027484145,ppf024_xy13_0
138,99,68.97297297297297,2.643644937668928,0.9023452900537657,6.127375395273158,0.014498432601880879,ppf024_xy13_0
139,110,69.76576576576576,3.65098968653488,0.9391553202304888,6.713782108878905,0.014333677685950414,ppf024_xy13_0
140,121,70.55855855855856,4.643974205451301,0.9720897038333342,7.274655257554106,0.014172625127681308,ppf024_xy13_0
141,132,71.15315315315316,5.6220367526535195,1.0011294700869091,7.780807538259796,0.014054190934413775,ppf024_xy13_0
142,143,71.74774774774775,0.3082849628903491,1.0261767109456363,8.24332858644432,0.013937719738824711,ppf024_xy13_0
143,154,72.34234234234233,1.2681514395133733,1.0487532630757754,8.681389613136753,0.013823163138231632,ppf024_xy13_0
144,165,72.93693693693695,2.2184699952570015,1.0667378555880471,9.055511073718113,0.013710474308300394,ppf024_xy13_0
145,176,73.33333333333334,3.1603848521446376,1.0811797111012873,9.352920255874912,0.013636363636363634,ppf024_xy13_0
146,187,73.92792792792793,4.0975636668676545,1.0904337093674272,9.590850071585258,0.013526687789422374,ppf024_xy13_0
147,198,74.32432432432432,5.027009531183566,1.0999568633792314,9.811429968809177,0.013454545454545455,ppf024_xy13_0
148,209,74.91891891891892,5.9478880801576715,1.1058978520051292,9.997043035134645,0.013347763347763348,ppf024_xy13_0
149,220,75.71171171171171,0.5832714400756729,1.1104142621745925,10.18551888024582,0.013207996192289385,ppf024_xy13_0
150,231,76.1081081081081,1.4914421514172262,1.1150526342216251,10.324563345081748,0.013139204545454548,ppf024_xy13_0
151,242,76.70270270270271,2.3937711216085225,1.1161601964815264,10.425904915768466,0.013037350246652571,ppf024_xy13_0
152,253,77.29729729729729,3.2894989311449314,1.1185687556696198,10.552119681875165,0.012937062937062939,ppf024_xy13_0
153,264,77.8918918918919,4.175765398659729,1.117763289816125,10.617981577705507,0.0128383067314365,ppf024_xy13_0
154,275,78.68468468468468,5.056900296038384,1.1139335105065353,10.65267745715822,0.012708953514998855,ppf024_xy13_0
155,286,79.27927927927928,5.928316172419042,1.113026999117293,10.715714218100993,0.012613636363636363,ppf024_xy13_0
156,297,79.67567567567568,0.5073950046882403,1.1068221938361293,10.649556053453363,0.012550881953867029,ppf024_xy13_0
157,308,80.46846846846847,1.3629333377425632,1.0950611360326492,10.528160532181358,0.012427227944469323,ppf024_xy13_0
158,319,81.06306306306305,2.210330588221761,1.0841096781624104,10.39488008751157,0.012336074683262949,ppf024_xy13_0
159,330,81.65765765765767,3.046382728866568,1.068124063746018,10.16460128102479,0.012246248896734332,ppf024_xy13_0
160,341,82.25225225225225,3.877256855127589,1.038547481366295,9.679446932579369,0.012157721796276014,ppf024_xy13_0
161,352,82.84684684684684,4.700325303202272,1.0091135037597854,9.204623948276803,0.012070465419747716,ppf024_xy13_0
162,363,83.44144144144144,5.50930584461069,0.9725801288624055,8.611575485566359,0.011984452602029799,ppf024_xy13_0
163,374,83.83783783783784,0.033815022215506724,0.9278340309824717,7.874639755977929,0.011927788523533205,ppf024_xy13_0
164,385,84.82882882882883,0.8217822280420645,0.8755459293539993,7.094983147315257,0.011788445199660153,ppf024_xy13_0
165,396,85.81981981981983,1.5945458619719293,0.8241325186584247,6.3596282653595,0.011652319966407726,ppf024_xy13_0
166,407,86.41441441441441,2.3654047910936544,0.7641576799126674,5.5055687023135125,0.011572143452877399,ppf024_xy13_0
167,11,58.468468468468465,1.2764675792811893,0.4184497293684677,1.3480903182136823,0.017103235747303543,ppf024_xy19_0
168,22,58.468468468468465,2.4554554050108885,0.49085347253586126,1.854966806305041,0.017103235747303543,ppf024_xy19_0
169,33,58.468468468468465,3.6302632904709253,0.5598359080406494,2.4129810354651178,0.017103235747303543,ppf024_xy19_0
170,44,58.666666666666664,4.81770724682133,0.6264026085410129,3.0311624851870156,0.017045454545454548,ppf024_xy19_0
171,55,59.26126126126126,6.01321945353409,0.6863983609049419,3.676495636902167,0.01687442991790818,ppf024_xy19_0
172,66,59.85585585585586,0.9031735729449435,0.7385153818755303,4.298692944282132,0.01670680313064419,ppf024_xy19_0
173,77,60.648648648648646,2.066826373172016,0.7800071691343539,4.858799814747609,0.01648841354723708,ppf024_xy19_0
174,88,61.44144144144144,3.2089206116718154,0.8190530150755024,5.427453504189096,0.016275659824046922,ppf024_xy19_0
175,99,62.828828828828826,4.335574431419872,0.8478387221597296,5.9469754887901765,0.015916260395755666,ppf024_xy19_0
176,110,63.81981981981982,5.433834600415154,0.8730484812619954,6.405351766239129,0.015669113495200452,ppf024_xy19_0
177,121,64.8108108108108,0.2281772485626623,0.89126926817805,6.779161925616639,0.015429524603836531,ppf024_xy19_0
178,132,66.0,1.283109317646979,0.9103490001435407,7.2022876687237956,0.015151515151515152,ppf024_xy19_0
179,143,67.58558558558559,2.311713213448243,0.9238264253617583,7.59531047955794,0.0147960543854972,ppf024_xy19_0
180,154,68.97297297297297,3.3185173247616295,0.9331255528179113,7.9080571593316735,0.014498432601880879,ppf024_xy19_0
181,165,70.36036036036036,4.31056173168912,0.9452502476356592,8.278131933619555,0.014212548015364916,ppf024_xy19_0
182,176,71.35135135135135,5.28200750657423,0.953872067446294,8.548563746984508,0.014015151515151515,ppf024_xy19_0
183,187,72.54054054054055,6.2407247964406825,0.9596008247517637,8.795746447291835,0.013785394932935915,ppf024_xy19_0
184,198,73.33333333333334,0.8960659362596702,0.9705487389162066,9.095923819582575,0.013636363636363634,ppf024_xy19_0
185,209,74.52252252252252,1.8301542125550283,0.9548666504549924,8.947128751027138,0.013418762088974854,ppf024_xy19_0
186,220,75.51351351351352,2.7450220310634434,0.9481562719093152,8.939129133894495,0.013242662848962061,ppf024_xy19_0
187,231,75.90990990990991,3.643715081438595,0.9371384960039246,8.77842739749336,0.013173510562544505,ppf024_xy19_0
188,242,76.70270270270271,4.536470086401357,0.9054195379146469,8.27982351279321,0.013037350246652571,ppf024_xy19_0
189,253,77.69369369369369,5.414424098442756,0.8767672515099614,7.864391007808032,0.012871057513914657,ppf024_xy19_0
190,264,77.69369369369369,0.007875902087815452,0.8267015479373351,6.991879898716782,0.012871057513914657,ppf024_xy19_0
191,275,78.68468468468468,0.8704098764267918,0.7728186810890343,6.1880828688783405,0.012708953514998855,ppf024_xy19_0
192,286,79.67567567567568,1.710063095852907,0.7290402601827691,5.57621446483717,0.012550881953867029,ppf024_xy19_0
193,297,80.07207207207207,2.5486569612369085,0.6774942322566643,4.839527485179217,0.012488748874887488,ppf024_xy19_0
194,308,81.06306306306305,3.37055284396847,0.6102758591885941,3.9754480326485955,0.012336074683262949,ppf024_xy19_0
195,0,48.75675675675676,4.729936643145743,0.48322861852475407,1.0068756809887198,0.020509977827050996,ppf024_xy25_0
196,11,48.95495495495496,6.1413647520429135,0.5361294506462206,1.244433612534016,0.02042694147957306,ppf024_xy25_0
197,22,50.34234234234234,1.284083920157189,0.567982378739582,1.4362792683286538,0.019863994273443094,ppf024_xy25_0
198,33,51.729729729729726,2.654119629897372,0.5819816452408435,1.5495105369994788,0.019331243469174506,ppf024_xy25_0
199,44,103.06306306306307,1.479003688060895,0.47283400734716013,2.0377748752983815,0.009702797202797202,ppf024_xy25_0
200,55,102.07207207207207,2.1158934751533116,0.49839193731839093,2.2422534228771163,0.009796999117387467,ppf024_xy25_0
201,66,97.90990990990991,2.7573331235155525,0.5301622836248924,2.4337729292939967,0.01021347073978653,ppf024_xy25_0
202,77,95.33333333333333,3.4430078537427313,0.6053120294587236,3.0891509944093487,0.01048951048951049,ppf024_xy25_0
203,88,94.54054054054055,4.129451924113251,0.6673362559929866,3.7234306608749805,0.010577472841623784,ppf024_xy25_0
204,99,93.35135135135135,4.815831020357908,0.7061299600557971,4.1164764439186605,0.010712217718587144,ppf024_xy25_0
205,110,90.77477477477477,5.508515251405442,0.7519441616294593,4.539124679800674,0.011016276300119095,ppf024_xy25_0
206,121,88.7927927927928,6.23366105497436,0.8414453787962345,5.559878793309204,0.011262175324675324,ppf024_xy25_0
207,132,89.38738738738739,0.7073125436691255,0.9193160163381234,6.681002673048263,0.011187260632936907,ppf024_xy25_0
208,143,84.82882882882883,1.3261685246823647,0.9926622218627533,7.392344671547086,0.011788445199660153,ppf024_xy25_0
209,154,83.44144144144144,2.0896524568343104,1.0244070460525931,7.74395214395124,0.011984452602029799,ppf024_xy25_0
210,165,84.43243243243244,2.9178171196403873,1.0494764215182804,8.224138610487351,0.011843790012804096,ppf024_xy25_0
211,176,84.63063063063063,3.723941224951429,1.056844746190931,8.359604118556085,0.011816052799659357,ppf024_xy25_0
212,187,86.01801801801801,4.540140507672999,1.0393556734876839,8.217762058914996,0.011625471302890659,ppf024_xy25_0
213,198,86.41441441441441,5.329216709222873,1.0280998391067797,8.077789326705016,0.011572143452877399,ppf024_xy25_0
214,209,86.21621621621621,6.113645162433352,0.9856468335805186,7.4074268221255615,0.011598746081504702,ppf024_xy25_0
215,220,87.4054054054054,0.616342370277762,0.9294285728940798,6.677379806198938,0.011440940012368584,ppf024_xy25_0
216,231,89.1891891891892,1.3767960105652108,0.8908793369806386,6.260164372151272,0.011212121212121211,ppf024_xy25_0
217,242,88.7927927927928,2.134631798385564,0.8433379571255312,5.58491747077946,0.011262175324675324,ppf024_xy25_0
218,253,88.3963963963964,2.909930422019204,0.7555394758124503,4.462565775747218,0.011312678353037097,ppf024_xy25_0
219,0,61.63963963963964,5.462258143976662,0.4425068158891632,1.1041126608003093,0.01622332651271558,ppf024_xy26_0
220,11,61.24324324324324,0.2645952443746271,0.5157874806852661,1.4904353571264553,0.016328331862312445,ppf024_xy26_0
221,22,60.648648648648646,1.3531840681569538,0.5921434994948379,1.9453082580111831,0.01648841354723708,ppf024_xy26_0
222,33,60.648648648648646,2.484710400600402,0.6661273658523532,2.4617789274913595,0.01648841354723708,ppf024_xy26_0
223,44,60.846846846846844,3.6225011529280446,0.7314879464911717,2.9782818564315403,0.016434705359786795,ppf024_xy26_0
224,55,60.846846846846844,4.749027713894844,0.789904375917288,3.4729656423627318,0.016434705359786795,ppf024_xy26_0
225,66,61.24324324324324,5.882943776830124,0.840316601704731,3.9560105298168677,0.016328331862312445,ppf024_xy26_0
226,77,62.03603603603604,0.7274849709700562,0.8770736720101441,4.365455430492236,0.016119663084519315,ppf024_xy26_0
227,88,62.630630630630634,1.8356342565295187,0.9036194825899382,4.6781196631870845,0.015966628308400458,ppf024_xy26_0
228,99,63.42342342342342,2.931745694404805,0.9234170060332222,4.947192245275735,0.015767045454545454,ppf024_xy26_0
229,110,64.61261261261262,4.0081225434279695,0.9365619098725624,5.184461502801186,0.015476854433909646,ppf024_xy26_0
230,121,66.0,5.059163319946544,0.9414631666948948,5.351357591432329,0.015151515151515152,ppf024_xy26_0
231,132,66.990990990991,6.095745447358376,0.951744830394572,5.550994861221959,0.014927380311995695,ppf024_xy26_0
232,143,68.18018018018017,0.8329591749934057,0.9597045647899675,5.744425951555186,0.014667019027484145,ppf024_xy26_0
233,154,69.36936936936937,1.8350252447413933,0.9699592577434089,5.970189293879841,0.014415584415584416,ppf024_xy26_0
234,165,71.15315315315316,2.8023517284096155,0.975029296164561,6.187893783427246,0.014054190934413775,ppf024_xy26_0
235,176,72.73873873873873,3.7722810504126763,0.9905462320772934,6.528728923478999,0.013747832548922468,ppf024_xy26_0
236,187,73.92792792792793,4.71563457618787,1.010163776271607,6.900896052341199,0.013526687789422374,ppf024_xy26_0
237,198,75.31531531531532,5.657265746318362,1.0205692749848345,7.175987068609586,0.013277511961722487,ppf024_xy26_0
238,209,76.5045045045045,0.2865984993932259,1.0362502768137078,7.515012300392212,0.013071125765426284,ppf024_xy26_0
239,220,77.0990990990991,1.1784510498324186,1.0501753120326969,7.778328529074573,0.012970320168263612,ppf024_xy26_0
240,231,78.48648648648648,2.075268667151324,1.0485312410461873,7.893525340583245,0.012741046831955923,ppf024_xy26_0
241,242,79.47747747747748,2.946796858265028,1.056873196420498,8.120882227066126,0.012582180911357968,ppf024_xy26_0
242,253,80.07207207207207,3.8010000876853427,1.0411204981791686,7.9395599341984315,0.012488748874887488,ppf024_xy26_0
243,264,81.06306306306305,4.652956974881267,1.0171043558241013,7.671272469953037,0.012336074683262949,ppf024_xy26_0
244,275,81.65765765765767,5.4882561521334035,0.9949096059610462,7.39396747900985,0.012246248896734332,ppf024_xy26_0
245,286,81.85585585585585,0.03731254521238604,0.9503171653114054,6.762390897033122,0.012216596962359674,ppf024_xy26_0
246,297,83.04504504504504,0.8566464137738902,0.8982155474594217,6.128980380688178,0.012041657626383163,ppf024_xy26_0
247,308,83.63963963963964,1.6609158084266156,0.8550993531083487,5.594466513839088,0.011956053425247738,ppf024_xy26_0
248,319,83.63963963963964,2.4729427436772755,0.7986133758154323,4.879762470156537,0.011956053425247738,ppf024_xy26_0
249,0,115.74774774774775,2.8007220912228084,0.77663149779308,3.1140940974462508,0.00863947696139477,ppf024_xy28_2
250,11,112.57657657657657,3.338285155197844,0.8561008240716108,3.680332439638398,0.008882842509603073,ppf024_xy28_2
251,22,111.98198198198199,3.9279249542618566,0.9025350160111207,4.068791657926398,0.008930008045052293,ppf024_xy28_2
252,33,109.2072072072072,4.502269930022431,0.9348637776957484,4.25732836620044,0.009156904801187924,ppf024_xy28_2
253,44,105.44144144144144,5.108374823015632,0.9825505672073727,4.5405696036232355,0.009483937115516063,ppf024_xy28_2
254,55,104.05405405405405,5.755313841208055,1.041498273622141,5.034603762150967,0.00961038961038961,ppf024_xy28_2
255,66,103.65765765765765,0.12032446137405338,1.0683344055597799,5.277217606160495,0.009647140622284027,ppf024_xy28_2
256,77,102.27027027027027,0.7829808608230567,1.0764967863711317,5.286449170247629,0.009778012684989429,ppf024_xy28_2
257,88,101.08108108108108,1.4615760414610082,1.0871316657591077,5.328725536112023,0.009893048128342246,ppf024_xy28_2
258,99,99.89189189189189,2.158257426245529,1.1250117380133728,5.639408151829157,0.010010822510822512,ppf024_xy28_2
259,110,99.0990990990991,2.8457760121573346,1.1181886841590631,5.526995030307089,0.01009090909090909,ppf024_xy28_2
260,121,98.30630630630631,3.5466754589441,1.1054297081027722,5.358371547900776,0.010172287390029325,ppf024_xy28_2
261,132,96.91891891891892,4.2766625230266495,1.1018852924242557,5.248926790830786,0.010317902955939765,ppf024_xy28_2
262,143,95.72972972972973,5.022774149323802,1.1686596977374597,5.831927939156163,0.010446075663466968,ppf024_xy28_2
263,154,95.33333333333333,5.740316404179819,1.174375765567716,5.864731328677976,0.01048951048951049,ppf024_xy28_2
264,165,93.74774774774775,0.1566127851495169,1.155466231488747,5.582960304977966,0.010666922929079376,ppf024_xy28_2
265,176,92.95495495495496,0.8827698446293512,1.1318977131115293,5.312220475494835,0.01075789881760031,ppf024_xy28_2
266,187,92.36036036036036,1.6236798375253192,1.135715038015874,5.3139021507507165,0.010827155676941085,ppf024_xy28_2
267,198,91.56756756756756,2.3566534852419756,1.1502051114000673,5.403578260925553,0.010920897284533649,ppf024_xy28_2
268,209,89.98198198198199,3.0801295298314497,1.156395644298839,5.367321758472294,0.011113336003203843,ppf024_xy28_2
269,220,87.6036036036036,3.8000278093848405,1.1341830848320755,5.026636552912523,0.011415055532702592,ppf024_xy28_2
270,231,86.01801801801801,4.560581328315835,1.095163653490232,4.601894489793536,0.011625471302890659,ppf024_xy28_2
271,242,86.21621621621621,5.3550790806505395,1.0714197438313744,4.414661723683998,0.011598746081504702,ppf024_xy28_2
272,253,86.61261261261261,6.145251360406605,1.0587499152449222,4.330690007891156,0.01154566257541086,ppf024_xy28_2
273,264,86.8108108108108,0.6433610620510929,1.0403814386176204,4.191294573057914,0.011519302615193027,ppf024_xy28_2
274,275,86.8108108108108,1.4222565861684873,1.0063893041219518,3.921886484169053,0.011519302615193027,ppf024_xy28_2
275,286,87.4054054054054,2.1961218786732686,0.9545756625983975,3.5526153543182413,0.011440940012368584,ppf024_xy28_2
276,297,89.1891891891892,2.9424793875412094,0.9004968281637303,3.2260104691463964,0.011212121212121211,ppf024_xy28_2
277,308,90.77477477477477,3.663588256001369,0.8543226057359443,2.955276756627348,0.011016276300119095,ppf024_xy28_2
278,0,110.0,2.352513772754912,0.5169413265398993,2.6411024657815725,0.00909090909090909,ppf024_xy28_1
279,11,106.23423423423424,2.864128236570728,0.5598547088999843,2.991749465557079,0.009413161465400272,ppf024_xy28_1
280,22,103.85585585585585,3.4529523231595807,0.6140052611076018,3.517914122443495,0.009628730048577377,ppf024_xy28_1
281,33,103.85585585585585,4.114285541716492,0.6708983440217419,4.200050270059408,0.009628730048577377,ppf024_xy28_1
282,44,103.26126126126127,4.756133083351919,0.7090593002413536,4.6645805862532566,0.009684173791659395,ppf024_xy28_1
283,55,101.87387387387388,5.397257866994222,0.7447413120707655,5.0767265541820805,0.009816059426954368,ppf024_xy28_1
284,66,100.48648648648648,6.0580341652960445,0.7899709990925876,5.634300644498023,0.009951586874663798,ppf024_xy28_1
285,77,100.28828828828829,0.45418719883812675,0.8308821394850798,6.2206981101569205,0.009971254042400287,ppf024_xy28_1
286,88,99.69369369369369,1.127853142436489,0.8573250859181574,6.583681458855003,0.010030724742454365,ppf024_xy28_1
287,99,98.50450450450451,1.8109440237168435,0.8808981962800931,6.867799248050964,0.01015182001097494,ppf024_xy28_1
288,110,97.31531531531532,2.5116202230519487,0.9162918575294577,7.341062277228326,0.010275874837992964,ppf024_xy28_1
289,121,96.91891891891892,3.215098327677588,0.9541237490452305,7.927349993230882,0.010317902955939765,ppf024_xy28_1
290,132,96.32432432432432,3.915609291086264,0.9773313362799771,8.266652437638825,0.010381593714927048,ppf024_xy28_1
291,143,95.72972972972973,4.627646032119667,0.9953814802919847,8.521891583014348,0.010446075663466968,ppf024_xy28_1
292,154,94.73873873873875,5.34980592457762,1.0246163240934647,8.936350612801759,0.010555344237352604,ppf024_xy28_1
293,165,93.94594594594595,6.069604709707109,1.0526783888205116,9.35361558961541,0.010644418872266973,ppf024_xy28_1
294,176,93.35135135135135,0.5135127532125601,1.0718045002356287,9.635224124239043,0.010712217718587144,ppf024_xy28_1
295,187,92.36036036036036,1.248622831226297,1.0924574178467266,9.90386505316775,0.010827155676941085,ppf024_xy28_1
296,198,91.76576576576576,1.9933636680851292,1.1098713374667173,10.156311778242324,0.010897310033379149,ppf024_xy28_1
297,209,90.37837837837839,2.72303789775738,1.123965456563803,10.258421332772075,0.011064593301435405,ppf024_xy28_1
298,220,89.38738738738739,3.47126424026225,1.1313596491973945,10.279871217679965,0.011187260632936907,ppf024_xy28_1
299,231,88.7927927927928,4.234958256843971,1.1473605656095096,10.502377247163484,0.011262175324675324,ppf024_xy28_1
300,242,88.0,4.998177929111059,1.1637723078083506,10.708503167947349,0.011363636363636364,ppf024_xy28_1
301,253,87.009009009009,5.768292405529322,1.1667269685556947,10.64174272136741,0.011493062745910127,ppf024_xy28_1
302,264,86.21621621621621,0.2644533484354886,1.150729873666232,10.257600818905559,0.011598746081504702,ppf024_xy28_1
303,275,86.01801801801801,1.0581618061686684,1.1299707521478188,9.868108050063496,0.011625471302890659,ppf024_xy28_1
304,286,86.01801801801801,1.8511096287795732,1.1075600591342323,9.480561565178522,0.011625471302890659,ppf024_xy28_1
305,297,86.41441441441441,2.6394886793540397,1.071962164637718,8.921855087470378,0.011572143452877399,ppf024_xy28_1
306,308,86.21621621621621,3.432318965654964,1.030962342075438,8.233502521647582,0.011598746081504702,ppf024_xy28_1
307,319,86.21621621621621,4.2237020234393245,0.9773094326250436,7.398832566920178,0.011598746081504702,ppf024_xy28_1
308,330,86.61261261261261,5.009972621855834,0.9156312518948819,6.524277328943957,0.01154566257541086,ppf024_xy28_1
309,341,87.2072072072072,5.783463083794289,0.8575256304042056,5.761779804880033,0.011466942148760331,ppf024_xy28_1
310,352,87.2072072072072,0.2814670247280004,0.7955968709614555,4.959621921919907,0.011466942148760331,ppf024_xy28_1
311,363,87.4054054054054,1.0573144180581022,0.721029999776692,4.082770992977792,0.011440940012368584,ppf024_xy28_1
312,374,88.5945945945946,1.7898809335922399,0.6487739941767012,3.3504577895813648,0.011287370347773032,ppf024_xy28_1
313,0,57.27927927927928,5.822248898936096,0.4671768620150941,1.200329154177111,0.017458320226486315,ppf024_xy29_0
314,11,56.88288288288288,0.7142889362742626,0.542087906596243,1.60494884877991,0.017579980994615142,ppf024_xy29_0
315,22,56.88288288288288,1.9235587630348017,0.6126000063871764,2.0496313355164846,0.017579980994615142,ppf024_xy29_0
316,33,56.88288288288288,3.1299498368675116,0.6772253827984027,2.5048874266652623,0.017579980994615142,ppf024_xy29_0
317,44,57.27927927927928,4.347088053284908,0.7313860222347244,2.941921068047025,0.017458320226486315,ppf024_xy29_0
318,55,57.873873873873876,5.555150854536337,0.7745303655082555,3.333493485663625,0.01727895392278954,ppf024_xy29_0
319,66,58.666666666666664,0.4658017185303808,0.8071385152212304,3.669675949233112,0.017045454545454548,ppf024_xy29_0
320,77,59.45945945945946,1.6387845860657972,0.8318433255221981,3.9504283446892527,0.01681818181818182,ppf024_xy29_0
321,88,60.450450450450454,2.793168782356888,0.8492221240953846,4.18583688536346,0.0165424739195231,ppf024_xy29_0
322,99,61.44144144144144,3.9265155353216823,0.8622138084666189,4.385625091365648,0.016275659824046922,ppf024_xy29_0
323,110,62.630630630630634,5.041378139725268,0.8719254791743146,4.571783768159563,0.015966628308400458,ppf024_xy29_0
324,121,63.62162162162162,6.135436291241079,0.8831193116118755,4.764130589223784,0.015717926932880204,ppf024_xy29_0
325,132,64.8108108108108,0.9274461943981435,0.8937095589824187,4.970275020622666,0.015429524603836531,ppf024_xy29_0
326,143,66.0,1.9835935203042747,0.9051881326919639,5.192324161526754,0.015151515151515152,ppf024_xy29_0
327,154,67.1891891891892,3.0220134428615038,0.9196868422606165,5.456567172903276,0.01488334674175382,ppf024_xy29_0
328,165,68.57657657657657,4.0441214080250045,0.9358859010678273,5.7671569372935565,0.014582238570677879,ppf024_xy29_0
329,176,69.76576576576576,5.046600375515345,0.9555856021679322,6.11676393516814,0.014333677685950414,ppf024_xy29_0
330,187,71.15315315315316,6.03108369024068,0.9733880896964724,6.473011310013211,0.014054190934413775,ppf024_xy29_0
331,198,72.34234234234233,0.7166254750054483,0.9931458681772706,6.851076328890839,0.013823163138231632,ppf024_xy29_0
332,209,73.53153153153153,1.6711125025088585,1.015495123309816,7.280638288446095,0.013599607939230582,ppf024_xy29_0
333,220,74.32432432432432,2.6068460741926667,1.0380092635754088,7.689065982821701,0.013454545454545455,ppf024_xy29_0
334,231,75.31531531531532,3.5359745681993004,1.0589260344610103,8.1087649146903,0.013277511961722487,ppf024_xy29_0
335,242,76.1081081081081,4.44933937064433,1.0793189493899198,8.51276588292376,0.013139204545454548,ppf024_xy29_0
336,253,76.9009009009009,5.355677006080769,1.0943349916419023,8.842440765568458,0.013003748828491098,ppf024_xy29_0
337,264,77.69369369369369,6.252622846206869,1.1113154452701435,9.212990619782044,0.012871057513914657,ppf024_xy29_0
338,275,78.28828828828829,0.8519052175387521,1.123607735946818,9.490004060364422,0.012773302646720368,ppf024_xy29_0
339,286,78.88288288288288,1.7284194438291047,1.1286390393620667,9.647906147955176,0.01267702147099132,ppf024_xy29_0
340,297,79.47747747747748,2.5972089296324814,1.1318800673278167,9.776537218005418,0.012582180911357968,ppf024_xy29_0
341,308,79.87387387387388,3.4562986688068675,1.1272329584808956,9.744785057226188,0.012519738326189939,ppf024_xy29_0
342,319,80.66666666666666,4.310303364689439,1.1128816039077076,9.592508609118642,0.012396694214876035,ppf024_xy29_0
343,330,81.26126126126127,5.151467531755651,1.0974987253963988,9.397920506504898,0.012305986696230597,ppf024_xy29_0
344,341,81.65765765765767,5.985082173810376,1.0739677340685236,9.043146050399496,0.012246248896734332,ppf024_xy29_0
345,352,82.45045045045046,0.5238772996767659,1.0382880716800045,8.534319967694348,0.012128496503496502,ppf024_xy29_0
346,363,83.24324324324324,1.3357647702339783,0.9998304873403949,7.989910277927388,0.012012987012987014,ppf024_xy29_0
347,374,83.83783783783784,2.136834696139573,0.9537189783990483,7.321854234140631,0.011927788523533205,ppf024_xy29_0
348,385,84.63063063063063,2.9274564779612016,0.893533762356346,6.487683735141187,0.011816052799659357,ppf024_xy29_0
349,396,86.21621621621621,3.678539742342765,0.8337844109890729,5.754885142897036,0.011598746081504702,ppf024_xy29_0
350,0,106.43243243243244,5.2971316475931225,0.9967205957707232,4.298945185433664,0.009395632300660234,ppf024_xy32_0
351,11,106.43243243243244,5.931298609905471,1.060338988882052,4.86524264032822,0.009395632300660234,ppf024_xy32_0
352,22,106.03603603603604,0.2758728124906894,1.1104249143804275,5.315852645674365,0.009430756159728122,ppf024_xy32_0
353,33,105.04504504504504,0.906681077244967,1.1579424715651279,5.726517518341182,0.009519725557461407,ppf024_xy32_0
354,44,104.05405405405405,1.553804503321649,1.2249883461913085,6.348395493417401,0.00961038961038961,ppf024_xy32_0
355,55,104.05405405405405,2.2059597294987925,1.2833848921296018,6.968092472714365,0.00961038961038961,ppf024_xy32_0
356,66,104.25225225225225,2.8577393466591436,1.3176942433326873,7.359626905844903,0.009592118907708261,ppf024_xy32_0
357,77,103.65765765765765,3.5129536562467454,1.3419700052498054,7.5897603616597795,0.009647140622284027,ppf024_xy32_0
358,88,102.86486486486487,4.1798281992771695,1.3732241160884728,7.886620774377215,0.009721492380451918,ppf024_xy32_0
359,99,102.66666666666667,4.8466664373471655,1.4041773534186273,8.230276877706897,0.00974025974025974,ppf024_xy32_0
360,110,102.46846846846847,5.512168897613025,1.4111243037479082,8.295868201514917,0.009759099701072622,ppf024_xy32_0
361,121,101.47747747747748,6.195234273433877,1.4082630131620433,8.182353987667033,0.009854403409090908,ppf024_xy32_0
362,132,100.28828828828829,0.6077109367083788,1.4178903123805309,8.197407870372874,0.009971254042400287,ppf024_xy32_0
363,143,99.89189189189189,1.292786975857314,1.4078480511967708,8.04975868879297,0.010010822510822512,ppf024_xy32_0
364,154,99.29729729729729,1.9853683257192278,1.3865049137857015,7.761064791400153,0.010070767555797496,ppf024_xy32_0
365,165,97.90990990990991,2.7049831882982285,1.3629837681124963,7.395185523168054,0.01021347073978653,ppf024_xy32_0
366,176,96.12612612612612,3.4513263215109022,1.370648270466582,7.342340829819683,0.010402999062792878,ppf024_xy32_0
367,187,93.35135135135135,4.1321447894343954,1.3342855705907692,6.757082836832403,0.010712217718587144,ppf024_xy32_0
368,198,91.76576576576576,4.856631140764973,1.3021341822592307,6.326058846009262,0.010897310033379149,ppf024_xy32_0
369,209,91.17117117117117,5.6062190380334656,1.2827040341983587,6.098899964283912,0.010968379446640317,ppf024_xy32_0
370,220,90.57657657657657,0.08022284001873692,1.2727545607987922,5.965492184578804,0.0110403819375373,ppf024_xy32_0
371,231,89.78378378378379,0.8392242388670084,1.2633565692287392,5.826273195845438,0.011137868753762792,ppf024_xy32_0
372,242,88.5945945945946,1.60145191485175,1.2446111071646877,5.5797613592280255,0.011287370347773032,ppf024_xy32_0
373,253,87.4054054054054,2.3761698667689197,1.2093529082592893,5.1973917558941185,0.011440940012368584,ppf024_xy32_0
374,264,86.8108108108108,3.168043198058011,1.1729339703663946,4.855813480755107,0.011519302615193027,ppf024_xy32_0
375,275,86.21621621621621,3.9648328974081273,1.153619142823675,4.665035167195966,0.011598746081504702,ppf024_xy32_0
376,286,85.62162162162161,4.765054465015935,1.1278511151996913,4.428208390525224,0.01167929292929293,ppf024_xy32_0
377,297,84.63063063063063,5.574717338957734,1.09057792471702,4.092437326540064,0.011816052799659357,ppf024_xy32_0
378,308,83.83783783783784,0.11269412811406754,1.0359762246992361,3.658311663417602,0.011927788523533205,ppf024_xy32_0
379,319,83.63963963963964,0.9336417540451172,0.9947367380375135,3.36487955671482,0.011956053425247738,ppf024_xy32_0
380,330,83.24324324324324,1.756952109647475,0.9497988112031404,3.053186200325114,0.012012987012987014,ppf024_xy32_0
381,341,82.45045045045046,2.594149039027326,0.8914078237827799,2.663710181608022,0.012128496503496502,ppf024_xy32_0
0,0,97.90990990990991,4.955186391643715,0.6456498623052803,2.7677187941526458,0.01021347073978653,ppf024_xy34_0
1,11,96.91891891891892,5.615539461764389,0.6991264162459224,3.2123375308233544,0.010317902955939765,ppf024_xy34_0
2,22,95.33333333333333,6.27871013324838,0.7577260795285817,3.7116792160725054,0.01048951048951049,ppf024_xy34_0
3,33,94.54054054054055,0.6995572886270606,0.8357777866942138,4.4781735038333395,0.010577472841623784,ppf024_xy34_0
4,44,94.54054054054055,1.4169884231719612,0.8993761404343159,5.1856355550254465,0.010577472841623784,ppf024_xy34_0
5,55,94.14414414414415,2.1307850128555494,0.9480552458844794,5.738016455072895,0.01062200956937799,ppf024_xy34_0
6,66,93.35135135135135,2.844620077282136,0.9962972898572829,6.283472134415228,0.010712217718587144,ppf024_xy34_0
7,77,92.95495495495496,3.578241634894831,1.0593082442643966,7.073240674772676,0.01075789881760031,ppf024_xy34_0
8,88,93.54954954954955,4.314714437681788,1.1288969814306127,8.084469196119027,0.010689522342064715,ppf024_xy34_0
9,99,93.94594594594595,5.044338254082217,1.1709488024290993,8.734841797995044,0.010644418872266973,ppf024_xy34_0
10,110,93.94594594594595,5.768402238085596,1.2028462328156595,9.217209416269126,0.010644418872266973,ppf024_xy34_0
11,121,93.74774774774775,0.2201330373360044,1.2430397804867848,9.822727225558715,0.010666922929079376,ppf024_xy34_0
12,132,93.74774774774775,0.9505143002382023,1.279985860423833,10.415314142390917,0.010666922929079376,ppf024_xy34_0
13,143,94.54054054054055,1.6736204823461638,1.3154035232191592,11.092700031387547,0.010577472841623784,ppf024_xy34_0
14,154,94.73873873873875,2.3950623447076445,1.3338038059394712,11.429117290944815,0.010555344237352604,ppf024_xy34_0
15,165,94.93693693693693,3.12072810240232,1.347075518888711,11.682083037414102,0.010533308028088823,ppf024_xy34_0
16,176,94.93693693693693,3.8469333478552588,1.3709995460280564,12.100714759972512,0.010533308028088823,ppf024_xy34_0
17,187,94.93693693693693,4.563932026163481,1.3679555613116376,12.047040782024093,0.010533308028088823,ppf024_xy34_0
18,198,94.93693693693693,5.287291667748034,1.3304698796849068,11.395844013266354,0.010533308028088823,ppf024_xy34_0
19,209,95.33333333333333,6.011609746160679,1.3236716036341258,11.326780099490074,0.01048951048951049,ppf024_xy34_0
20,220,95.72972972972973,0.44816663252912176,1.3168660507604537,11.257221780436161,0.010446075663466968,ppf024_xy34_0
21,231,95.53153153153153,1.1588774146659053,1.3013354623882285,10.970500871441391,0.01046774801961524,ppf024_xy34_0
22,242,95.53153153153153,1.8708499929737963,1.2617412728161932,10.313083775872446,0.01046774801961524,ppf024_xy34_0
23,253,96.12612612612612,2.5855456133108934,1.221136410956585,9.720105727157328,0.010402999062792878,ppf024_xy34_0
24,264,96.91891891891892,3.292540787299736,1.186762564109998,9.256300046967901,0.010317902955939765,ppf024_xy34_0
25,275,97.11711711711712,3.992785846017526,1.1511656389696496,8.727153289363295,0.010296846011131726,ppf024_xy34_0
26,286,96.72072072072072,4.699185980904986,1.0911770314637346,7.809282650269131,0.010339046199701937,ppf024_xy34_0
27,297,97.31531531531532,5.40096506690504,1.016523204979337,6.818941657841392,0.010275874837992964,ppf024_xy34_0
28,308,98.30630630630631,6.080727221853791,0.9629623524582972,6.181604022731614,0.010172287390029325,ppf024_xy34_0
29,319,98.50450450450451,0.48238664565861744,0.9103647876133741,5.5358992723741265,0.01015182001097494,ppf024_xy34_0
30,330,97.90990990990991,1.188024320400764,0.8409183613179162,4.694999042250076,0.01021347073978653,ppf024_xy34_0
31,341,98.30630630630631,1.8786893878644702,0.747794839727361,3.72775612733746,0.010172287390029325,ppf024_xy34_0
32,0,73.13513513513513,5.514492985947737,0.638510728051713,2.535140767193129,0.013673318551367332,ppf024_xy35_0
33,11,72.73873873873873,0.1524106244451453,0.7042840543409113,3.0676166865809917,0.013747832548922468,ppf024_xy35_0
34,22,72.34234234234233,1.0800357848694315,0.7677219237140647,3.6252675703490174,0.013823163138231632,ppf024_xy35_0
35,33,72.14414414414415,2.0211709278005214,0.8256404739245228,4.181408988503769,0.01386113886113886,ppf024_xy35_0
36,44,72.14414414414415,2.971623847195081,0.876830963549387,4.715985432195781,0.01386113886113886,ppf024_xy35_0
37,55,72.14414414414415,3.9219489287867004,0.9221190855874805,5.215725436637368,0.01386113886113886,ppf024_xy35_0
38,66,72.34234234234233,4.875256125402181,0.9601009449544223,5.669776958159509,0.013823163138231632,ppf024_xy35_0
39,77,72.73873873873873,5.82865794667961,0.9903885700006682,6.066198526903526,0.013747832548922468,ppf024_xy35_0
40,88,72.93693693693695,0.491500123821962,1.016445661808689,6.4070109739444865,0.013710474308300394,ppf024_xy35_0
41,99,73.33333333333334,1.4356861950360063,1.0366180334842987,6.700057957377678,0.013636363636363634,ppf024_xy35_0
42,110,73.72972972972974,2.3741965942278487,1.0530937163434833,6.952104612763339,0.013563049853372432,ppf024_xy35_0
43,121,74.32432432432432,3.3077681216899255,1.0649439413025277,7.166780078730409,0.013454545454545455,ppf024_xy35_0
44,132,74.72072072072072,4.2339235790812815,1.075732843386996,7.3517295608703686,0.013383168555582348,ppf024_xy35_0
45,143,75.31531531531532,5.1542724782366545,1.0839146850528025,7.523381987293505,0.013277511961722487,ppf024_xy35_0
46,154,75.90990990990991,6.066869697803629,1.0913467451300325,7.687119013100794,0.013173510562544505,ppf024_xy35_0
47,165,76.5045045045045,0.6877096657112753,1.0977946269034635,7.839147248874653,0.013071125765426284,ppf024_xy35_0
48,176,77.29729729729729,1.5831685347969442,1.1016658997129076,7.9763414414375715,0.012937062937062939,ppf024_xy35_0
49,187,78.09009009009009,2.4693558032841905,1.105483736992968,8.114098092690522,0.01280572219658514,ppf024_xy35_0
50,198,78.88288288288288,3.3452665770046703,1.1094670721108972,8.25564904890136,0.01267702147099132,ppf024_xy35_0
51,209,80.07207207207207,4.209228867123786,1.1111598617846201,8.405697778525232,0.012488748874887488,ppf024_xy35_0
52,220,81.06306306306305,5.060609253779851,1.1144499813339985,8.560197533159249,0.012336074683262949,ppf024_xy35_0
53,231,82.45045045045046,5.899559017718853,1.1157829388513536,8.72754465157141,0.012128496503496502,ppf024_xy35_0
54,242,83.83783783783784,0.44356143224776984,1.1199818704700026,8.941320628136783,0.011927788523533205,ppf024_xy35_0
55,253,85.42342342342343,1.2612484362694314,1.1276366670763232,9.235384145442502,0.011706391056739084,ppf024_xy35_0
56,264,86.8108108108108,2.0645464190235723,1.1410645946114382,9.610232322784901,0.011519302615193027,ppf024_xy35_0
57,275,88.0,2.8558704717443213,1.1552234984540943,9.985143592211355,0.011363636363636364,ppf024_xy35_0
58,286,89.38738738738739,3.638826476258252,1.1704892370410143,10.412396726918526,0.011187260632936907,ppf024_xy35_0
59,297,90.57657657657657,4.409459334436063,1.189589313477878,10.898070779534782,0.0110403819375373,ppf024_xy35_0
60,308,91.56756756756756,5.167539553188212,1.2073162014440684,11.348105084204503,0.010920897284533649,ppf024_xy35_0
61,319,92.55855855855856,5.920276320294764,1.222739504291368,11.765871033005611,0.010803971189410162,ppf024_xy35_0
62,330,93.54954954954955,0.3787666162412984,1.2377009248664432,12.184641211059164,0.010689522342064715,ppf024_xy35_0
63,341,94.34234234234235,1.1094132078654826,1.2477125231260457,12.487495270605782,0.010599694423223834,ppf024_xy35_0
64,352,95.13513513513513,1.833447087704763,1.2515276193342901,12.66955700292794,0.010511363636363636,ppf024_xy35_0
65,363,95.92792792792793,2.55148196655886,1.252569667939661,12.796419203911016,0.010424492862509393,ppf024_xy35_0
66,374,96.52252252252252,3.2600656623807946,1.2492927361313049,12.808453819429907,0.010360276274033974,ppf024_xy35_0
67,385,97.11711711711712,3.962198683457438,1.2359079809586895,12.612688484300504,0.010296846011131726,ppf024_xy35_0
68,396,97.90990990990991,4.6603408920308524,1.2148856657789462,12.286751668218614,0.01021347073978653,ppf024_xy35_0
69,407,98.50450450450451,5.350897725279055,1.1918725317351584,11.89748940304738,0.01015182001097494,ppf024_xy35_0
70,418,99.0990990990991,6.032626100788844,1.1592233433738788,11.322531984925163,0.01009090909090909,ppf024_xy35_0
71,429,99.49549549549549,0.43087183222585157,1.1198872775034827,10.609420303300336,0.010050706265845708,ppf024_xy35_0
72,440,100.48648648648648,1.0960545281322853,1.0734524797470666,9.844936570960472,0.009951586874663798,ppf024_xy35_0
73,451,101.27927927927928,1.756316029576164,1.026642508059363,9.076088050799754,0.009873687955879737,ppf024_xy35_0
74,462,102.07207207207207,2.4053714000554915,0.9729720721765492,8.215751488898098,0.009796999117387467,ppf024_xy35_0
75,473,102.86486486486487,3.0515591147816408,0.9102291639869262,7.2461641220480475,0.009721492380451918,ppf024_xy35_0
76,484,104.25225225225225,3.669311319173003,0.8487128318122639,6.384789694747273,0.009592118907708261,ppf024_xy35_0
77,11,49.54954954954955,3.2680001803513585,0.532397465865031,1.1219466076371674,0.02018181818181818,ppf024_xy36_0
78,22,49.74774774774775,4.654571705293522,0.5895631785471934,1.3813211023777274,0.020101412531691416,ppf024_xy36_0
79,33,50.73873873873874,6.046997628749928,0.6265211867635533,1.5910056097920056,0.019708806818181816,ppf024_xy36_0
80,44,52.72072072072072,1.1226681000941525,0.6435394702471146,1.744183749203989,0.018967874231032127,ppf024_xy36_0
81,55,54.9009009009009,2.418913879885107,0.6520625999943866,1.8647412309750462,0.018214637348211354,ppf024_xy36_0
82,66,56.88288288288288,3.662077456394468,0.6599109152420952,1.9788493941814205,0.017579980994615142,ppf024_xy36_0
83,77,58.666666666666664,4.863754232043236,0.6704340706649669,2.106512719952255,0.017045454545454548,ppf024_xy36_0
84,88,60.648648648648646,6.0338212812835215,0.6836010200965974,2.264055415592164,0.01648841354723708,ppf024_xy36_0
85,99,62.630630630630634,0.8903594910166338,0.7019334763093132,2.465126524191337,0.015966628308400458,ppf024_xy36_0
86,110,64.8108108108108,2.0041622674434905,0.7250563309911405,2.7217703114197067,0.015429524603836531,ppf024_xy36_0
87,121,67.38738738738738,3.097949927861895,0.752040485038256,3.04453927276685,0.01483957219251337,ppf024_xy36_0
88,132,70.16216216216216,4.167915115047025,0.7837658160197671,3.4429928389103646,0.014252696456086287,ppf024_xy36_0
89,143,73.33333333333334,5.218768506905717,0.8184802468141299,3.9244459414623623,0.013636363636363634,ppf024_xy36_0
90,154,76.1081081081081,6.22417822475454,0.8581028745418798,4.476825430412464,0.013139204545454548,ppf024_xy36_0
91,165,78.28828828828829,0.895879980158431,0.9003300722857457,5.069449840654345,0.012773302646720368,ppf024_xy36_0
92,176,79.87387387387388,1.806397942953439,0.9429376357981373,5.673240681058444,0.012519738326189939,ppf024_xy36_0
93,187,81.26126126126127,2.691855925619504,0.9833905284939363,6.277635863604879,0.012305986696230597,ppf024_xy36_0
94,198,82.64864864864865,3.560481909535733,1.020931827616381,6.881605355125621,0.01209941137998692,ppf024_xy36_0
95,209,83.63963963963964,4.405476067759859,1.0592489464480328,7.4966762210243525,0.011956053425247738,ppf024_xy36_0
96,220,85.02702702702703,5.243580657963329,1.0933396751739128,8.119470910283203,0.011760966306420852,ppf024_xy36_0
97,231,86.21621621621621,6.0622048717623525,1.1260990268583346,8.73378798530809,0.011598746081504702,ppf024_xy36_0
98,242,87.4054054054054,0.5851706100916583,1.1553638867522276,9.320439432791746,0.011440940012368584,ppf024_xy36_0
99,253,88.5945945945946,1.3818563646967452,1.1823701316755746,9.894062411656515,0.011287370347773032,ppf024_xy36_0
100,264,89.58558558558559,2.1651815577543014,1.2118788267823195,10.510346944788733,0.011162510056315366,ppf024_xy36_0
101,275,90.37837837837839,2.933507040782507,1.2391831845279833,11.086541511952886,0.011064593301435405,ppf024_xy36_0
102,286,91.36936936936937,3.697837322873721,1.2627230950209634,11.637974322759135,0.01094458686649576,ppf024_xy36_0
103,297,92.36036036036036,4.452507527297988,1.2864497817533604,12.2104540536002,0.010827155676941085,ppf024_xy36_0
104,308,93.15315315315316,5.196658182564699,1.3065940064007326,12.70396834958847,0.010735009671179884,ppf024_xy36_0
105,319,94.14414414414415,5.937276548102544,1.325190361552689,13.207188258458256,0.01062200956937799,ppf024_xy36_0
106,330,94.73873873873875,0.3818444398046172,1.3397466888707907,13.584182362842208,0.010555344237352604,ppf024_xy36_0
107,341,95.33333333333333,1.1023075786743803,1.3481254892754617,13.840951228757705,0.01048951048951049,ppf024_xy36_0
108,352,96.12612612612612,1.8201998228825726,1.3496639881711163,13.98792453935048,0.010402999062792878,ppf024_xy36_0
109,363,96.72072072072072,2.5294937930223593,1.3477492816580992,14.034542560374534,0.010339046199701937,ppf024_xy36_0
110,374,97.11711711711712,3.232975459975057,1.3404450310968448,13.939728658889477,0.010296846011131726,ppf024_xy36_0
111,385,97.71171171171171,3.9330473211295005,1.3223185724740252,13.648324408124367,0.010234187718974736,ppf024_xy36_0
112,396,98.50450450450451,4.6265632165679795,1.3008565324683512,13.31604992973592,0.01015182001097494,ppf024_xy36_0
113,407,99.0990990990991,5.311711127053566,1.2743532024013167,12.856118163216436,0.01009090909090909,ppf024_xy36_0
114,418,99.49549549549549,5.994491939530889,1.237417917449539,12.170172650770425,0.010050706265845708,ppf024_xy36_0
115,429,100.09009009009009,0.3884838439321406,1.1943159878910854,11.404863509708173,0.009990999099909992,ppf024_xy36_0
116,440,100.88288288288288,1.0547138753201324,1.1482537833691668,10.625607617747207,0.009912484372209323,ppf024_xy36_0
117,451,101.27927927927928,1.7213389252689,1.0986823091989906,9.766194858486204,0.009873687955879737,ppf024_xy36_0
118,462,101.87387387387388,2.378774067214237,1.0362626873336065,8.739026623823326,0.009816059426954368,ppf024_xy36_0
119,473,102.86486486486487,3.0236412991640744,0.9715121013239251,7.75575370359955,0.009721492380451918,ppf024_xy36_0
120,0,92.75675675675676,6.1742669003498305,0.618582598786914,2.134351032644375,0.01078088578088578,ppf024_xy37_0
121,11,92.75675675675676,0.6312497843360726,0.6778229469812485,2.5627307832260433,0.01078088578088578,ppf024_xy37_0
122,22,92.55855855855856,1.363511438498551,0.7347144583655041,3.0045445725478235,0.010803971189410162,ppf024_xy37_0
123,33,92.36036036036036,2.1029060927192216,0.7927752813802846,3.490685447660081,0.010827155676941085,ppf024_xy37_0
124,44,92.36036036036036,2.8472070953586295,0.8500229759428226,4.013024804332399,0.010827155676941085,ppf024_xy37_0
125,55,92.75675675675676,3.599406718152386,0.9028263562386385,4.546517937758056,0.01078088578088578,ppf024_xy37_0
126,66,93.15315315315316,4.344857562735462,0.9503009938111174,5.0587686989851885,0.010735009671179884,ppf024_xy37_0
127,77,93.35135135135135,5.08320996878366,0.992720441507113,5.532219898554732,0.010712217718587144,ppf024_xy37_0
128,88,93.54954954954955,5.821537193147949,1.0328857217362333,6.00165662527865,0.010689522342064715,ppf024_xy37_0
129,99,93.94594594594595,0.27645521795177613,1.0702042963095244,6.470477327362451,0.010644418872266973,ppf024_xy37_0
130,110,94.34234234234235,1.0085575168466883,1.1030705868931217,6.903004545742614,0.010599694423223834,ppf024_xy37_0
131,121,94.93693693693693,1.737398789991776,1.128680730768115,7.2728115198039225,0.010533308028088823,ppf024_xy37_0
132,132,95.33333333333333,2.463783018473789,1.1517417367323413,7.604661446360422,0.01048951048951049,ppf024_xy37_0
133,143,95.72972972972973,3.1872296216927434,1.174472509876598,7.940675351757288,0.010446075663466968,ppf024_xy37_0
134,154,96.12612612612612,3.905326024847493,1.1941325305890773,8.242736099085288,0.010402999062792878,ppf024_xy37_0
135,165,96.91891891891892,4.616580978257777,1.2108012521469071,8.544352948846647,0.010317902955939765,ppf024_xy37_0
136,176,97.51351351351352,5.325489524015193,1.2220356039040883,8.757041726767316,0.010254988913525498,ppf024_xy37_0
137,187,97.90990990990991,6.031681027250358,1.2327155003019992,8.946996358331537,0.01021347073978653,ppf024_xy37_0
138,198,98.30630630630631,0.45125970134608584,1.24329032945267,9.1380048800473,0.010172287390029325,ppf024_xy37_0
139,209,99.0990990990991,1.1470763379778368,1.2641311324218936,9.523111217157268,0.01009090909090909,ppf024_xy37_0
140,220,100.09009009009009,1.8347093326530657,1.2806522170540355,9.871391749476121,0.009990999099909992,ppf024_xy37_0
141,231,100.88288288288288,2.521178224920916,1.2917242033558387,10.122364559860381,0.009912484372209323,ppf024_xy37_0
142,242,101.47747747747748,3.210535246142313,1.302026613616595,10.34509019790589,0.009854403409090908,ppf024_xy37_0
143,253,102.27027027027027,3.8976009615075693,1.3170664444474378,10.668163666378465,0.009778012684989429,ppf024_xy37_0
144,264,102.46846846846847,4.570950784650395,1.3275828956539666,10.860215367497505,0.009759099701072622,ppf024_xy37_0
145,275,102.86486486486487,5.245408740816822,1.333738360878729,11.00356062880623,0.009721492380451918,ppf024_xy37_0
146,286,103.45945945945947,5.919227972281343,1.3426413611179053,11.215409739534701,0.009665621734587251,ppf024_xy37_0
147,297,103.85585585585585,0.30284762591154313,1.3541460247609998,11.452146187323471,0.009628730048577377,ppf024_xy37_0
148,308,104.05405405405405,0.9656101039489783,1.3653452061279068,11.664572879717102,0.00961038961038961,ppf024_xy37_0
149,319,104.25225225225225,1.626114306452571,1.362042786503135,11.630324788877937,0.009592118907708261,ppf024_xy37_0
150,330,104.84684684684684,2.2892982761162637,1.3582918696235244,11.632323515344174,0.009537721257948101,ppf024_xy37_0
151,341,105.24324324324324,2.949373741942987,1.3594753661771595,11.696658332246093,0.009501797637390858,ppf024_xy37_0
152,352,105.44144144144144,3.600712424380071,1.3587463576489078,11.706121191262538,0.009483937115516063,ppf024_xy37_0
153,363,105.44144144144144,4.2492432769219155,1.3495126830240964,11.54755850357919,0.009483937115516063,ppf024_xy37_0
154,374,105.63963963963964,4.899022781465395,1.3294103008266536,11.227159330841278,0.009466143612485076,ppf024_xy37_0
155,385,106.03603603603604,5.548131560730538,1.3079089952895337,10.907706240906748,0.009430756159728122,ppf024_xy37_0
156,396,106.23423423423424,6.1913312001642495,1.2864162559273975,10.571884907410043,0.009413161465400272,ppf024_xy37_0
157,407,106.03603603603604,0.5505321281918518,1.2559375002052195,10.058064950900855,0.009430756159728122,ppf024_xy37_0
158,418,106.23423423423424,1.190353937505706,1.218424844475585,9.483898110159712,0.009413161465400272,ppf024_xy37_0
159,429,106.63063063063063,1.8308248060835797,1.1681031697339421,8.749218818467225,0.009378168300101386,ppf024_xy37_0
160,440,107.42342342342343,2.4565042498331713,1.1210682214878929,8.118727565567116,0.009308956725930895,ppf024_xy37_0
161,451,107.81981981981983,3.0805237160287313,1.0721317454908996,7.452805865268848,0.009274732620320855,ppf024_xy37_0
162,462,107.81981981981983,3.7102160329897607,1.0131325497684542,6.655122204963788,0.009274732620320855,ppf024_xy37_0
163,0,95.72972972972973,5.7070758080310995,0.7674289471253068,3.5074777503455006,0.010446075663466968,ppf024_xy38_0
164,11,95.13513513513513,0.11990151917045082,0.8276159515287158,4.053875283521622,0.010511363636363636,ppf024_xy38_0
165,22,94.93693693693693,0.8353664773458405,0.8849625243155482,4.6254790057448965,0.010533308028088823,ppf024_xy38_0
166,33,94.93693693693693,1.5578298297972715,0.9391648297079117,5.2094346614422395,0.010533308028088823,ppf024_xy38_0
167,44,94.93693693693693,2.2794889489396772,0.9891707783249549,5.778957632327252,0.010533308028088823,ppf024_xy38_0
168,55,94.93693693693693,3.002156175565427,1.0352344987079303,6.32971894485807,0.010533308028088823,ppf024_xy38_0
169,66,95.13513513513513,3.7290641791243737,1.0768703595131386,6.86340338934252,0.010511363636363636,ppf024_xy38_0
170,77,95.33333333333333,4.453459837292289,1.1150649781719826,7.37423322156244,0.01048951048951049,ppf024_xy38_0
171,88,95.72972972972973,5.177782483314264,1.1478658064692593,7.846948630192044,0.010446075663466968,ppf024_xy38_0
172,99,96.12612612612612,5.898185473872679,1.1759067493567164,8.269113359564928,0.010402999062792878,ppf024_xy38_0
173,110,96.52252252252252,0.3318827558653033,1.1998610985442122,8.644947259296226,0.010360276274033974,ppf024_xy38_0
174,121,97.11711711711712,1.046200609286371,1.2210125560953597,9.007572799584159,0.010296846011131726,ppf024_xy38_0
175,132,97.90990990990991,1.7556441852659586,1.2383275763394408,9.340486099048425,0.01021347073978653,ppf024_xy38_0
176,143,98.70270270270271,2.457847025119188,1.2528146974175407,9.637723509428293,0.01013143483023001,ppf024_xy38_0
177,154,99.49549549549549,3.1548567221552593,1.2648812516653003,9.903179907954899,0.010050706265845708,ppf024_xy38_0
178,165,100.28828828828829,3.845827779606757,1.2756385938780492,10.152599582262695,0.009971254042400287,ppf024_xy38_0
179,176,101.08108108108108,4.530774499345924,1.2871101945507275,10.417729514206385,0.009893048128342246,ppf024_xy38_0
180,187,102.07207207207207,5.209089562888947,1.2988164725528286,10.712090816344908,0.009796999117387467,ppf024_xy38_0
181,198,103.06306306306307,5.881176448709622,1.3088693296114116,10.98417305838596,0.009702797202797202,ppf024_xy38_0
182,209,103.85585585585585,0.26497290488782965,1.3185510198444268,11.233021905264986,0.009628730048577377,ppf024_xy38_0
183,220,104.45045045045045,0.9273046341776108,1.3290154427749412,11.477362821429304,0.009573917543557013,ppf024_xy38_0
184,231,105.04504504504504,1.5861520231967579,1.3407426524979318,11.747302755854047,0.009519725557461407,ppf024_xy38_0
185,242,105.63963963963964,2.2401100212788454,1.3520746491659983,12.014341986327164,0.009466143612485076,ppf024_xy38_0
186,253,106.23423423423424,2.8900038611656877,1.3602810556292089,12.229072791059842,0.009413161465400272,ppf024_xy38_0
187,264,106.63063063063063,3.536737825514844,1.3666008371481708,12.389023631615817,0.009378168300101386,ppf024_xy38_0
188,275,106.82882882882883,4.1815893322299305,1.371485794414395,12.500944678677934,0.009360769101028841,ppf024_xy38_0
189,286,107.22522522522523,4.830426668539864,1.368969235432063,12.50132606553031,0.009326163669971433,ppf024_xy38_0
190,297,107.42342342342343,5.47264232354507,1.3697218452550177,12.538208624942733,0.009308956725930895,ppf024_xy38_0
191,308,107.42342342342343,6.113869333266482,1.3694973927038334,12.534099758105869,0.009308956725930895,ppf024_xy38_0
192,319,107.22522522522523,0.4718728323729108,1.3664553276089504,12.455454580741495,0.009326163669971433,ppf024_xy38_0
193,330,107.22522522522523,1.1145135982607677,1.3576985851092809,12.296327928426157,0.009326163669971433,ppf024_xy38_0
194,341,107.02702702702703,1.7613397730389238,1.3481450360189184,12.101478527448482,0.009343434343434343,ppf024_xy38_0
195,352,106.82882882882883,2.407392403031096,1.3390459978540028,11.916568056836597,0.009360769101028841,ppf024_xy38_0
196,363,106.43243243243244,3.054796754910268,1.3289427850771747,11.693870872079316,0.009395632300660234,ppf024_xy38_0
197,374,106.03603603603604,3.7042853708964794,1.3149359254235775,11.40602724638634,0.009430756159728122,ppf024_xy38_0
198,385,105.63963963963964,4.358155701714166,1.2969061844708578,11.053906133353962,0.009466143612485076,ppf024_xy38_0
199,396,105.04504504504504,5.014480786859014,1.2828360472214415,10.754485053344991,0.009519725557461407,ppf024_xy38_0
200,407,104.64864864864865,5.672149371641446,1.2652256389994676,10.421766329094346,0.009555785123966943,ppf024_xy38_0
201,418,103.85585585585585,0.052726437291736254,1.2459075655914538,10.029386637025086,0.009628730048577377,ppf024_xy38_0
202,429,103.26126126126127,0.7190217085835524,1.2190325350951596,9.546402859107674,0.009684173791659395,ppf024_xy38_0
203,440,102.86486486486487,1.3892541740589357,1.1923504362031572,9.098014580939653,0.009721492380451918,ppf024_xy38_0
204,451,102.46846846846847,2.0628708608047326,1.1630661279921004,8.623246479987085,0.009759099701072622,ppf024_xy38_0
205,462,102.27027027027027,2.735786216648553,1.1286914043865146,8.105346356350859,0.009778012684989429,ppf024_xy38_0
206,473,101.87387387387388,3.414047742749351,1.0903579851827931,7.534818176004762,0.009816059426954368,ppf024_xy38_0
207,484,101.47747747747748,4.0950510768069694,1.044755350090092,6.890815301219496,0.009854403409090908,ppf024_xy38_0
208,495,101.67567567567568,4.764084219612913,0.9953919276309395,6.267250227217348,0.009835194045720362,ppf024_xy38_0
209,506,101.87387387387388,5.431164880031843,0.9431089053036966,5.637132607080379,0.009816059426954368,ppf024_xy38_0
210,517,102.07207207207207,6.094913441868317,0.8872610640944703,4.99898135834386,0.009796999117387467,ppf024_xy38_0
211,528,101.87387387387388,0.48709862992039715,0.826756798192233,4.332016570555548,0.009816059426954368,ppf024_xy38_0
212,539,102.46846846846847,1.1334229360387733,0.7623224231721009,3.7045833694346397,0.009759099701072622,ppf024_xy38_0
213,550,103.45945945945947,1.7571531792706976,0.6998606258133531,3.1525723730637525,0.009665621734587251,ppf024_xy38_0
214,0,141.9099099099099,5.43395103599132,0.7125195099544742,3.3725343497778226,0.007046724225495175,ppf024_xy47_0
215,11,140.72072072072072,5.885006721301583,0.760780975694293,3.8126547054047206,0.007106274007682458,ppf024_xy47_0
216,22,139.53153153153153,0.05599705112061964,0.8023598859237306,4.204950748459748,0.007166838842975207,ppf024_xy47_0
217,33,137.74774774774775,0.5064891986857909,0.8410334099847087,4.561011211965392,0.007259646827992151,ppf024_xy47_0
218,44,135.17117117117118,0.9577875045909727,0.883833221165429,4.942820693648026,0.0073980271927486,ppf024_xy47_0
219,55,132.59459459459458,1.4294949835004618,0.9426935355307875,5.5159080004051,0.007541785568691399,ppf024_xy47_0
220,66,132.0,1.934907819138276,0.9880143766404333,6.031850870615927,0.007575757575757576,ppf024_xy47_0
221,77,131.40540540540542,2.4405961038939616,1.0292982291559987,6.516971442899062,0.007610037021801727,ppf024_xy47_0
222,88,130.61261261261262,2.9487251273029256,1.06382852707339,6.919560595290027,0.0076562284453028,ppf024_xy47_0
223,99,129.22522522522524,3.4580810789378096,1.0989318650252349,7.305315336016465,0.007738427216954823,ppf024_xy47_0
224,110,128.23423423423424,3.9811786832007448,1.1372662022658266,7.763872319567031,0.007798229591119854,ppf024_xy47_0
225,121,127.44144144144144,4.508122903444159,1.1790799528705103,8.293680904376659,0.007846741128234129,ppf024_xy47_0
226,132,127.04504504504504,5.040079674348203,1.212876762345017,8.748653551454884,0.007871223939866686,ppf024_xy47_0
227,143,126.45045045045045,5.572843448536832,1.2414239966580676,9.122435242005155,0.007908235964662298,ppf024_xy47_0
228,154,125.65765765765767,6.109040637638992,1.2686346192216187,9.466996427093813,0.007958130197877831,ppf024_xy47_0
229,165,124.86486486486487,0.3675883908477862,1.2972417705707315,9.836310655404404,0.008008658008658008,ppf024_xy47_0
230,176,124.07207207207207,0.9142160457346513,1.3338120312105746,10.332690776253163,0.008059831542259657,ppf024_xy47_0
231,187,123.47747747747748,1.4620590223245384,1.3654820614409828,10.777297792803452,0.008098642930103605,ppf024_xy47_0
232,198,122.88288288288288,2.0124337759849493,1.3933399969372176,11.167494209414741,0.008137829912023461,ppf024_xy47_0
233,209,122.28828828828829,2.569283052580582,1.4187047478580852,11.521765892564757,0.008177397966701047,ppf024_xy47_0
234,220,121.49549549549549,3.1273222241920577,1.4472513028958065,11.9123710170236,0.008230757822927481,ppf024_xy47_0
235,231,120.90090090090091,3.692020716870548,1.4821197565516737,12.432150708178547,0.00827123695976155,ppf024_xy47_0
236,242,120.30630630630631,4.256417514151257,1.5123032793465314,12.880013470103822,0.008312116219859217,ppf024_xy47_0
237,253,119.71171171171171,4.822849581448367,1.5412335748257715,13.31139894519781,0.008353401565322095,ppf024_xy47_0
238,264,119.31531531531532,5.394725310963695,1.5667636724881502,13.710500728551866,0.00838115372999094,ppf024_xy47_0
239,275,118.72072072072072,5.970544211134857,1.5951680125324634,14.141306172622771,0.008423129458187888,ppf024_xy47_0
240,286,118.32432432432432,0.2664570438718113,1.6252598223790868,14.630857090578195,0.008451347647327547,ppf024_xy47_0
241,297,117.72972972972973,0.8431470356979476,1.6496538281878328,14.997605363972848,0.008494031221303948,ppf024_xy47_0
242,308,117.33333333333333,1.422650462539414,1.6684411133908263,15.289500985625667,0.008522727272727274,ppf024_xy47_0
243,319,116.93693693693693,2.0040223171104237,1.6804499412064238,15.457989559835443,0.008551617873651772,ppf024_xy47_0
244,330,116.73873873873875,2.5905384854867046,1.6930323556667752,15.66374661596352,0.008566136749498379,ppf024_xy47_0
245,341,116.73873873873875,3.178357200032819,1.7025662326458433,15.840656061423793,0.008566136749498379,ppf024_xy47_0
246,352,116.54054054054055,3.7643474401804737,1.710569220556259,15.962777890558144,0.008580705009276436,ppf024_xy47_0
247,363,116.14414414414415,4.3486271531223295,1.7128968328814107,15.951806286862052,0.008609990691901954,ppf024_xy47_0
248,374,115.94594594594595,4.935455149874395,1.705167559097775,15.781192869120925,0.008624708624708625,ppf024_xy47_0
249,385,115.94594594594595,5.5251380254518,1.691607134730925,15.531189577647714,0.008624708624708625,ppf024_xy47_0
250,396,115.94594594594595,6.115831042467822,1.6787419208597818,15.295848576657606,0.008624708624708625,ppf024_xy47_0
251,407,116.14414414414415,0.4217736862925143,1.659047917342766,14.96460692519299,0.008609990691901954,ppf024_xy47_0
252,418,116.14414414414415,1.0109908215885441,1.636091592959397,14.553340161335871,0.008609990691901954,ppf024_xy47_0
253,429,116.14414414414415,1.5993556218272131,1.6068607821587961,14.037958587841041,0.008609990691901954,ppf024_xy47_0
254,440,116.14414414414415,2.1877679251092506,1.5702213103708333,13.405073161582031,0.008609990691901954,ppf024_xy47_0
255,451,115.94594594594595,2.7808645592042316,1.5262207820192568,12.642717395806809,0.008624708624708625,ppf024_xy47_0
256,462,116.14414414414415,3.371494974366662,1.4773406839548822,11.866120932478292,0.008609990691901954,ppf024_xy47_0
257,473,116.54054054054055,3.9572246188774534,1.4294421015286265,11.147059081400718,0.008580705009276436,ppf024_xy47_0
258,484,116.54054054054055,4.54644578252274,1.3820190807039998,10.419700661005553,0.008580705009276436,ppf024_xy47_0
259,495,116.54054054054055,5.134248356579521,1.3291795833766158,9.638167907579527,0.008580705009276436,ppf024_xy47_0
260,506,116.54054054054055,5.7226593930364915,1.269644175188908,8.794096229062877,0.008580705009276436,ppf024_xy47_0
261,517,116.54054054054055,0.03158907590428836,1.2050517069046467,7.922067323971719,0.008580705009276436,ppf024_xy47_0
262,528,116.73873873873875,0.616759898650263,1.1433590050889224,7.143817747751592,0.008566136749498379,ppf024_xy47_0
263,539,116.93693693693693,1.1987367796840804,1.0808714676140632,6.3951385126151505,0.008551617873651772,ppf024_xy47_0
264,550,116.93693693693693,1.7855570246368655,1.0159278615413316,5.649728677470654,0.008551617873651772,ppf024_xy47_0
265,561,116.73873873873875,2.3807797272970244,0.9453589591542725,4.8838084487720135,0.008566136749498379,ppf024_xy47_0
266,0,105.83783783783784,6.05258083226066,0.32005859567457534,1.016941555330947,0.009448416751787538,ppf024_xy48_0
267,11,104.45045045045045,0.36033881455711636,0.3639755723714926,1.2979287041151122,0.009573917543557013,ppf024_xy48_0
268,22,106.82882882882883,1.138661827677109,0.4203858687296023,1.7708457330598577,0.009360769101028841,ppf024_xy48_0
269,33,107.42342342342343,1.8041037236664736,0.4645906478160636,2.1748833052391667,0.009308956725930895,ppf024_xy48_0
270,44,107.02702702702703,2.427151031936743,0.5055652430898339,2.565924802510939,0.009343434343434343,ppf024_xy48_0
271,55,105.63963963963964,3.029742652093585,0.5531703003726808,3.0320800666866115,0.009466143612485076,ppf024_xy48_0
272,66,105.24324324324324,3.6790911993919426,0.6159165243717577,3.7448461432683633,0.009501797637390858,ppf024_xy48_0
273,77,105.83783783783784,4.346993387628789,0.6709807961178973,4.469481919384205,0.009448416751787538,ppf024_xy48_0
274,88,105.63963963963964,4.9883497770292555,0.7144227107227807,5.0574716769677694,0.009466143612485076,ppf024_xy48_0
275,99,104.45045045045045,5.618634000360058,0.7594966405864487,5.651426402531746,0.009573917543557013,ppf024_xy48_0
276,110,103.45945945945947,6.26697907171103,0.817930898051392,6.492313432163296,0.009665621734587251,ppf024_xy48_0
277,121,103.45945945945947,0.6467153176872994,0.8753310355497843,7.435512422878581,0.009665621734587251,ppf024_xy48_0
278,132,103.26126126126127,1.3021390075315478,0.9170506943223368,8.14554519937282,0.009684173791659395,ppf024_xy48_0
279,143,102.86486486486487,1.9602464011336873,0.952925833323137,8.761557301365254,0.009721492380451918,ppf024_xy48_0
280,154,101.87387387387388,2.6235005735421164,0.9968271617210119,9.495079208180849,0.009816059426954368,ppf024_xy48_0
281,165,101.47747747747748,3.295256996552216,1.0464895363951658,10.424026052366472,0.009854403409090908,ppf024_xy48_0
282,176,101.08108108108108,3.9638848997307177,1.0794764860695922,11.048219551036427,0.009893048128342246,ppf024_xy48_0
283,187,100.48648648648648,4.639129506998943,1.1049985409908947,11.508722411739713,0.009951586874663798,ppf024_xy48_0
284,198,99.89189189189189,5.318685906852118,1.1299777318772852,11.963714846610563,0.010010822510822512,ppf024_xy48_0
285,209,99.29729729729729,6.000315723655838,1.1514426066428194,12.34860968125502,0.010070767555797496,ppf024_xy48_0
286,220,98.90090090090091,0.4071836558782327,1.160991366352171,12.504152811112483,0.010111131353616323,ppf024_xy48_0
287,231,98.90090090090091,1.1114002456102572,1.1634420822977878,12.556998113221725,0.010111131353616323,ppf024_xy48_0
288,242,97.51351351351352,1.7932493397259013,1.1719042699504751,12.56160470409527,0.010254988913525498,ppf024_xy48_0
289,253,96.52252252252252,2.4908842887281946,1.1712320084451007,12.419684774260766,0.010360276274033974,ppf024_xy48_0
290,264,95.92792792792793,3.199784458291519,1.1619168607422157,12.147620503832918,0.010424492862509393,ppf024_xy48_0
291,275,95.33333333333333,3.9156284398437076,1.1550830386397781,11.930736011849651,0.01048951048951049,ppf024_xy48_0
292,286,94.34234234234235,4.629418569629739,1.1510831281015812,11.725087056609983,0.010599694423223834,ppf024_xy48_0
293,297,93.74774774774775,5.359629645128625,1.1277644703227307,11.183911036220742,0.010666922929079376,ppf024_xy48_0
294,308,93.35135135135135,6.092989828396546,1.093501563358805,10.470211877686479,0.010712217718587144,ppf024_xy48_0
295,319,92.95495495495496,0.5499798806131738,1.0451174361401516,9.523548019432868,0.01075789881760031,ppf024_xy48_0
296,330,92.95495495495496,1.2887975346530802,0.9974408056622988,8.674468056113934,0.01075789881760031,ppf024_xy48_0
297,341,92.55855855855856,2.03023855675333,0.9528934619634041,7.883177791744553,0.010803971189410162,ppf024_xy48_0
298,352,91.56756756756756,2.7899659226600657,0.8976236758912389,6.920322284158427,0.010920897284533649,ppf024_xy48_0
299,363,91.17117117117117,3.547953123235244,0.8318025347487755,5.916897652862804,0.010968379446640317,ppf024_xy48_0
300,374,91.56756756756756,4.286114038018502,0.759098942210978,4.949194192221254,0.010920897284533649,ppf024_xy48_0
301,385,92.95495495495496,4.973867619013559,0.692611946710466,4.182621311277503,0.01075789881760031,ppf024_xy48_0
302,0,101.08108108108108,5.234292212457918,0.49450583853235397,1.8548174325716706,0.009893048128342246,ppf024_xy51_0
303,11,99.29729729729729,5.845293406616238,0.5342424326371225,2.126682366212144,0.010070767555797496,ppf024_xy51_0
304,22,97.51351351351352,0.1893043174141751,0.5744027133075253,2.4142720906170125,0.010254988913525498,ppf024_xy51_0
305,33,96.12612612612612,0.8458159783429662,0.6115656571759118,2.6978392142054024,0.010402999062792878,ppf024_xy51_0
306,44,94.34234234234235,1.5082187748272502,0.6473355212526476,2.966565733005227,0.010599694423223834,ppf024_xy51_0
307,55,92.55855855855856,2.1899179691597888,0.683061991665084,3.2405987971815673,0.010803971189410162,ppf024_xy51_0
308,66,91.17117117117117,2.8962719638819507,0.7162122017364124,3.509372015110121,0.010968379446640317,ppf024_xy51_0
309,77,89.78378378378379,3.6169872334883095,0.7463198317889881,3.7526348898602313,0.011137868753762792,ppf024_xy51_0
310,88,88.3963963963964,4.35371753901049,0.7740863232111667,3.9746765538123117,0.011312678353037097,ppf024_xy51_0
311,99,87.009009009009,5.105425401123929,0.8009756777052032,4.188816379338151,0.011493062745910127,ppf024_xy51_0
312,110,85.81981981981983,5.873956348509927,0.8247016036339759,4.3799557220642305,0.011652319966407726,ppf024_xy51_0
313,121,84.63063063063063,0.3730158570831031,0.8461603313056386,4.546962196562941,0.011816052799659357,ppf024_xy51_0
314,132,83.63963963963964,1.1719286139868623,0.8650451631453072,4.696541464215774,0.011956053425247738,ppf024_xy51_0
315,143,82.84684684684684,1.9852874034464445,0.8814857911229466,4.830533072346345,0.012070465419747716,ppf024_xy51_0
316,154,82.05405405405406,2.808600853696894,0.8958787095936062,4.941819950892778,0.012187088274044794,ppf024_xy51_0
317,165,81.45945945945945,3.6437271437350756,0.9067824576757993,5.0261585837797,0.012276045122760452,ppf024_xy51_0
318,176,81.06306306306305,4.488019179721857,0.9148045666150962,5.0905897826279585,0.012336074683262949,ppf024_xy51_0
319,187,80.86486486486487,5.337933827509919,0.9200747369706016,5.136822050272021,0.012366310160427807,ppf024_xy51_0
320,198,81.06306306306305,6.1899742494852905,0.9212303112547815,5.162355303822175,0.012336074683262949,ppf024_xy51_0
321,209,81.26126126126127,0.7572584616873395,0.9209183198116548,5.171472592196687,0.012305986696230597,ppf024_xy51_0
322,220,81.85585585585585,1.6026659507926788,0.9183315690456605,5.18008904851594,0.012216596962359674,ppf024_xy51_0
323,231,82.64864864864865,2.4397127667486656,0.9161121187839477,5.205008668769581,0.01209941137998692,ppf024_xy51_0
324,242,83.83783783783784,3.2655820740865047,0.9148917036341461,5.265842821073044,0.011927788523533205,ppf024_xy51_0
325,253,85.22522522522522,4.080288933341235,0.917500209590061,5.3835524122556215,0.011733615221987317,ppf024_xy51_0
326,264,123.08108108108108,0.4858159209726417,0.7798887525887478,5.617525596970273,0.008124725516029864,ppf024_xy51_0
327,275,121.89189189189189,1.0270434345148236,0.8090385659325996,5.986895949656201,0.008203991130820399,ppf024_xy51_0
328,286,90.57657657657657,0.19046407934135082,0.9678745399169253,6.367111825212336,0.0110403819375373,ppf024_xy51_0
329,297,92.95495495495496,0.9834574222358715,1.0026434751585327,7.01219609001788,0.01075789881760031,ppf024_xy51_0
330,308,95.33333333333333,1.7677364739709118,1.0455169634111237,7.819795383659834,0.01048951048951049,ppf024_xy51_0
331,319,97.51351351351352,2.53416122476097,1.0948319208974873,8.770980609063784,0.010254988913525498,ppf024_xy51_0
332,330,99.29729729729729,3.2750255007815605,1.1444779163575647,9.759795224693555,0.010070767555797496,ppf024_xy51_0
333,341,100.88288288288288,3.9965706164034205,1.1929308095662825,10.772994505552346,0.009912484372209323,ppf024_xy51_0
334,352,101.47747747747748,4.682077008425013,1.2402983635055886,11.71414102188236,0.009854403409090908,ppf024_xy51_0
335,363,101.87387387387388,5.357812939572873,1.2792869228101897,12.510860614503235,0.009816059426954368,ppf024_xy51_0
336,374,102.27027027027027,6.03153928708273,1.309799141605426,13.165799902120048,0.009778012684989429,ppf024_xy51_0
337,385,102.86486486486487,0.420890379342976,1.3345520677585705,13.747589274109032,0.009721492380451918,ppf024_xy51_0
338,396,103.06306306306307,1.0843287218018052,1.3525642866477807,14.14839973446127,0.009702797202797202,ppf024_xy51_0
339,407,103.06306306306307,1.745843888804361,1.360894948154908,14.32322100783149,0.009702797202797202,ppf024_xy51_0
340,418,103.26126126126127,2.4066778881614237,1.3595503946961063,14.322422785573284,0.009684173791659395,ppf024_xy51_0
341,429,103.45945945945947,3.067836656242202,1.3518909348927997,14.188678901878978,0.009665621734587251,ppf024_xy51_0
342,440,103.65765765765765,3.7265726629669795,1.338354893676041,13.932607963222061,0.009647140622284027,ppf024_xy51_0
343,451,103.65765765765765,4.385042150571493,1.3170508758494965,13.492578004292778,0.009647140622284027,ppf024_xy51_0
344,462,103.65765765765765,5.042957462491402,1.2877743245493434,12.89939549609887,0.009647140622284027,ppf024_xy51_0
345,473,104.05405405405405,5.697676796886142,1.2499832059483669,12.199886922536006,0.00961038961038961,ppf024_xy51_0
346,484,104.45045045045045,0.06426466160705634,1.2078827625702464,11.435320155462476,0.009573917543557013,ppf024_xy51_0
347,495,104.45045045045045,0.7196676359503235,1.1579556833037414,10.509514122597407,0.009573917543557013,ppf024_xy51_0
348,506,104.84684684684684,1.3642500325521605,1.102539355600084,9.563833774718471,0.009537721257948101,ppf024_xy51_0
349,517,105.24324324324324,2.0052982885101174,1.0444839938832204,8.6156142297877,0.009501797637390858,ppf024_xy51_0
350,528,105.44144144144144,2.6480541725830635,0.9832101764941199,7.648785958656086,0.009483937115516063,ppf024_xy51_0
351,539,105.83783783783784,3.2820056922208587,0.9163148808154726,6.668357604470571,0.009448416751787538,ppf024_xy51_0
352,0,62.432432432432435,2.835806707600075,0.4570635993901039,1.0581409637336636,0.016017316017316017,ppf024_xy52_0
353,11,62.234234234234236,3.930317388593704,0.5289030989574477,1.4124125711091173,0.016068326577880716,ppf024_xy52_0
354,22,62.234234234234236,5.038327014434172,0.5998174787225006,1.81655095697291,0.016068326577880716,ppf024_xy52_0
355,33,62.630630630630634,6.163337205203596,0.6656454217742147,2.2514001165027047,0.015966628308400458,ppf024_xy52_0
356,44,63.027027027027025,0.9920768625564863,0.7256153966154854,2.6922773750723907,0.015866209262435677,ppf024_xy52_0
357,55,63.42342342342342,2.090844696608185,0.777925663201733,3.113908728395369,0.015767045454545454,ppf024_xy52_0
358,66,63.81981981981982,3.1759908765318827,0.8202860555371262,3.483904424322976,0.015669113495200452,ppf024_xy52_0
359,77,64.41441441441441,4.250467692169437,0.8489065134959031,3.7660215050521795,0.015524475524475525,ppf024_xy52_0
360,88,65.00900900900902,5.307365960488682,0.8635394844487533,3.932945666658153,0.015382483370288245,ppf024_xy52_0
361,99,66.0,0.060139621093476314,0.8610632145798632,3.970032013009987,0.015151515151515152,ppf024_xy52_0
362,110,68.37837837837839,1.0448243372230384,0.8369343631231705,3.885810319388187,0.014624505928853754,ppf024_xy52_0
363,121,75.31531531531532,1.9226166016652146,0.7936970726186812,3.8492210894451087,0.013277511961722487,ppf024_xy52_0
364,132,79.67567567567568,2.8189527434366353,0.789625347924764,4.0303978506908695,0.012550881953867029,ppf024_xy52_0
365,143,82.84684684684684,3.7017943802819793,0.804624183848094,4.351531663434414,0.012070465419747716,ppf024_xy52_0
366,154,85.42342342342343,4.5653976842579995,0.8296734694060319,4.770582148713574,0.011706391056739084,ppf024_xy52_0
367,165,87.4054054054054,5.406674551951548,0.8630764835429072,5.282224549557449,0.011440940012368584,ppf024_xy52_0
368,176,88.990990990991,6.225716560337491,0.9020288362360677,5.874445604166472,0.011237092528851994,ppf024_xy52_0
369,187,90.37837837837839,0.7421260752450914,0.9488143994881122,6.600959675680093,0.011064593301435405,ppf024_xy52_0
370,198,92.16216216216216,1.533583445273951,0.9977347421432786,7.443254110958259,0.010850439882697948,ppf024_xy52_0
371,209,93.35135135135135,2.2999721494962992,1.0441737246963734,8.257453394044049,0.010712217718587144,ppf024_xy52_0
372,220,94.14414414414415,3.0493936713105345,1.0891497656387075,9.060423906086726,0.01062200956937799,ppf024_xy52_0
373,231,94.54054054054055,3.778503400470214,1.131431138843318,9.818707806680589,0.010577472841623784,ppf024_xy52_0
374,242,95.33333333333333,4.515567102926174,1.1700202582646297,10.587941719377497,0.01048951048951049,ppf024_xy52_0
375,253,95.72972972972973,5.236259262301751,1.2125408245538232,11.418776508806012,0.010446075663466968,ppf024_xy52_0
376,264,96.12612612612612,5.954483176868781,1.2409842388676084,12.010303249618167,0.010402999062792878,ppf024_xy52_0
377,275,96.72072072072072,0.3897628633177711,1.2636771001752922,12.530596801684982,0.010339046199701937,ppf024_xy52_0
378,286,97.31531531531532,1.1012653381603528,1.2843324851006146,13.023152615834313,0.010275874837992964,ppf024_xy52_0
379,297,97.51351351351352,1.8036016634047443,1.2960461796511746,13.288799784598934,0.010254988913525498,ppf024_xy52_0
380,308,97.90990990990991,2.510377095258774,1.2928761059799125,13.277627188408578,0.01021347073978653,ppf024_xy52_0
381,319,98.70270270270271,3.212210814793923,1.288223603542538,13.28897701513938,0.01013143483023001,ppf024_xy52_0
382,330,98.90090090090091,3.9046458071238934,1.2799382744400711,13.144930698805252,0.010111131353616323,ppf024_xy52_0
383,341,98.90090090090091,4.596241141595316,1.2577134083777064,12.692396493207966,0.010111131353616323,ppf024_xy52_0
384,352,99.29729729729729,5.285509498821447,1.2267270713905545,12.123089951694586,0.010070767555797496,ppf024_xy52_0
385,363,99.69369369369369,5.9705895766227,1.1939596666695869,11.529938748305133,0.010030724742454365,ppf024_xy52_0
386,374,99.0990990990991,0.3786704378172281,1.1527555396970195,10.683760484946175,0.01009090909090909,ppf024_xy52_0
387,385,99.29729729729729,1.0615478896237316,1.100337178139236,9.753691228732905,0.010070767555797496,ppf024_xy52_0
388,396,99.89189189189189,1.7370195689278187,1.0442949048237318,8.838052102678905,0.010010822510822512,ppf024_xy52_0
389,407,100.28828828828829,2.408123162181628,0.992025777678038,8.007116264575275,0.009971254042400287,ppf024_xy52_0
390,418,100.48648648648648,3.077143774412968,0.9334501634468019,7.103459921255531,0.009951586874663798,ppf024_xy52_0
391,429,101.27927927927928,3.7265181277762798,0.8724172385599961,6.253873322325539,0.009873687955879737,ppf024_xy52_0
392,0,69.96396396396396,5.205185468045337,0.5745586730598922,1.6988046980725713,0.014293072366726759,ppf024_xy53_0
393,11,69.36936936936937,6.1578340108527945,0.6416200538711381,2.1005057829433396,0.014415584415584416,ppf024_xy53_0
394,22,68.97297297297297,0.8456925202819212,0.7065059350405172,2.5322749065424053,0.014498432601880879,ppf024_xy53_0
395,33,68.97297297297297,1.8394612368121408,0.7643245566261146,2.9637041512712354,0.014498432601880879,ppf024_xy53_0
396,44,68.77477477477478,2.827769765613656,0.8172593051584455,3.3786966511990295,0.014540214828399265,ppf024_xy53_0
397,55,68.97297297297297,3.8298527308069636,0.8627539845229154,3.7761841913321463,0.014498432601880879,ppf024_xy53_0
398,66,69.17117117117118,4.826951292201899,0.9014134141120829,4.134028235923963,0.014456889815056002,ppf024_xy53_0
399,77,69.56756756756756,5.821412674832203,0.9301032134840349,4.42659087666537,0.014374514374514376,ppf024_xy53_0
400,88,70.16216216216216,0.5275143032836827,0.9497784147543024,4.65530169101197,0.014252696456086287,ppf024_xy53_0
401,99,70.95495495495496,1.5063919627294053,0.9628019963736962,4.837900914493342,0.01409344845099035,ppf024_xy53_0
402,110,71.94594594594594,2.4697156057843594,0.9698666878563976,4.977722584274212,0.013899323816679191,ppf024_xy53_0
403,121,73.13513513513513,3.4140702303796333,0.9711510108533412,5.073409031421275,0.013673318551367332,ppf024_xy53_0
404,132,74.72072072072072,4.338286304718231,0.9672792851610367,5.142154284778106,0.013383168555582348,ppf024_xy53_0
405,143,76.5045045045045,5.2424567934057364,0.9636777910447551,5.225778331409379,0.013071125765426284,ppf024_xy53_0
406,154,78.68468468468468,6.125658729208235,0.9654233269787275,5.394187789711009,0.012708953514998855,ppf024_xy53_0
407,165,81.06306306306305,0.7091105677777602,0.97546718287305,5.673468042292377,0.012336074683262949,ppf024_xy53_0
408,176,84.03603603603604,1.566374876639322,0.9925808426985278,6.08972403955806,0.011899656946826757,ppf024_xy53_0
409,187,87.4054054054054,2.4176336436115995,1.0163005524539068,6.640226464412217,0.011440940012368584,ppf024_xy53_0
410,198,90.37837837837839,3.2560377182343005,1.052488313440732,7.3637559313863115,0.011064593301435405,ppf024_xy53_0
411,209,92.75675675675676,4.064949766430198,1.0967640616136842,8.20676984285594,0.01078088578088578,ppf024_xy53_0
412,220,94.14414414414415,4.824368191206022,1.1576550547148492,9.280084544906604,0.01062200956937799,ppf024_xy53_0
413,231,94.73873873873875,5.555257146171407,1.202617889213792,10.078205151781075,0.010555344237352604,ppf024_xy53_0
414,242,95.92792792792793,0.009822588641543171,1.2371833551386044,10.799744397161733,0.010424492862509393,ppf024_xy53_0
415,253,96.72072072072072,0.7301686117158678,1.2716151730668792,11.503531950939694,0.010339046199701937,ppf024_xy53_0
416,264,97.11711711711712,1.4335873027243964,1.3030010232821192,12.12789901276667,0.010296846011131726,ppf024_xy53_0
417,275,97.51351351351352,2.137252843429535,1.3172041445539038,12.444322521543944,0.010254988913525498,ppf024_xy53_0
418,286,98.50450450450451,2.841028737934228,1.3244095120791786,12.708694783349237,0.01015182001097494,ppf024_xy53_0
419,297,99.0990990990991,3.5325752482605686,1.3319591384663851,12.931585823598502,0.01009090909090909,ppf024_xy53_0
420,308,99.29729729729729,4.219790058690766,1.3205126343073688,12.735700160894462,0.010070767555797496,ppf024_xy53_0
421,319,100.09009009009009,4.904901499664907,1.2961789276581854,12.368620656617956,0.009990999099909992,ppf024_xy53_0
422,330,100.68468468468468,5.583319988231425,1.272386304792823,11.989516305222343,0.009931997136721547,ppf024_xy53_0
423,341,100.88288288288288,6.256342040602065,1.2364455632834528,11.34404032951921,0.009912484372209323,ppf024_xy53_0
424,352,101.27927927927928,0.644875434280492,1.1841383608282579,10.445416932149785,0.009873687955879737,ppf024_xy53_0
425,363,102.46846846846847,1.301958008681872,1.129135932436863,9.609105858825277,0.009759099701072622,ppf024_xy53_0
426,374,103.06306306306307,1.9536706057154758,1.0798568131652628,8.839662166854183,0.009702797202797202,ppf024_xy53_0
427,385,103.06306306306307,2.611647571733836,1.0195896243946532,7.880506592901027,0.009702797202797202,ppf024_xy53_0
428,396,103.65765765765765,3.255879974973341,0.9502076630261542,6.883966120611548,0.009647140622284027,ppf024_xy53_0
429,407,105.24324324324324,3.867254338640979,0.8791056119932925,5.982415933156332,0.009501797637390858,ppf024_xy53_0
430,0,88.0,5.093921549298164,0.7070396904649923,3.3433280400529224,0.011363636363636364,ppf024_xy56_0
431,11,87.009009009009,5.835145270863844,0.7721384293819757,3.9424236223540197,0.011493062745910127,ppf024_xy56_0
432,22,86.21621621621621,0.30956991125503797,0.8315259115597755,4.530532637906681,0.011598746081504702,ppf024_xy56_0
433,33,85.42342342342343,1.0787337276133977,0.8860195550233907,5.096503383661833,0.011706391056739084,ppf024_xy56_0
434,44,84.63063063063063,1.8624505274886605,0.9391046124851523,5.672366123830914,0.011816052799659357,ppf024_xy56_0
435,55,84.23423423423424,2.6615875168301164,0.986853354786774,6.234514023225494,0.011871657754010695,ppf024_xy56_0
436,66,84.23423423423424,3.4703795275621285,1.025587377205227,6.733528403420275,0.011871657754010695,ppf024_xy56_0
437,77,83.83783783783784,4.277140386989386,1.0573976833389873,7.1240262153957605,0.011927788523533205,ppf024_xy56_0
438,88,83.63963963963964,5.092667064958667,1.0824587386916762,7.44806717717088,0.011956053425247738,ppf024_xy56_0
439,99,83.63963963963964,5.912081630770228,1.103331070070239,7.738068675216016,0.011956053425247738,ppf024_xy56_0
440,110,83.63963963963964,0.4465986554757436,1.1184979239287993,7.952272398437294,0.011956053425247738,ppf024_xy56_0
441,121,83.83783783783784,1.2660592096205878,1.1248078341154675,8.061307073964784,0.011927788523533205,ppf024_xy56_0
442,132,83.83783783783784,2.087084814877997,1.1295653859031707,8.129644425123546,0.011927788523533205,ppf024_xy56_0
443,143,84.03603603603604,2.9068314262174204,1.133091220569799,8.19981469706119,0.011899656946826757,ppf024_xy56_0
444,154,84.63063063063063,3.7201299305038575,1.1331085645717653,8.25808505780683,0.011816052799659357,ppf024_xy56_0
445,165,85.22522522522522,4.529741044000503,1.1297985942047426,8.267590318582053,0.011733615221987317,ppf024_xy56_0
446,176,85.62162162162161,5.337267432728857,1.1283346203511209,8.284532510906393,0.01167929292929293,ppf024_xy56_0
447,187,86.21621621621621,6.139511123798065,1.1280207870553822,8.33742413374417,0.011598746081504702,ppf024_xy56_0
448,198,87.2072072072072,0.648817846390711,1.1317834097681645,8.489610315403478,0.011466942148760331,ppf024_xy56_0
449,209,88.1981981981982,1.4323748958063434,1.1371968273866682,8.668415543463876,0.011338100102145046,ppf024_xy56_0
450,220,88.990990990991,2.210426922129893,1.145015230143496,8.867012081011502,0.011237092528851994,ppf024_xy56_0
451,231,89.98198198198199,2.9867941307299377,1.1482568901875425,9.01659173345924,0.011113336003203843,ppf024_xy56_0
452,242,91.17117117117117,3.7629608591404478,1.1599221153077879,9.322318181381162,0.010968379446640317,ppf024_xy56_0
453,253,91.96396396396396,4.519575743133802,1.1792954102488677,9.720120067303345,0.010873824451410658,ppf024_xy56_0
454,264,92.75675675675676,5.267736278872545,1.1963850513878886,10.090117912824354,0.01078088578088578,ppf024_xy56_0
455,275,93.74774774774775,6.0144061233231465,1.205744486761847,10.358101031489092,0.010666922929079376,ppf024_xy56_0
456,286,94.93693693693693,0.47439214417892117,1.2191396531745118,10.72385319768833,0.010533308028088823,ppf024_xy56_0
457,297,95.72972972972973,1.197922931929694,1.2327985584227517,11.057063377265422,0.010446075663466968,ppf024_xy56_0
458,308,96.12612612612612,1.911879300093513,1.235770842015706,11.156450906544423,0.010402999062792878,ppf024_xy56_0
459,319,96.72072072072072,2.62361573217469,1.2309827156832966,11.138639913870353,0.010339046199701937,ppf024_xy56_0
460,330,97.71171171171171,3.3335758144318097,1.223425232671725,11.115019232829448,0.010234187718974736,ppf024_xy56_0
461,341,97.90990990990991,4.0308153240378015,1.210742811532114,10.907850569977015,0.01021347073978653,ppf024_xy56_0
462,352,98.10810810810811,4.7250303031371725,1.1900771669785535,10.559998998393343,0.010192837465564738,ppf024_xy56_0
463,363,98.70270270270271,5.417339405863697,1.154590482646896,9.999855437993476,0.01013143483023001,ppf024_xy56_0
464,374,99.49549549549549,6.1002500724174915,1.1190265162873143,9.468755551772006,0.010050706265845708,ppf024_xy56_0
465,385,99.69369369369369,0.4984430979370842,1.0783469940792294,8.810356492899043,0.010030724742454365,ppf024_xy56_0
466,396,99.89189189189189,1.1791235775911337,1.02448921593867,7.968081203488453,0.010010822510822512,ppf024_xy56_0
467,407,100.48648648648648,1.8499112537208824,0.9696697261118964,7.180655067967762,0.009951586874663798,ppf024_xy56_0
468,418,101.27927927927928,2.5079228924476005,0.9149658815060184,6.443756669871922,0.009873687955879737,ppf024_xy56_0
469,429,101.67567567567568,3.1661352629044117,0.8568525928141938,5.673329766616584,0.009835194045720362,ppf024_xy56_0
470,22,31.90990990990991,1.9375996924245618,0.6814727855824774,1.1176524767127485,0.031338226990400904,ppf024_xy57_0
471,33,72.14414414414415,1.1360732508970681,0.46142785545845355,1.1584915627219832,0.01386113886113886,ppf024_xy57_0
472,44,70.75675675675676,2.0212651078165775,0.5046358297951257,1.3589649517012643,0.014132925897631779,ppf024_xy57_0
473,55,69.17117117117118,2.917197140554598,0.5522489467245324,1.5910326575278047,0.014456889815056002,ppf024_xy57_0
474,66,67.58558558558559,3.8352855431430433,0.6046011898688864,1.8632719613134432,0.0147960543854972,ppf024_xy57_0
475,77,66.0,4.77762791630472,0.6622547070071916,2.1831230528764363,0.015151515151515152,ppf024_xy57_0
476,88,64.61261261261262,5.757411321831835,0.7233642329804885,2.549855307329469,0.015476854433909646,ppf024_xy57_0
477,99,63.22522522522522,0.4830262983129163,0.7858859753984868,2.9450565263040045,0.015816471929324595,ppf024_xy57_0
478,110,62.432432432432435,1.5427509548202245,0.8410248605360471,3.330520381543773,0.016017316017316017,ppf024_xy57_0
479,121,62.234234234234236,2.6354646893964455,0.8839522105856451,3.667508213846891,0.016068326577880716,ppf024_xy57_0
480,132,62.432432432432435,3.7382672252801847,0.9141419050485511,3.934790952151089,0.016017316017316017,ppf024_xy57_0
481,143,63.027027027027025,4.838732551707123,0.9322880796601505,4.131533297608702,0.015866209262435677,ppf024_xy57_0
482,154,63.62162162162162,5.926269175320938,0.9435014150742532,4.271437132579015,0.015717926932880204,ppf024_xy57_0
483,165,64.61261261261262,0.7166864705066978,0.9474773430053857,4.374607988502023,0.015476854433909646,ppf024_xy57_0
484,176,65.6036036036036,1.773158407517644,0.9495902005685279,4.461535128565327,0.01524306509200769,ppf024_xy57_0
485,187,66.5945945945946,2.8124007185445263,0.9517343102239166,4.5494050359974185,0.015016233766233766,ppf024_xy57_0
486,198,67.78378378378378,3.83400518139728,0.9537349564998546,4.6501330833166685,0.014752791068580543,ppf024_xy57_0
487,209,68.97297297297297,4.8382809039125245,0.957753312044423,4.771670467750614,0.014498432601880879,ppf024_xy57_0
488,220,70.16216216216216,5.8255785439052925,0.9639416831610526,4.916869230300943,0.014252696456086287,ppf024_xy57_0
489,231,71.54954954954955,0.5140606537704285,0.9706231354287874,5.083845621886019,0.013976328380760513,ppf024_xy57_0
490,242,72.73873873873873,1.4702507421334734,0.9796866795051511,5.265314841812342,0.013747832548922468,ppf024_xy57_0
491,253,73.72972972972974,2.4118381911017885,0.9901273999053135,5.451411580673976,0.013563049853372432,ppf024_xy57_0
492,264,74.72072072072072,3.3412734518347387,0.9996404857970825,5.631354903281341,0.013383168555582348,ppf024_xy57_0
493,275,75.51351351351352,4.259357885192454,1.009030481184827,5.798523503447159,0.013242662848962061,ppf024_xy57_0
494,286,76.30630630630631,5.168554377554032,1.0167594725943354,5.949508077621912,0.013105076741440376,ppf024_xy57_0
495,297,76.9009009009009,6.069450938991951,1.0244055711434454,6.08638560236949,0.013003748828491098,ppf024_xy57_0
496,308,77.4954954954955,0.6805577914152362,1.031003152145679,6.212703366853209,0.012903975819576842,ppf024_xy57_0
497,319,78.09009009009009,1.568755901188143,1.0370952499773298,6.334573603872334,0.01280572219658514,ppf024_xy57_0
498,330,78.68468468468468,2.451054941058202,1.0432269036939794,6.458504082383264,0.012708953514998855,ppf024_xy57_0
499,341,79.08108108108108,3.326879331265397,1.051222157825789,6.590916099002645,0.012645249487354751,ppf024_xy57_0
500,352,79.87387387387388,4.197277264516995,1.0574726104233063,6.736389276661342,0.012519738326189939,ppf024_xy57_0
501,363,80.46846846846847,5.060255478017007,1.0661976527366186,6.898987409437629,0.012427227944469323,ppf024_xy57_0
502,374,81.06306306306305,5.915560907377541,1.076096037480219,7.079608581635153,0.012336074683262949,ppf024_xy57_0
503,385,82.05405405405406,0.48027102224982166,1.0845756890062632,7.279540164289849,0.012187088274044794,ppf024_xy57_0
504,396,82.84684684684684,1.3180632703599098,1.0954504574870996,7.498003495407495,0.012070465419747716,ppf024_xy57_0
505,407,83.83783783783784,2.1458201206120227,1.1059303645447864,7.733566183070199,0.011927788523533205,ppf024_xy57_0
506,418,85.02702702702703,2.9623315140026243,1.116058846349208,7.98758247123012,0.011760966306420852,ppf024_xy57_0
507,429,86.41441441441441,3.766439220506113,1.12613110911901,8.265103106895296,0.011572143452877399,ppf024_xy57_0
508,440,88.0,4.557235562916536,1.1369004954528328,8.57850791363565,0.011363636363636364,ppf024_xy57_0
509,451,89.98198198198199,5.335464759632944,1.1484312602458284,8.95055031792953,0.011113336003203843,ppf024_xy57_0
510,462,92.36036036036036,6.103025162815631,1.1623897365803615,9.41181375651944,0.010827155676941085,ppf024_xy57_0
511,473,94.73873873873875,0.5755297302424449,1.1826919229608743,9.994361016210021,0.010555344237352604,ppf024_xy57_0
512,484,97.31531531531532,1.3227735671617717,1.2082409824936235,10.714514374589173,0.010275874837992964,ppf024_xy57_0
513,495,99.69369369369369,2.056606913606212,1.2399646178299268,11.560335689619707,0.010030724742454365,ppf024_xy57_0
514,506,101.67567567567568,2.772441193255683,1.2767349057444888,12.499789629494764,0.009835194045720362,ppf024_xy57_0
515,517,103.26126126126127,3.4700779399458854,1.3163337625844078,13.494401860363668,0.009684173791659395,ppf024_xy57_0
516,528,104.45045045045045,4.150811809124642,1.3573076506618031,14.512795777881898,0.009573917543557013,ppf024_xy57_0
517,539,105.63963963963964,4.822943023702944,1.3961232222073912,15.529539778723661,0.009466143612485076,ppf024_xy57_0
518,550,106.43243243243244,5.481315037579629,1.434512530132884,16.518357169657023,0.009395632300660234,ppf024_xy57_0
519,561,107.22522522522523,6.133441261915563,1.4693750275942992,17.460088833781843,0.009326163669971433,ppf024_xy57_0
520,572,107.81981981981983,0.4943028089541645,1.5015690632865075,18.33468269179125,0.009274732620320855,ppf024_xy57_0
521,583,108.41441441441441,1.1334872586204692,1.5290991141305554,19.11800075281012,0.00922386571381087,ppf024_xy57_0
522,594,109.009009009009,1.7682017040836573,1.5517607539371423,19.79684996594151,0.009173553719008265,ppf024_xy57_0
523,605,109.4054054054054,2.397547798972759,1.570550103658278,20.352911490927752,0.009140316205533598,ppf024_xy57_0
524,616,109.8018018018018,3.0235448593536507,1.5836829585411152,20.769695346190503,0.009107318674105677,ppf024_xy57_0
525,627,110.1981981981982,3.6464040141639775,1.5907245400322803,21.030453027622208,0.00907455853499019,ppf024_xy57_0
526,638,110.3963963963964,4.266509784292847,1.5931352081857122,21.13218193446309,0.009058266688428268,ppf024_xy57_0
527,649,110.7927927927928,4.884038847482691,1.5878137626213051,21.066617326197974,0.009025857863067165,ppf024_xy57_0
528,660,110.990990990991,5.499821528441492,1.57741085847365,20.828670695670993,0.00900974025974026,ppf024_xy57_0
529,671,111.1891891891892,6.1138830870220495,1.5603535458752809,20.417039092340172,0.00899368011667477,ppf024_xy57_0
530,682,111.38738738738739,0.44321379079911366,1.5368381824141055,19.841590128265434,0.008977677127143318,ppf024_xy57_0
531,693,111.58558558558559,1.0541670161742707,1.5069772783831743,19.11197981056372,0.008961730986597772,ppf024_xy57_0
532,704,111.78378378378379,1.6635397061133805,1.470897570718865,18.240126250918074,0.008945841392649903,ppf024_xy57_0
533,715,111.98198198198199,2.271547888895543,1.4287366461424602,17.23997735057268,0.008930008045052293,ppf024_xy57_0
534,726,112.18018018018019,2.8782181057817273,1.3810365496784127,16.136548618977695,0.008914230645679408,ppf024_xy57_0
535,737,112.37837837837839,3.4834666895983375,1.3282118005176122,14.952079666653768,0.008898508898508899,ppf024_xy57_0
536,748,112.57657657657657,4.087283544375433,1.2708871697143076,13.71343337551403,0.008882842509603073,ppf024_xy57_0
537,759,112.97297297297297,4.683725773639445,1.208498370535967,12.443738288708554,0.008851674641148326,ppf024_xy57_0
538,770,113.36936936936937,5.277632465812282,1.1430080840409382,11.170651614157105,0.008820724729815639,ppf024_xy57_0
539,781,113.96396396396396,5.861552688910226,1.0744322575855572,9.922241576974042,0.008774703557312254,ppf024_xy57_0
540,792,114.55855855855856,0.15800029998667828,1.004446314855859,8.71696239720594,0.008729160113243158,ppf024_xy57_0
541,803,115.15315315315316,0.7334566696382842,0.9338303067440209,7.573487902892448,0.00868408699734001,ppf024_xy57_0
542,0,136.55855855855856,4.957596617125617,0.41936169592792694,1.5481922154814125,0.007322865813431851,ppf024_xy58_0
543,11,135.36936936936937,5.4137896597480015,0.45465791356818497,1.8039244735340585,0.007387195527751897,ppf024_xy58_0
544,22,132.3963963963964,5.848587377431413,0.47918323322148976,1.9597822831644967,0.007553075666848122,ppf024_xy58_0
545,33,126.05405405405405,6.2599603442791185,0.5181887818196459,2.182032761542169,0.007933104631217838,ppf024_xy58_0
546,44,121.29729729729729,0.44661402481984086,0.6037562469139627,2.8503804750756454,0.00824420677361854,ppf024_xy58_0
547,55,120.70270270270271,0.9900137853883838,0.6837335341409626,3.6376356014764486,0.008284818629646215,ppf024_xy58_0
548,66,120.10810810810811,1.5233052704049288,0.7381625439433164,4.218953808379078,0.008325832583258325,ppf024_xy58_0
549,77,118.12612612612612,2.0417694784267404,0.7800315900004194,4.633389177716992,0.008465527760829775,ppf024_xy58_0
550,88,113.76576576576576,2.547992754559118,0.8462958708664209,5.252722695872805,0.008789990497307571,ppf024_xy58_0
551,99,111.98198198198199,3.1069075440244096,0.8976103142411312,5.8163730588573745,0.008930008045052293,ppf024_xy58_0
552,110,111.98198198198199,3.703506488409737,0.9721578171891788,6.822603472059571,0.008930008045052293,ppf024_xy58_0
553,121,111.38738738738739,4.293495206853185,1.015804671843681,7.409431119082966,0.008977677127143318,ppf024_xy58_0
554,132,108.8108108108108,4.8814399841668825,1.0606983073439735,7.891948340191293,0.009190263288623945,ppf024_xy58_0
555,143,107.02702702702703,5.496924140944435,1.1156493302954649,8.587708920561553,0.009343434343434343,ppf024_xy58_0
556,154,107.02702702702703,6.132775994227265,1.1797935725866924,9.603597484502577,0.009343434343434343,ppf024_xy58_0
557,165,107.62162162162163,0.478302888667045,1.2225926438562895,10.370304867818527,0.009291813159216473,ppf024_xy58_0
558,176,105.63963963963964,1.0680155847716875,1.284658304013743,11.23907589011333,0.009466143612485076,ppf024_xy58_0
559,187,105.44144144144144,1.7095225418770326,1.2922010612993802,11.350107026836806,0.009483937115516063,ppf024_xy58_0
560,198,105.63963963963964,2.3545451110570594,1.288583901624406,11.307868501121881,0.009466143612485076,ppf024_xy58_0
561,209,105.63963963963964,2.996905727806625,1.270561948805225,10.993779858324517,0.009466143612485076,ppf024_xy58_0
562,220,105.83783783783784,3.6475337277235473,1.221473611320006,10.179760784069801,0.009448416751787538,ppf024_xy58_0
563,231,106.82882882882883,4.297309399743752,1.1858657146201306,9.684739174820356,0.009360769101028841,ppf024_xy58_0
564,242,107.22522522522523,4.9330224822274085,1.162465062302601,9.34082468467688,0.009326163669971433,ppf024_xy58_0
565,253,106.82882882882883,5.566608049740078,1.128083196397043,8.763935309136565,0.009360769101028841,ppf024_xy58_0
566,264,106.43243243243244,6.205226663330626,1.067920140274583,7.82492128739714,0.009395632300660234,ppf024_xy58_0
567,275,107.02702702702703,0.5644930762119877,0.9956770540417538,6.8400439910816155,0.009343434343434343,ppf024_xy58_0
568,286,108.41441441441441,1.1878322591922017,0.9457676977474541,6.251502621500613,0.00922386571381087,ppf024_xy58_0
569,297,108.41441441441441,1.8081192131273087,0.9052086429827837,5.726810966757422,0.00922386571381087,ppf024_xy58_0
570,308,106.82882882882883,2.458247983175428,0.8448616252011548,4.91573057189705,0.009360769101028841,ppf024_xy58_0
571,319,105.44144144144144,3.1254289380145095,0.7540050473185189,3.8644551921854013,0.009483937115516063,ppf024_xy58_0
572,0,64.41441441441441,4.741555079998431,0.49893417607223095,1.2349542630218322,0.015524475524475525,ppf024_xy59_0
573,11,63.81981981981982,5.777487211003379,0.5535582421031802,1.5061336814458683,0.015669113495200452,ppf024_xy59_0
574,22,63.62162162162162,0.5615071445632391,0.6030920218958277,1.7821867280367785,0.015717926932880204,ppf024_xy59_0
575,33,63.62162162162162,1.6408110312726343,0.6469120079951881,2.050578802434789,0.015717926932880204,ppf024_xy59_0
576,44,63.62162162162162,2.7203334256734197,0.6854835755462854,2.3023966525641124,0.015717926932880204,ppf024_xy59_0
577,55,63.81981981981982,3.8031860466603304,0.7178156143929875,2.5325771257727,0.015669113495200452,ppf024_xy59_0
578,66,64.41441441441441,4.8875743321246,0.7434301670312796,2.7418565346950228,0.015524475524475525,ppf024_xy59_0
579,77,65.00900900900902,5.9605374945840754,0.765682158863661,2.935296016362382,0.015382483370288245,ppf024_xy59_0
580,88,65.8018018018018,0.7394915558751133,0.7850034616990045,3.1229298835259134,0.015197152245345017,ppf024_xy59_0
581,99,66.990990990991,1.7898732674236988,0.8020409170333542,3.3188739324894394,0.014927380311995695,ppf024_xy59_0
582,110,68.18018018018017,2.8222429547629373,0.8209632285373155,3.5390513087445052,0.014667019027484145,ppf024_xy59_0
583,121,69.56756756756756,3.8382783472674045,0.8420580403136927,3.7990252189951885,0.014374514374514376,ppf024_xy59_0
584,132,71.15315315315316,4.838205328231421,0.8661799082079541,4.111418312542477,0.014054190934413775,ppf024_xy59_0
585,143,72.73873873873873,5.8191531872852424,0.8946250516934642,4.483623955503051,0.013747832548922468,ppf024_xy59_0
586,154,74.32432432432432,0.49749284760280377,0.9265593402498657,4.914267019625212,0.013454545454545455,ppf024_xy59_0
587,165,75.90990990990991,1.4396362813980617,0.9603984984299887,5.392407756437281,0.013173510562544505,ppf024_xy59_0
588,176,77.4954954954955,2.363017367616301,0.9941310092632337,5.898546463182077,0.012903975819576842,ppf024_xy59_0
589,187,78.88288288288288,3.2649612492039775,1.0270483888441653,6.40834507287189,0.01267702147099132,ppf024_xy59_0
590,198,79.87387387387388,4.144454973860717,1.0591585614849406,6.900936231906626,0.012519738326189939,ppf024_xy59_0
591,209,80.86486486486487,5.011297034899753,1.0872487232445558,7.362053714353137,0.012366310160427807,ppf024_xy59_0
592,220,81.85585585585585,5.866825791614517,1.1112424330713948,7.7848220746653904,0.012216596962359674,ppf024_xy59_0
593,231,82.64864864864865,0.42686539766827525,1.1328421039495447,8.168754135888053,0.01209941137998692,ppf024_xy59_0
594,242,83.44144144144144,1.2612491222975621,1.1512181030010193,8.516836742729728,0.011984452602029799,ppf024_xy59_0
595,253,84.23423423423424,2.087172353339342,1.166979874420677,8.834798905504487,0.011871657754010695,ppf024_xy59_0
596,264,85.02702702702703,2.904832226702008,1.1807351117768812,9.129421411866618,0.011760966306420852,ppf024_xy59_0
597,275,85.81981981981983,3.7142564240288545,1.1930952717520948,9.40847318667044,0.011652319966407726,ppf024_xy59_0
598,286,86.61261261261261,4.51536393789569,1.204562066186431,9.678784217753362,0.01154566257541086,ppf024_xy59_0
599,297,87.6036036036036,5.308634029392838,1.2141530538352199,9.946038784108957,0.011415055532702592,ppf024_xy59_0
600,308,88.3963963963964,6.092439621670566,1.2249698867401468,10.215666110496374,0.011312678353037097,ppf024_xy59_0
601,319,89.38738738738739,0.5846529005489983,1.2344614173623556,10.49089618542875,0.011187260632936907,ppf024_xy59_0
602,330,90.57657657657657,1.3512928416091612,1.242868166283049,10.775745733144683,0.0110403819375373,ppf024_xy59_0
603,341,91.56756756756756,2.107883369295682,1.2530385621273186,11.07265719875132,0.010920897284533649,ppf024_xy59_0
604,352,92.75675675675676,2.8551956979329725,1.2624641258793952,11.385836713648406,0.01078088578088578,ppf024_xy59_0
605,363,94.14414414414415,3.5930838921699,1.2712715996503274,11.717940958193013,0.01062200956937799,ppf024_xy59_0
606,374,95.53153153153153,4.321243656156636,1.2810741226548854,12.074705899152553,0.01046774801961524,ppf024_xy59_0
607,385,96.91891891891892,5.039574099148869,1.292427810035003,12.46816250403736,0.010317902955939765,ppf024_xy59_0
608,396,98.30630630630631,5.748216455761997,1.3051439340675273,12.896726829376359,0.010172287390029325,ppf024_xy59_0
609,407,99.69369369369369,0.16454839223664106,1.319302440179582,13.364038634253848,0.010030724742454365,ppf024_xy59_0
610,418,101.08108108108108,0.8554172169865264,1.3344966091292119,13.863922797965262,0.009893048128342246,ppf024_xy59_0
611,429,102.46846846846847,1.537729884762422,1.3502722562495582,14.3884574852014,0.009759099701072622,ppf024_xy59_0
612,440,103.65765765765765,2.21092107110659,1.3671443409267132,14.921463918328254,0.009647140622284027,ppf024_xy59_0
613,451,104.64864864864865,2.8751385661548845,1.384924774749504,15.458498113087359,0.009555785123966943,ppf024_xy59_0
614,462,105.63963963963964,3.532334148906727,1.4007251949777655,15.96298464390318,0.009466143612485076,ppf024_xy59_0
615,473,106.43243243243244,4.182202332290563,1.415577956872236,16.42566171105227,0.009395632300660234,ppf024_xy59_0
616,484,107.42342342342343,4.82673407193789,1.4265808574941696,16.837324301593785,0.009308956725930895,ppf024_xy59_0
617,495,108.01801801801803,5.463745455906893,1.4369380387377912,17.177248220937596,0.009257714762301918,ppf024_xy59_0
618,506,108.61261261261261,6.096048878586931,1.4427236875946954,17.41116732738253,0.009207033842070339,ppf024_xy59_0
619,517,109.4054054054054,0.44055242651703697,1.4428936182299,17.542387856338287,0.009140316205533598,ppf024_xy59_0
620,528,109.8018018018018,1.064069149642117,1.4415549170067492,17.573293169686853,0.009107318674105677,ppf024_xy59_0
621,539,110.3963963963964,1.6827436846829724,1.4337129925081364,17.476748758413542,0.009058266688428268,ppf024_xy59_0
622,550,110.7927927927928,2.298680620370647,1.4213971220922816,17.239460769390217,0.009025857863067165,ppf024_xy59_0
623,561,111.1891891891892,2.9115943250654586,1.4037755863498098,16.874823440347924,0.00899368011667477,ppf024_xy59_0
624,572,111.58558558558559,3.521506541405161,1.3816366313468753,16.405031898684417,0.008961730986597772,ppf024_xy59_0
625,583,111.98198198198199,4.1279496926692225,1.3536012525384002,15.801959666351147,0.008930008045052293,ppf024_xy59_0
626,594,112.37837837837839,4.731461096017606,1.3199886044348221,15.080107197426374,0.008898508898508899,ppf024_xy59_0
627,605,112.77477477477477,5.3326353813863765,1.2814402126928173,14.262313196402566,0.00886723118709059,ppf024_xy59_0
628,616,113.17117117117117,5.93086290683394,1.2387897527198826,13.375570742864072,0.008836172583983443,ppf024_xy59_0
629,627,113.56756756756756,0.24265205325331385,1.191992944892073,12.427477852290766,0.008805330794859591,ppf024_xy59_0
630,638,113.96396396396396,0.8347103596455594,1.1408380501407196,11.423438450620546,0.008774703557312254,ppf024_xy59_0
631,649,114.55855855855856,1.4191044064011689,1.0852011536163415,10.390329924627581,0.008729160113243158,ppf024_xy59_0
632,660,115.15315315315316,1.999203825848923,1.0279642702042655,9.37158779231293,0.00868408699734001,ppf024_xy59_0
633,671,115.74774774774775,2.5747049299276736,0.9692570198497148,8.374748298303611,0.00863947696139477,ppf024_xy59_0
634,682,116.34234234234235,3.1455925634383717,0.9087253314876279,7.3991933538444,0.008595322905374013,ppf024_xy59_0
635,693,117.13513513513513,3.7048171148332485,0.8464618943831225,6.463731546911197,0.00853714813105676,ppf024_xy59_0
636,0,110.5945945945946,5.949136764369498,0.546651434871226,2.277833372438906,0.009042033235581623,ppf024_xy60_0
637,11,109.2072072072072,0.22172293204957702,0.5980417871551446,2.6920394996257757,0.009156904801187924,ppf024_xy60_0
638,22,106.43243243243244,0.7520842124329038,0.655590994252789,3.1528768786883656,0.009395632300660234,ppf024_xy60_0
639,33,104.64864864864865,1.3500931394482514,0.7381516957246496,3.929994420991953,0.009555785123966943,ppf024_xy60_0
640,44,104.45045045045045,1.993719720661017,0.8061839657017904,4.678920814471277,0.009573917543557013,ppf024_xy60_0
641,55,104.45045045045045,2.6410361572364676,0.8625799711030964,5.356438493659701,0.009573917543557013,ppf024_xy60_0
642,66,104.25225225225225,3.2839630289841035,0.9110173920202407,5.963563500977224,0.009592118907708261,ppf024_xy60_0
643,77,103.26126126126127,3.9261730891984246,0.9669894674155425,6.654998753851939,0.009684173791659395,ppf024_xy60_0
644,88,103.06306306306307,4.588092317522402,1.0349981403825188,7.609379610389976,0.009702797202797202,ppf024_xy60_0
645,99,103.85585585585585,5.2530686528109625,1.0995976027078305,8.654971127572729,0.009628730048577377,ppf024_xy60_0
646,110,104.84684684684684,5.9112710506290105,1.1430382874910918,9.441565177916967,0.009537721257948101,ppf024_xy60_0
647,121,104.84684684684684,0.27742472064910345,1.1754338529840198,9.984327743638573,0.009537721257948101,ppf024_xy60_0
648,132,104.64864864864865,0.9333408154046856,1.2100644533370852,10.561307729061722,0.009555785123966943,ppf024_xy60_0
649,143,104.64864864864865,1.5905780756269354,1.2600877183003478,11.45255134702872,0.009555785123966943,ppf024_xy60_0
650,154,105.24324324324324,2.239374139477389,1.3011867943018316,12.28119374762666,0.009501797637390858,ppf024_xy60_0
651,165,106.03603603603604,2.880567776883806,1.3252186352236288,12.834992475086118,0.009430756159728122,ppf024_xy60_0
652,176,106.43243243243244,3.5219668046338763,1.3361917325378394,13.09720466339339,0.009395632300660234,ppf024_xy60_0
653,187,106.63063063063063,4.1651548201263076,1.3499365827023793,13.392935485553132,0.009378168300101386,ppf024_xy60_0
654,198,107.22522522522523,4.815265628268329,1.3265223594246596,13.004485725180997,0.009326163669971433,ppf024_xy60_0
655,209,107.02702702702703,5.447522559130382,1.3286510684130204,13.022141489412556,0.009343434343434343,ppf024_xy60_0
656,220,107.42342342342343,6.086298022859957,1.3190286210315876,12.881738916112981,0.009308956725930895,ppf024_xy60_0
657,231,107.22522522522523,0.43454594615185704,1.2948096750129559,12.39013118310155,0.009326163669971433,ppf024_xy60_0
658,242,107.22522522522523,1.0711617743012414,1.2371084090126288,11.31044131605214,0.009326163669971433,ppf024_xy60_0
659,253,107.81981981981983,1.7120125868283131,1.1988509701177321,10.680610205676647,0.009274732620320855,ppf024_xy60_0
660,264,108.8108108108108,2.3409855060542237,1.1698366827829425,10.263360487137273,0.009190263288623945,ppf024_xy60_0
661,275,108.8108108108108,2.9642015747719586,1.1409115389762856,9.762095620173742,0.009190263288623945,ppf024_xy60_0
662,286,108.41441441441441,3.5881716205341814,1.0901566859905576,8.880387962631145,0.00922386571381087,ppf024_xy60_0
663,297,108.61261261261261,4.217371528072897,1.0149713499639894,7.711784642476541,0.009207033842070339,ppf024_xy60_0
664,308,110.1981981981982,4.8277392498494365,0.9578875804954778,6.969002883848084,0.00907455853499019,ppf024_xy60_0
665,319,111.58558558558559,5.41930022047163,0.9162615702180436,6.456752007068005,0.008961730986597772,ppf024_xy60_0
666,330,111.98198198198199,6.012626836006295,0.8705939961493959,5.849874529061333,0.008930008045052293,ppf024_xy60_0
667,341,111.58558558558559,0.34191249787033473,0.8053531931501668,4.988246798989015,0.008961730986597772,ppf024_xy60_0
668,352,113.36936936936937,0.9148569630198188,0.7156577205884964,4.001967139301795,0.008820724729815639,ppf024_xy60_0
669,0,64.61261261261262,5.323821307115203,0.515407279659045,1.6848669160562166,0.015476854433909646,ppf024_xy63_0
670,11,64.41441441441441,0.0927003523148749,0.57916803504258,2.1209939817614436,0.015524475524475525,ppf024_xy63_0
671,22,64.01801801801801,1.1419638294004786,0.6422071352691883,2.591789232787611,0.01562060230790881,ppf024_xy63_0
672,33,64.21621621621622,2.2204362128568973,0.7017870045475877,3.1045778873720753,0.015572390572390571,ppf024_xy63_0
673,44,64.61261261261262,3.300450615799223,0.7528537463041659,3.5948910909992065,0.015476854433909646,ppf024_xy63_0
674,55,64.8108108108108,4.367851489644062,0.7984634697840741,4.056063653988839,0.015429524603836531,ppf024_xy63_0
675,66,65.2072072072072,5.434849985161179,0.8396604209892649,4.512842416024496,0.015335728101685549,ppf024_xy63_0
676,77,65.8018018018018,0.20998559882803644,0.874665092507187,4.941611265812491,0.015197152245345017,ppf024_xy63_0
677,88,66.3963963963964,1.2572476054554953,0.9016649738893435,5.298855931126102,0.015061058344640435,ppf024_xy63_0
678,99,66.990990990991,2.2963847472703036,0.9260259499948572,5.639101613454304,0.014927380311995695,ppf024_xy63_0
679,110,67.78378378378378,3.3235820689193445,0.9486249916021574,5.987728996321693,0.014752791068580543,ppf024_xy63_0
680,121,68.77477477477478,4.3351961894132565,0.9658000338185035,6.297248234419068,0.014540214828399265,ppf024_xy63_0
681,132,69.56756756756756,5.332797362967434,0.9799321989376002,6.557617463364581,0.014374514374514376,ppf024_xy63_0
682,143,70.55855855855856,0.03763690800771477,0.9950274861893056,6.857519627089159,0.014172625127681308,ppf024_xy63_0
683,154,71.54954954954955,1.0097579292487249,1.012292727547673,7.197245909291757,0.013976328380760513,ppf024_xy63_0
684,165,72.73873873873873,1.9617777014904578,1.0283052598659241,7.5501761615763865,0.013747832548922468,ppf024_xy63_0
685,176,74.12612612612612,2.9006266746052973,1.0382915438546285,7.8443532399184965,0.013490520175012155,ppf024_xy63_0
686,187,75.71171171171171,3.845486720229115,1.0555478971166081,8.280682986310756,0.013207996192289385,ppf024_xy63_0
687,198,76.5045045045045,4.754976428629464,1.075698414245889,8.68990977804978,0.013071125765426284,ppf024_xy63_0
688,209,77.4954954954955,5.656202081577188,1.0885156623475816,9.013490972578806,0.012903975819576842,ppf024_xy63_0
689,220,78.48648648648648,0.2652648788711587,1.1032878187421773,9.378205356376435,0.012741046831955923,ppf024_xy63_0
690,231,79.08108108108108,1.1381322742156017,1.1169502003412901,9.68472787771844,0.012645249487354751,ppf024_xy63_0
691,242,79.87387387387388,2.005554898326151,1.1156417554279259,9.758913595876871,0.012519738326189939,ppf024_xy63_0
692,253,81.06306306306305,2.866571109758833,1.115008124905996,9.89296056847919,0.012336074683262949,ppf024_xy63_0
693,264,81.45945945945945,3.7065132683850552,1.1091145963331819,9.8365220414916,0.012276045122760452,ppf024_xy63_0
694,275,82.05405405405406,4.541089222233476,1.0884334791203136,9.5422552749952,0.012187088274044794,ppf024_xy63_0
695,286,83.04504504504504,5.3681689185903805,1.064292312632662,9.233849237214931,0.012041657626383163,ppf024_xy63_0
696,297,83.63963963963964,6.177503698513472,1.0345507585035845,8.787451961214241,0.011956053425247738,ppf024_xy63_0
697,308,84.03603603603604,0.7033589795015089,0.9869429042780752,8.035202396246365,0.011899656946826757,ppf024_xy63_0
698,319,85.42342342342343,1.4900108431889567,0.9356565976612843,7.341032465980256,0.011706391056739084,ppf024_xy63_0
699,330,86.41441441441441,2.262412351050567,0.8904328023996713,6.725672193993831,0.011572143452877399,ppf024_xy63_0
700,341,87.009009009009,3.028259392380113,0.8284762626020515,5.862347594804543,0.011493062745910127,ppf024_xy63_0
701,0,122.28828828828829,2.3039928020908254,0.7242701064307101,3.270862384586106,0.008177397966701047,ppf024_xy64_0
702,11,121.49549549549549,2.848722237880909,0.8085294028394562,4.04974891690203,0.008230757822927481,ppf024_xy64_0
703,22,122.68468468468468,3.428926146737639,0.8910242920539715,4.9664460852262335,0.008150976648553385,ppf024_xy64_0
704,33,124.46846846846847,4.006428502860734,0.9549561618452916,5.7876532242473075,0.008034163288940358,ppf024_xy64_0
705,44,124.46846846846847,4.548069422800355,1.0010900212442124,6.360362903751996,0.008034163288940358,ppf024_xy64_0
706,55,123.67567567567568,5.082544716667408,1.0461262807512237,6.901266559193969,0.008085664335664336,ppf024_xy64_0
707,66,122.48648648648648,5.622311904420319,1.1035780944580875,7.606250167986285,0.008164165931156223,ppf024_xy64_0
708,77,122.68468468468468,6.183678231653202,1.1749197629393129,8.635411832693574,0.008150976648553385,ppf024_xy64_0
709,88,123.08108108108108,0.4537850485617683,1.2262864103621802,9.437379479681043,0.008124725516029864,ppf024_xy64_0
710,99,122.88288288288288,1.0047184236319529,1.2578845634798073,9.914007704038665,0.008137829912023461,ppf024_xy64_0
711,110,121.49549549549549,1.5620876918458049,1.2913222628730083,10.330128856928495,0.008230757822927481,ppf024_xy64_0
712,121,120.10810810810811,2.133438097672504,1.3449011673553148,11.07718356503901,0.008325832583258325,ppf024_xy64_0
713,132,119.90990990990991,2.7039437546484377,1.3956291276228283,11.90889350947175,0.008339594290007513,ppf024_xy64_0
714,143,119.90990990990991,3.2696895925681773,1.4210284367683181,12.346302108820355,0.008339594290007513,ppf024_xy64_0
715,154,119.71171171171171,3.837418523430656,1.432551455542213,12.526605099866707,0.008353401565322095,ppf024_xy64_0
716,165,118.52252252252252,4.422878508997822,1.4440129553333998,12.601416053939555,0.00843721495895409,ppf024_xy64_0
717,176,117.13513513513513,5.0205713047269365,1.4783449461613252,13.053141028208254,0.00853714813105676,ppf024_xy64_0
718,187,116.73873873873875,5.606507781644626,1.495792487739534,13.317845664005931,0.008566136749498379,ppf024_xy64_0
719,198,115.35135135135135,6.17697272533438,1.4671283369417263,12.660043059639673,0.00866916588566073,ppf024_xy64_0
720,209,114.75675675675676,0.48494030652988424,1.4426744416444537,12.178427834283132,0.008714083843617522,ppf024_xy64_0
721,220,114.36036036036036,1.0827943878391408,1.4344747905247592,11.99879521579207,0.008744288640302505,ppf024_xy64_0
722,231,114.36036036036036,1.6892232092572874,1.4123305216451496,11.631199099628507,0.008744288640302505,ppf024_xy64_0
723,242,113.76576576576576,2.2880363425592845,1.3980274444933556,11.33755152921391,0.008789990497307571,ppf024_xy64_0
724,253,112.37837837837839,2.8877751261191325,1.3727010294391144,10.79719550064675,0.008898508898508899,ppf024_xy64_0
725,264,110.7927927927928,3.494630008522819,1.3219881539677154,9.872858721479277,0.009025857863067165,ppf024_xy64_0
726,275,110.0,4.117564660881795,1.271246350614203,9.06417765387508,0.00909090909090909,ppf024_xy64_0
727,286,109.8018018018018,4.745395053040312,1.233823479063577,8.522986743144042,0.009107318674105677,ppf024_xy64_0
728,297,109.6036036036036,5.37338387316109,1.2014423873620508,8.066906414143888,0.009123787604800263,ppf024_xy64_0
729,308,108.41441441441441,6.004023202575457,1.1698338708061524,7.565048155155231,0.00922386571381087,ppf024_xy64_0
730,319,106.23423423423424,0.37058707102871563,1.1204728082302016,6.800540323235882,0.009413161465400272,ppf024_xy64_0
731,330,104.05405405405405,1.0432299414472919,1.0514457747872212,5.865554185157231,0.00961038961038961,ppf024_xy64_0
732,341,103.85585585585585,1.7031240783747212,0.9885642031739456,5.175079606592171,0.009628730048577377,ppf024_xy64_0
733,352,104.45045045045045,2.3446417693337365,0.9364027671365585,4.66994729780541,0.009573917543557013,ppf024_xy64_0
734,363,104.45045045045045,2.9904258486921185,0.8879212647926752,4.19889985436723,0.009573917543557013,ppf024_xy64_0
0,0,110.7927927927928,3.5881815920768387,0.5187175376265718,2.2259252158998404,0.009025857863067165,ppf024_xy68_0
1,11,109.6036036036036,4.147730636048122,0.5620891379751458,2.5856659444253114,0.009123787604800263,ppf024_xy68_0
2,22,106.63063063063063,4.67860726931611,0.6194341805059935,3.0549879830004505,0.009378168300101386,ppf024_xy68_0
3,33,106.03603603603604,5.305221049664196,0.6944366682865779,3.8181762325901647,0.009430756159728122,ppf024_xy68_0
4,44,107.62162162162163,5.981236861631159,0.7640472536921671,4.691126734831094,0.009291813159216473,ppf024_xy68_0
5,55,108.8108108108108,0.3460576171191104,0.8149373503297309,5.395822920110884,0.009190263288623945,ppf024_xy68_0
6,66,108.61261261261261,0.9635558487625784,0.8565280956913666,5.949776926941381,0.009207033842070339,ppf024_xy68_0
7,77,107.22522522522523,1.58006434275211,0.9144766197606415,6.695443911885406,0.009326163669971433,ppf024_xy68_0
8,88,107.02702702702703,2.216193100206393,0.9758815249938011,7.610704334203698,0.009343434343434343,ppf024_xy68_0
9,99,107.81981981981983,2.858493327859717,1.0244841209385345,8.449796715008166,0.009274732620320855,ppf024_xy68_0
10,110,109.4054054054054,3.4899650822028163,1.0656163679854003,9.276363137276212,0.009140316205533598,ppf024_xy68_0
11,121,109.009009009009,4.114327036086783,1.095023324998808,9.759921578256174,0.009173553719008265,ppf024_xy68_0
12,132,109.009009009009,4.741633129880503,1.1185266971956132,10.183388124212083,0.009173553719008265,ppf024_xy68_0
13,143,109.009009009009,5.376121462092642,1.167740912220653,11.099223075821035,0.009173553719008265,ppf024_xy68_0
14,154,109.6036036036036,5.998232013255704,1.2116529675197087,12.014854896917239,0.009123787604800263,ppf024_xy68_0
15,165,110.5945945945946,0.33010133985533274,1.2352318109233844,12.599927096513298,0.009042033235581623,ppf024_xy68_0
16,176,111.1891891891892,0.9388741447814711,1.245782265228377,12.884988866386859,0.00899368011667477,ppf024_xy68_0
17,187,111.38738738738739,1.5514047073254726,1.2516748132514657,13.030354776818818,0.008977677127143318,ppf024_xy68_0
18,198,111.78378378378379,2.167130343410145,1.2509431820836105,13.061443351972004,0.008945841392649903,ppf024_xy68_0
19,209,111.78378378378379,2.773370967655001,1.2391724147355567,12.816796131103928,0.008945841392649903,ppf024_xy68_0
20,220,111.38738738738739,3.3828682005494435,1.1964728951507753,11.906358171428074,0.008977677127143318,ppf024_xy68_0
21,231,112.37837837837839,4.003392069911208,1.1512270150118482,11.120950350497408,0.008898508898508899,ppf024_xy68_0
22,242,113.76576576576576,4.61868457952771,1.1253931674078526,10.758639090262163,0.008789990497307571,ppf024_xy68_0
23,253,113.96396396396396,5.214917466942557,1.1084398655229153,10.455119882172925,0.008774703557312254,ppf024_xy68_0
24,264,113.56756756756756,5.810562088675413,1.0783191320163164,9.860209482308843,0.008805330794859591,ppf024_xy68_0
25,275,113.56756756756756,0.12502018627927128,1.0230504506904345,8.875352735158756,0.008805330794859591,ppf024_xy68_0
26,286,114.55855855855856,0.722939844971011,0.9687260292986952,8.027247899363271,0.008729160113243158,ppf024_xy68_0
27,297,116.73873873873875,1.298679913589498,0.925378297720346,7.464329686962503,0.008566136749498379,ppf024_xy68_0
28,308,116.54054054054055,1.876786772843006,0.8911362038850877,6.910387486957085,0.008580705009276436,ppf024_xy68_0
29,319,114.95495495495496,2.477438065873907,0.8360396083302366,5.999548909204946,0.008699059561128526,ppf024_xy68_0
30,330,113.96396396396396,3.087320850503763,0.7591300976241795,4.903849847621318,0.008774703557312254,ppf024_xy68_0
31,341,115.94594594594595,3.6435392304309597,0.6946569942864679,4.17766479218859,0.008624708624708625,ppf024_xy68_0
32,0,111.38738738738739,2.7074835909136286,0.6267466803000236,2.5755556475988204,0.008977677127143318,ppf024_xy69_0
33,11,109.4054054054054,3.2679679937491994,0.700025031655378,3.1558529239349222,0.009140316205533598,ppf024_xy69_0
34,22,109.2072072072072,3.8874362072118753,0.7745125520207693,3.8561956230343477,0.009156904801187924,ppf024_xy69_0
35,33,109.009009009009,4.501737323597772,0.8359925656219054,4.484541606917827,0.009173553719008265,ppf024_xy69_0
36,44,108.21621621621621,5.104864391600168,0.8913262410427786,5.060769594592428,0.009240759240759242,ppf024_xy69_0
37,55,107.02702702702703,5.712449134833842,0.9519102738959959,5.708688233203356,0.009343434343434343,ppf024_xy69_0
38,66,106.43243243243244,0.05957645394458936,1.0231238096235133,6.5581478920573195,0.009395632300660234,ppf024_xy69_0
39,77,106.63063063063063,0.7037016672686274,1.0873443529885294,7.4210784031631025,0.009378168300101386,ppf024_xy69_0
40,88,106.43243243243244,1.3382637209348478,1.138961453301319,8.127236085264494,0.009395632300660234,ppf024_xy69_0
41,99,105.83783783783784,1.9730509366020512,1.186354641886935,8.768410275262474,0.009448416751787538,ppf024_xy69_0
42,110,105.24324324324324,2.61733846255535,1.239247532277968,9.513956998455933,0.009501797637390858,ppf024_xy69_0
43,121,105.24324324324324,3.270260751772271,1.3040035734167617,10.534225762847683,0.009501797637390858,ppf024_xy69_0
44,132,105.44144144144144,3.918169769002754,1.353967762383997,11.37833766763697,0.009483937115516063,ppf024_xy69_0
45,143,105.44144144144144,4.563344054173644,1.390757699941417,12.005081590758564,0.009483937115516063,ppf024_xy69_0
46,154,105.24324324324324,5.21346547910768,1.4221494173259894,12.529551167396354,0.009501797637390858,ppf024_xy69_0
47,165,105.04504504504504,5.867882961232409,1.4579414809352031,13.14336571242248,0.009519725557461407,ppf024_xy69_0
48,176,105.24324324324324,0.23857582833678462,1.4986817083976354,13.914380395643809,0.009501797637390858,ppf024_xy69_0
49,187,105.44144144144144,0.8861183897264803,1.5290236753536006,14.510774393652193,0.009483937115516063,ppf024_xy69_0
50,198,105.63963963963964,1.5348602202920218,1.5460107620245032,14.862873180597232,0.009466143612485076,ppf024_xy69_0
51,209,105.44144144144144,2.1874755586047248,1.5619646699427563,15.142744077199785,0.009483937115516063,ppf024_xy69_0
52,220,105.24324324324324,2.836653959818488,1.5501109124771308,14.885746056430369,0.009501797637390858,ppf024_xy69_0
53,231,105.24324324324324,3.4863106165123656,1.5593431567340998,15.063588939719274,0.009501797637390858,ppf024_xy69_0
54,242,105.44144144144144,4.138159468218683,1.5577253018535542,15.060657011196975,0.009483937115516063,ppf024_xy69_0
55,253,105.24324324324324,4.783825104449726,1.5517125532070049,14.916523124154446,0.009501797637390858,ppf024_xy69_0
56,264,105.04504504504504,5.430590098667898,1.5324147552751,14.520415948658881,0.009519725557461407,ppf024_xy69_0
57,275,105.04504504504504,6.082022144464818,1.5008359368686215,13.928131147262114,0.009519725557461407,ppf024_xy69_0
58,286,105.44144144144144,0.4533387869886421,1.4674339166717218,13.365317347919914,0.009483937115516063,ppf024_xy69_0
59,297,105.83783783783784,1.1025860972830777,1.4411294942604482,12.938913446494418,0.009448416751787538,ppf024_xy69_0
60,308,105.83783783783784,1.745737242356909,1.41082089845234,12.40039624817896,0.009448416751787538,ppf024_xy69_0
61,319,105.63963963963964,2.390491543240189,1.3660710735629538,11.604444001476242,0.009466143612485076,ppf024_xy69_0
62,330,105.83783783783784,3.036823328326031,1.301606926855994,10.554836174916863,0.009448416751787538,ppf024_xy69_0
63,341,106.43243243243244,3.6785777453182344,1.2474049053144713,9.74854314956707,0.009395632300660234,ppf024_xy69_0
64,352,106.82882882882883,4.31213053731948,1.1994175635531565,9.04649007207994,0.009360769101028841,ppf024_xy69_0
65,363,107.02702702702703,4.942487052389728,1.1437058893317735,8.240869033493345,0.009343434343434343,ppf024_xy69_0
66,374,106.63063063063063,5.58856834345519,1.070625477120198,7.194621661020195,0.009378168300101386,ppf024_xy69_0
67,385,107.42342342342343,6.2118124996628215,0.9898015786443046,6.195068436326472,0.009308956725930895,ppf024_xy69_0
68,396,108.61261261261261,0.5283006827879755,0.9258344005849374,5.480216589885999,0.009207033842070339,ppf024_xy69_0
69,407,109.6036036036036,1.1197295475126336,0.8641268267382928,4.817598964222028,0.009123787604800263,ppf024_xy69_0
70,11,90.57657657657657,0.5413874482553105,0.397555404804943,1.3720045260067377,0.0110403819375373,ppf024_xy70_0
71,22,92.36036036036036,1.361621718742477,0.44044210641334075,1.7171474861344544,0.010827155676941085,ppf024_xy70_0
72,33,88.1981981981982,1.9350871426870218,0.5000871879353203,2.11395377803513,0.011338100102145046,ppf024_xy70_0
73,44,88.0,2.7133487120002604,0.5788312167139237,2.8257314126432718,0.011363636363636364,ppf024_xy70_0
74,55,91.56756756756756,3.5945745562109463,0.659887984213291,3.8214346414490743,0.010920897284533649,ppf024_xy70_0
75,66,93.35135135135135,4.374559977860962,0.7134953328811471,4.554568101429126,0.010712217718587144,ppf024_xy70_0
76,77,93.94594594594595,5.109533419175636,0.753704904168398,5.114757450894629,0.010644418872266973,ppf024_xy70_0
77,88,92.75675675675676,5.827218070680047,0.8166035375481469,5.928057216930328,0.01078088578088578,ppf024_xy70_0
78,99,93.15315315315316,0.2853583304658803,0.8878604118244452,7.037708291217075,0.010735009671179884,ppf024_xy70_0
79,110,95.13513513513513,1.0260368554251431,0.9476980551345526,8.188893742986213,0.010511363636363636,ppf024_xy70_0
80,121,95.72972972972973,1.7407831929687434,0.9803450151637315,8.817572521448685,0.010446075663466968,ppf024_xy70_0
81,132,96.52252252252252,2.444619127417731,0.995883690301091,9.174665111516738,0.010360276274033974,ppf024_xy70_0
82,143,96.52252252252252,3.144662650895375,1.0183197846179677,9.592710636530068,0.010360276274033974,ppf024_xy70_0
83,154,97.11711711711712,3.8515718171132316,1.021613251629772,9.71433631915315,0.010296846011131726,ppf024_xy70_0
84,165,98.90090090090091,4.565820137954168,1.0256643153064593,9.971375179248332,0.010111131353616323,ppf024_xy70_0
85,176,98.90090090090091,5.249741872743803,1.0005535650219468,9.489105011667622,0.010111131353616323,ppf024_xy70_0
86,187,99.89189189189189,5.941910922363639,0.9506139478909464,8.651330843321038,0.010010822510822512,ppf024_xy70_0
87,198,101.08108108108108,0.33488768615665293,0.9219523943140515,8.234385383713573,0.009893048128342246,ppf024_xy70_0
88,209,101.08108108108108,0.9988672640066543,0.8931239068118441,7.7274752891916325,0.009893048128342246,ppf024_xy70_0
89,220,98.70270270270271,1.6868490223618904,0.8214210622230034,6.382708807939019,0.01013143483023001,ppf024_xy70_0
90,231,99.29729729729729,2.361635467061467,0.7478338863415597,5.322210239924938,0.010070767555797496,ppf024_xy70_0
91,242,103.45945945945947,2.9750015999784423,0.6785485670580862,4.565374388767269,0.009665621734587251,ppf024_xy70_0
92,253,105.24324324324324,3.5799747056487905,0.6426549883454665,4.165760586526994,0.009501797637390858,ppf024_xy70_0
93,264,105.63963963963964,4.197057864327746,0.5972123020693991,3.611010233959317,0.009466143612485076,ppf024_xy70_0
94,0,110.990990990991,5.062032271983845,0.6252198404677437,2.181190143107011,0.00900974025974026,ppf024_xy74_0
95,11,110.0,5.64114979089003,0.6809217248400738,2.564055144059546,0.00909090909090909,ppf024_xy74_0
96,22,108.8108108108108,6.229723683854255,0.7476261419165909,3.057604429090592,0.009190263288623945,ppf024_xy74_0
97,33,108.8108108108108,0.5811261707612755,0.8221018185473135,3.69712010287975,0.009190263288623945,ppf024_xy74_0
98,44,109.6036036036036,1.228862078118606,0.8980575508530354,4.443994017911829,0.009123787604800263,ppf024_xy74_0
99,55,110.0,1.8593452116824758,0.9599604586455817,5.096120271683075,0.00909090909090909,ppf024_xy74_0
100,66,110.0,2.4816949506920083,1.0165177702364574,5.714298595020708,0.00909090909090909,ppf024_xy74_0
101,77,109.6036036036036,3.09852871263242,1.0770059147381499,6.391478095991857,0.009123787604800263,ppf024_xy74_0
102,88,109.8018018018018,3.7316896857194433,1.1515886020472215,7.32056290914355,0.009107318674105677,ppf024_xy74_0
103,99,110.5945945945946,4.365494860551556,1.2219793030062482,8.302366408494983,0.009042033235581623,ppf024_xy74_0
104,110,111.1891891891892,4.989633962714875,1.276013321488816,9.101506318527479,0.00899368011667477,ppf024_xy74_0
105,121,111.1891891891892,5.605135578910469,1.323017798665027,9.784400738763898,0.00899368011667477,ppf024_xy74_0
106,132,110.990990990991,6.224041904495458,1.3731030434609575,10.520449193403325,0.00900974025974026,ppf024_xy74_0
107,143,110.990990990991,0.5621367978145225,1.434554895797856,11.483185162999078,0.00900974025974026,ppf024_xy74_0
108,154,111.38738738738739,1.1791926929500134,1.4871272428844884,12.384331586955613,0.008977677127143318,ppf024_xy74_0
109,165,111.78378378378379,1.7936143571379954,1.521852014901233,13.015592652930351,0.008945841392649903,ppf024_xy74_0
110,176,111.98198198198199,2.40413102546732,1.5483508916290298,13.496688410994594,0.008930008045052293,ppf024_xy74_0
111,187,111.78378378378379,3.018606618642014,1.5750935535368442,13.942216069218594,0.008945841392649903,ppf024_xy74_0
112,198,111.78378378378379,3.636867647234052,1.6126282452535836,14.61462328661665,0.008945841392649903,ppf024_xy74_0
113,209,111.98198198198199,4.248081775588274,1.6426643228660631,15.19099057230386,0.008930008045052293,ppf024_xy74_0
114,220,111.78378378378379,4.857985225030774,1.6503538974078749,15.306407351517056,0.008945841392649903,ppf024_xy74_0
115,231,111.78378378378379,5.472376138186492,1.6269140807884044,14.874704154314175,0.008945841392649903,ppf024_xy74_0
116,242,111.78378378378379,6.084567880777504,1.627813112320101,14.891148197825567,0.008945841392649903,ppf024_xy74_0
117,253,112.37837837837839,0.4222148070609043,1.6161140348271081,14.755946073130298,0.008898508898508899,ppf024_xy74_0
118,264,112.18018018018019,1.0319942800753212,1.6067868734054729,14.560389012987478,0.008914230645679408,ppf024_xy74_0
119,275,111.78378378378379,1.6420223125268045,1.5853619747987309,14.124594074644708,0.008945841392649903,ppf024_xy74_0
120,286,111.58558558558559,2.256072674495892,1.5502981676910679,13.482761715051753,0.008961730986597772,ppf024_xy74_0
121,297,111.78378378378379,2.8724414084980157,1.5119743588551446,12.847184263463301,0.008945841392649903,ppf024_xy74_0
122,308,111.58558558558559,3.488406677769152,1.4819035141843422,12.31936286627691,0.008961730986597772,ppf024_xy74_0
123,319,111.1891891891892,4.101959565935271,1.4452983708034266,11.676639827266964,0.00899368011667477,ppf024_xy74_0
124,330,110.1981981981982,4.7220439422284715,1.3893510643228455,10.693965646452398,0.00907455853499019,ppf024_xy74_0
125,341,109.8018018018018,5.348139236516056,1.3296047612319648,9.758765559547546,0.009107318674105677,ppf024_xy74_0
126,352,110.0,5.971439978301508,1.2690338751709307,8.905932727540938,0.00909090909090909,ppf024_xy74_0
127,363,110.3963963963964,0.3050040191266877,1.214744581126971,8.189646059240506,0.009058266688428268,ppf024_xy74_0
128,374,110.1981981981982,0.9233726354541462,1.1611651466290616,7.469693322607427,0.00907455853499019,ppf024_xy74_0
129,385,109.4054054054054,1.5571006554685647,1.095350241368707,6.599105798570782,0.009140316205533598,ppf024_xy74_0
130,396,107.81981981981983,2.2218009258168743,0.9998205127949817,5.41854871168265,0.009274732620320855,ppf024_xy74_0
131,407,108.41441441441441,2.842707672461703,0.9188750719897449,4.601932695880862,0.00922386571381087,ppf024_xy74_0
132,0,75.31531531531532,5.728398726958011,0.638086355007201,2.0773569583263236,0.013277511961722487,ppf024_xy74_1
133,11,75.31531531531532,0.358923991946747,0.6989451191991917,2.4925183640612905,0.013277511961722487,ppf024_xy74_1
134,22,75.90990990990991,1.2932869890846013,0.7551892398815999,2.9327765687913208,0.013173510562544505,ppf024_xy74_1
135,33,76.70270270270271,2.22175500483818,0.8055571943318742,3.371881809222147,0.013037350246652571,ppf024_xy74_1
136,44,77.4954954954955,3.1374666490055594,0.850776465973136,3.7999362485801518,0.012903975819576842,ppf024_xy74_1
137,55,78.28828828828829,4.040975936039844,0.8919262328858925,4.219136609657556,0.012773302646720368,ppf024_xy74_1
138,66,79.27927927927928,4.936709791601873,0.9285756707664338,4.630876615240947,0.012613636363636363,ppf024_xy74_1
139,77,80.27027027027027,5.8165944903481535,0.9633066677661086,5.046064216318002,0.012457912457912458,ppf024_xy74_1
140,88,81.45945945945945,0.40195178072950283,0.9940017107295342,5.452362255054092,0.012276045122760452,ppf024_xy74_1
141,99,82.84684684684684,1.2573470541478746,1.018737752468724,5.824648203621948,0.012070465419747716,ppf024_xy74_1
142,110,84.03603603603604,2.095250240387739,1.0399379503368027,6.156718938634388,0.011899656946826757,ppf024_xy74_1
143,121,85.22522522522522,2.918829807787231,1.0596587335367624,6.482896922343348,0.011733615221987317,ppf024_xy74_1
144,132,86.61261261261261,3.727682352365586,1.076966952114749,6.805418032051159,0.01154566257541086,ppf024_xy74_1
145,143,88.5945945945946,4.520335087711471,1.0889610715867457,7.117063648721252,0.011287370347773032,ppf024_xy74_1
146,154,90.97297297297297,5.293275345678205,1.0963994464397182,7.4083060896117505,0.010992275698158051,ppf024_xy74_1
147,165,93.94594594594595,6.0483757740116015,1.099230356646409,7.689965399434865,0.010644418872266973,ppf024_xy74_1
148,176,97.11711711711712,0.5076539281337074,1.1081930565939218,8.079705784920113,0.010296846011131726,ppf024_xy74_1
149,187,99.69369369369369,1.2302264307101005,1.1277989273013025,8.590134354717671,0.010030724742454365,ppf024_xy74_1
150,198,102.27027027027027,1.9385373793928973,1.154106882469247,9.22805938347302,0.009778012684989429,ppf024_xy74_1
151,209,104.64864864864865,2.627341104411302,1.1906548935620662,10.050191617650478,0.009555785123966943,ppf024_xy74_1
152,220,106.43243243243244,3.295876930902195,1.223255182783957,10.788896622416964,0.009395632300660234,ppf024_xy74_1
153,231,107.22522522522523,3.942075744457369,1.267996959385944,11.678909859025246,0.009326163669971433,ppf024_xy74_1
154,242,107.62162162162163,4.57565764256734,1.2971847702519845,12.267953720250562,0.009291813159216473,ppf024_xy74_1
155,253,108.21621621621621,5.2102073842257495,1.3136625189063529,12.651117157853546,0.009240759240759242,ppf024_xy74_1
156,264,109.2072072072072,5.850483273848427,1.3316149405466224,13.118299273424425,0.009156904801187924,ppf024_xy74_1
157,275,109.6036036036036,0.19378777950132722,1.344686708612117,13.425670142747322,0.009123787604800263,ppf024_xy74_1
158,286,110.0,0.8179295041795713,1.3443048979712726,13.466575248759666,0.00909090909090909,ppf024_xy74_1
159,297,110.5945945945946,1.4423894792641032,1.338278093550458,13.418239956156711,0.009042033235581623,ppf024_xy74_1
160,308,111.38738738738739,2.0657900783310894,1.333947268439266,13.427101032140577,0.008977677127143318,ppf024_xy74_1
161,319,111.58558558558559,2.678994911760494,1.323677204947414,13.244671518579361,0.008961730986597772,ppf024_xy74_1
162,330,111.78378378378379,3.2904409322773307,1.2987832705190485,12.773828846792943,0.008945841392649903,ppf024_xy74_1
163,341,112.18018018018019,3.9057854536370002,1.2646833671494897,12.154823643679332,0.008914230645679408,ppf024_xy74_1
164,352,112.57657657657657,4.516829713631607,1.235665156487288,11.644438563556742,0.008882842509603073,ppf024_xy74_1
165,363,112.57657657657657,5.125323251113334,1.205348967961671,11.080071261013522,0.008882842509603073,ppf024_xy74_1
166,374,112.18018018018019,5.7373163372795615,1.1638964296539784,10.294700590858307,0.008914230645679408,ppf024_xy74_1
167,385,111.98198198198199,0.07016815377649765,1.1073133355924178,9.30160997935453,0.008930008045052293,ppf024_xy74_1
168,396,112.37837837837839,0.680303386305323,1.05515413380028,8.475854355769483,0.008898508898508899,ppf024_xy74_1
169,407,112.77477477477477,1.2837463360684025,1.0092794308460402,7.782224020032871,0.00886723118709059,ppf024_xy74_1
170,418,112.57657657657657,1.8915749862262776,0.9608767242946831,7.041291106809851,0.008882842509603073,ppf024_xy74_1
171,429,111.38738738738739,2.5287717304580952,0.9018430134618723,6.137151199192776,0.008977677127143318,ppf024_xy74_1
172,440,110.990990990991,3.157231049383748,0.8339005171403303,5.228596530997128,0.00900974025974026,ppf024_xy74_1
173,0,114.95495495495496,5.210030621433823,0.6839568603135071,2.603681156566979,0.008699059561128526,ppf024_xy84_0
174,11,114.75675675675676,5.8014424152182835,0.74168339886505,3.056455426585333,0.008714083843617522,ppf024_xy84_0
175,22,114.75675675675676,0.11657949821623437,0.7979808704298161,3.538065843276736,0.008714083843617522,ppf024_xy84_0
176,33,114.55855855855856,0.7089296570771423,0.8537844731815267,4.043214013790319,0.008729160113243158,ppf024_xy84_0
177,44,114.55855855855856,1.3104241937419316,0.9094342644750153,4.587465917933953,0.008729160113243158,ppf024_xy84_0
178,55,114.55855855855856,1.9109575693233418,0.9635674566598605,5.149848730080081,0.008729160113243158,ppf024_xy84_0
179,66,114.95495495495496,2.5202332865870933,1.0149693953372447,5.73371726990465,0.008699059561128526,ppf024_xy84_0
180,77,115.54954954954955,3.1287027146177753,1.0625223900586012,6.3160727283011315,0.00865429596132855,ppf024_xy84_0
181,88,116.54054054054055,3.7392906574004865,1.1036293411116291,6.872681038024404,0.008580705009276436,ppf024_xy84_0
182,99,117.53153153153153,4.343835377855513,1.141784091760317,7.418652956371877,0.008508355051356739,ppf024_xy84_0
183,110,118.72072072072072,4.9444643264806345,1.1763076425314234,7.953733697932141,0.008423129458187888,ppf024_xy84_0
184,121,119.90990990990991,5.536647332475866,1.2083158067112827,8.476541149150181,0.008339594290007513,ppf024_xy84_0
185,132,121.49549549549549,6.12534278631597,1.237119356699343,9.002975437451319,0.008230757822927481,ppf024_xy84_0
186,143,122.88288288288288,0.418688740926424,1.2651706380810335,9.523405671727764,0.008137829912023461,ppf024_xy84_0
187,154,124.66666666666667,0.9902867890792371,1.2895874352569052,10.038171655029664,0.00802139037433155,ppf024_xy84_0
188,165,126.05405405405405,1.5497116830693773,1.3136443866829035,10.532103803203245,0.007933104631217838,ppf024_xy84_0
189,176,127.24324324324324,2.103434245741612,1.338135054320236,11.031569617720038,0.007858963466440102,ppf024_xy84_0
190,187,128.23423423423424,2.6483350108181383,1.361191432640071,11.50389955378912,0.007798229591119854,ppf024_xy84_0
191,198,129.42342342342343,3.190019669003842,1.3839850964394482,12.002684610874947,0.007726576639287205,ppf024_xy84_0
192,209,130.4144144144144,3.72411301650584,1.408195887753103,12.521444229561371,0.007667864050842774,ppf024_xy84_0
193,220,131.40540540540542,4.2527378926634505,1.4289501886068523,12.991224714316974,0.007610037021801727,ppf024_xy84_0
194,231,132.0,4.777266622427627,1.4448057465245006,13.34121970383658,0.007575757575757576,ppf024_xy84_0
195,242,132.59459459459458,5.298216572690046,1.4582742395888253,13.65233424055653,0.007541785568691399,ppf024_xy84_0
196,253,132.7927927927928,5.817800400994411,1.472186188429855,13.934861837984776,0.007530529172320217,ppf024_xy84_0
197,264,132.990990990991,0.05457617755569048,1.488433517398079,14.265394584838258,0.007519306327055953,ppf024_xy84_0
198,275,133.1891891891892,0.5697552622451014,1.4967849474251205,14.447425825075102,0.007508116883116883,ppf024_xy84_0
199,286,133.38738738738738,1.083622853920063,1.5007189431111283,14.545082191171668,0.00749696069161151,ppf024_xy84_0
200,297,133.5855855855856,1.5973124768003946,1.4999023343737152,14.5508460221553,0.0074858376045319665,ppf024_xy84_0
201,308,133.5855855855856,2.1107468532554026,1.497265589559397,14.499731834910714,0.0074858376045319665,ppf024_xy84_0
202,319,133.1891891891892,2.6304869386593706,1.4952903386393839,14.418587388826943,0.007508116883116883,ppf024_xy84_0
203,330,133.1891891891892,3.148037438167043,1.4839050009071726,14.199853256699992,0.007508116883116883,ppf024_xy84_0
204,341,132.990990990991,3.6677531902026037,1.4732332308637346,13.975518177135509,0.007519306327055953,ppf024_xy84_0
205,352,132.990990990991,4.188097570024746,1.461799480832691,13.759432219184001,0.007519306327055953,ppf024_xy84_0
206,363,132.59459459459458,4.707386630303714,1.4483366972527743,13.466898091654839,0.007541785568691399,ppf024_xy84_0
207,374,132.1981981981982,5.229357379834534,1.4351975030701047,13.184132546790988,0.007564399618372631,ppf024_xy84_0
208,385,131.6036036036036,5.754630350958197,1.4163849850562702,12.783008984618442,0.0075985761226725086,ppf024_xy84_0
209,396,131.009009009009,0.0002479880332364611,1.3970839019637515,12.380803272723231,0.007633062852427453,ppf024_xy84_0
210,407,130.4144144144144,0.5335961209046026,1.3773536846908736,11.978963189644537,0.007667864050842774,ppf024_xy84_0
211,418,129.81981981981983,1.0660906429194579,1.3597045946949735,11.62071410208225,0.007702984038861901,ppf024_xy84_0
212,429,129.02702702702703,1.6030802671204276,1.342603766907413,11.261055467528168,0.007750314201927105,ppf024_xy84_0
213,440,127.83783783783784,2.1437595451738707,1.3236427887999669,10.844354270086104,0.007822410147991543,ppf024_xy84_0
214,451,127.04504504504504,2.687931108292833,1.3050559581341497,10.476559488905625,0.007871223939866686,ppf024_xy84_0
215,462,126.05405405405405,3.238088803674314,1.284812623476607,10.074861671704053,0.007933104631217838,ppf024_xy84_0
216,473,125.26126126126127,3.789584617243097,1.2693339860426818,9.771726010909392,0.007983314154200229,ppf024_xy84_0
217,484,124.46846846846847,4.345536823323571,1.2516501264076352,9.44121581607263,0.008034163288940358,ppf024_xy84_0
218,495,123.47747747747748,4.9059648756476415,1.233567090758632,9.097372600865851,0.008098642930103605,ppf024_xy84_0
219,506,121.89189189189189,5.468919887305441,1.2129710260358377,8.683171051584191,0.008203991130820399,ppf024_xy84_0
220,517,120.90090090090091,6.04123985262223,1.1899580261560854,8.288873403159778,0.00827123695976155,ppf024_xy84_0
221,528,120.30630630630631,0.3324596153860321,1.1637046175573806,7.888176012631367,0.008312116219859217,ppf024_xy84_0
222,539,119.90990990990991,0.9083739655010092,1.1355034755117377,7.485739274233833,0.008339594290007513,ppf024_xy84_0
223,550,119.51351351351352,1.485799506586044,1.1068580100989283,7.089302746412765,0.008367254635911352,ppf024_xy84_0
224,561,118.91891891891892,2.068246546529917,1.0754364212679777,6.659216239539451,0.00840909090909091,ppf024_xy84_0
225,572,118.72072072072072,2.648432249363982,1.0375229031206814,6.187633665665716,0.008423129458187888,ppf024_xy84_0
226,583,118.12612612612612,3.2382448607257572,0.9966701074847113,5.681349570210059,0.008465527760829775,ppf024_xy84_0
227,594,117.92792792792793,3.8237782041699226,0.9527207318510759,5.1826345251340875,0.008479755538579069,ppf024_xy84_0
228,605,117.92792792792793,4.406219327551956,0.9051719546854007,4.67822958691321,0.008479755538579069,ppf024_xy84_0
229,616,118.12612612612612,4.981943776693395,0.8578518863003871,4.208945160588168,0.008465527760829775,ppf024_xy84_0
230,627,118.32432432432432,5.555439352533215,0.8090585896669533,3.7500465929474887,0.008451347647327547,ppf024_xy84_0
231,0,78.48648648648648,4.122811177455928,0.4926753908552967,1.0042680363997307,0.012741046831955923,ppf024_xy85_0
232,11,78.09009009009009,4.9803846090518125,0.5574014354450795,1.2789839724978052,0.01280572219658514,ppf024_xy85_0
233,22,78.09009009009009,5.866139065782914,0.6218050215828628,1.5916126660445677,0.01280572219658514,ppf024_xy85_0
234,33,78.09009009009009,0.46676800222351567,0.6858985137645996,1.9366389411209182,0.01280572219658514,ppf024_xy85_0
235,44,78.28828828828829,1.3574354058066664,0.7476125443601743,2.306656736924755,0.012773302646720368,ppf024_xy85_0
236,55,78.68468468468468,2.250819800843379,0.8058368189910103,2.6935028208088223,0.012708953514998855,ppf024_xy85_0
237,66,79.27927927927928,3.143334482842198,0.8597177999168005,3.088904940751627,0.012613636363636363,ppf024_xy85_0
238,77,79.87387387387388,4.025910028060346,0.9098014104190771,3.4852262182025266,0.012519738326189939,ppf024_xy85_0
239,88,80.46846846846847,4.898606783041539,0.9558771522167266,3.8758138509793727,0.012427227944469323,ppf024_xy85_0
240,99,81.26126126126127,5.765808897687659,0.9967159013893037,4.255585744437336,0.012305986696230597,ppf024_xy85_0
241,110,82.25225225225225,0.3422054027006561,1.0323193531112655,4.6207125245938165,0.012157721796276014,ppf024_xy85_0
242,121,83.04504504504504,1.1860019965081243,1.0654575659217316,4.969572755626765,0.012041657626383163,ppf024_xy85_0
243,132,84.03603603603604,2.0210800807486584,1.0939977194257706,5.301898443480401,0.011899656946826757,ppf024_xy85_0
244,143,85.22522522522522,2.8459964351501954,1.1184687694935085,5.620162778143923,0.011733615221987317,ppf024_xy85_0
245,154,86.41441441441441,3.6577682673421745,1.1408320834378327,5.928743432621857,0.011572143452877399,ppf024_xy85_0
246,165,87.8018018018018,4.45840463028392,1.1606082421196597,6.234587748775377,0.011389287912989945,ppf024_xy85_0
247,176,89.1891891891892,5.246014987298951,1.1800097037487831,6.546608740328609,0.011212121212121211,ppf024_xy85_0
248,187,90.57657657657657,6.02107102199135,1.1998971868541026,6.874434607175779,0.0110403819375373,ppf024_xy85_0
249,198,92.16216216216216,0.5027550333585831,1.21969963280157,7.227555808202413,0.010850439882697948,ppf024_xy85_0
250,209,93.74774774774775,1.2564569037123696,1.2411962448363065,7.613331871603861,0.010666922929079376,ppf024_xy85_0
251,220,95.13513513513513,1.9975473656419551,1.2659330702514107,8.03702728113656,0.010511363636363636,ppf024_xy85_0
252,231,96.52252252252252,2.728559566553902,1.2924818655640815,8.499836907681711,0.010360276274033974,ppf024_xy85_0
253,242,97.90990990990991,3.4500597087198384,1.3205830530360192,9.001007075415849,0.01021347073978653,ppf024_xy85_0
254,253,99.29729729729729,4.162519616117967,1.3498147481231695,9.537153629418006,0.010070767555797496,ppf024_xy85_0
255,264,100.48648648648648,4.863883021422337,1.381011526405024,10.102649382332839,0.009951586874663798,ppf024_xy85_0
256,275,101.67567567567568,5.556897357345634,1.412387573168198,10.691973051037513,0.009835194045720362,ppf024_xy85_0
257,286,102.86486486486487,6.241858301324208,1.4434852462020105,11.298603578051464,0.009721492380451918,ppf024_xy85_0
258,297,104.05405405405405,0.6358277136001383,1.4738758990433072,11.91554339785914,0.00961038961038961,ppf024_xy85_0
259,308,105.04504504504504,1.3032228203704548,1.5046553110428087,12.53668255781878,0.009519725557461407,ppf024_xy85_0
260,319,106.03603603603604,1.9634122572686536,1.5342383054323587,13.157462472399489,0.009430756159728122,ppf024_xy85_0
261,330,107.22522522522523,2.6184008461348616,1.561040841358357,13.77395028415249,0.009326163669971433,ppf024_xy85_0
262,341,108.21621621621621,3.2644621198189365,1.5877880952458059,14.381707123059677,0.009240759240759242,ppf024_xy85_0
263,352,109.2072072072072,3.903690677093089,1.612930153303577,14.97667603845906,0.009156904801187924,ppf024_xy85_0
264,363,110.1981981981982,4.536255257159773,1.6364060304620547,15.555703222466287,0.00907455853499019,ppf024_xy85_0
265,374,111.38738738738739,5.16367398356313,1.6568903471051344,16.11968555878789,0.008977677127143318,ppf024_xy85_0
266,385,112.37837837837839,5.783296693296797,1.6772728111271968,16.665685723032187,0.008898508898508899,ppf024_xy85_0
267,396,113.36936936936937,0.11352591548635174,1.6962713330476835,17.195681351207153,0.008820724729815639,ppf024_xy85_0
268,407,114.36036036036036,0.720879919397843,1.7138550252809837,17.707477246041567,0.008744288640302505,ppf024_xy85_0
269,418,115.35135135135135,1.3225064967887483,1.72993021358544,18.1975477228981,0.00866916588566073,ppf024_xy85_0
270,429,116.34234234234235,1.9183232072710046,1.744453599561565,18.663352571008346,0.008595322905374013,ppf024_xy85_0
271,440,117.33333333333333,2.5088340060293954,1.7573432967453928,19.10150734399743,0.008522727272727274,ppf024_xy85_0
272,451,118.32432432432432,3.094179432534216,1.769003121628658,19.519300246591907,0.008451347647327547,ppf024_xy85_0
273,462,119.11711711711712,3.674003454389819,1.780444767643268,19.90509240934189,0.008395099077295416,ppf024_xy85_0
274,473,120.10810810810811,4.249606290807991,1.7885085868138801,20.252908382136898,0.008325832583258325,ppf024_xy85_0
275,484,120.90090090090091,4.820447339967295,1.796020074337935,20.55819223927073,0.00827123695976155,ppf024_xy85_0
276,495,121.69369369369369,5.387200754062222,1.8018740241371864,20.828113467508924,0.008217352679893397,ppf024_xy85_0
277,506,122.28828828828829,5.949788037249272,1.8070869557084674,21.05115751181773,0.008177397966701047,ppf024_xy85_0
278,517,123.08108108108108,0.22563953029866513,1.8082000173777715,21.213740555007796,0.008124725516029864,ppf024_xy85_0
279,528,123.67567567567568,0.781524090495676,1.8083151143631193,21.31893615408022,0.008085664335664336,ppf024_xy85_0
280,539,124.27027027027027,1.334328248053758,1.8062764784593546,21.373158609783566,0.008046976946498478,ppf024_xy85_0
281,550,124.86486486486487,1.8839764461708655,1.8015650196657227,21.36353643301851,0.008008658008658008,ppf024_xy85_0
282,561,125.26126126126127,2.4314037917648115,1.795173457270986,21.279559310392195,0.007983314154200229,ppf024_xy85_0
283,572,125.85585585585585,2.9757901135412275,1.7843320445489346,21.12310656441777,0.007945597709377238,ppf024_xy85_0
284,583,126.25225225225225,3.5187327415332454,1.7722936500355706,20.90467932887069,0.007920650777793635,ppf024_xy85_0
285,594,126.64864864864865,4.059328124927463,1.757491614517887,20.621492570369693,0.007895860008536065,ppf024_xy85_0
286,605,127.04504504504504,4.5976306780620195,1.7392393527464467,20.258601004594652,0.007871223939866686,ppf024_xy85_0
287,616,127.44144144144144,5.134101803401101,1.7172681669153196,19.811617138556585,0.007846741128234129,ppf024_xy85_0
288,627,127.63963963963964,5.6706502270107535,1.6935320683673387,19.297694714085267,0.007834556747600226,ppf024_xy85_0
289,638,128.03603603603602,6.203814460781624,1.6657487151304187,18.72768977585516,0.007810301153954405,ppf024_xy85_0
290,649,128.23423423423424,0.4538912498548993,1.635884344580162,18.09015083016113,0.007798229591119854,ppf024_xy85_0
291,660,128.63063063063063,0.9831033290627185,1.6011383974045816,17.38341733848363,0.007774198066956156,ppf024_xy85_0
292,671,128.82882882882882,1.513578241304978,1.564047996495009,16.61292957263528,0.0077622377622377624,ppf024_xy85_0
293,682,129.02702702702703,2.0432584980596324,1.5238850786597558,15.794945676450627,0.007750314201927105,ppf024_xy85_0
294,693,129.42342342342343,2.5680785002745754,1.4800503485060357,14.945101712633502,0.007726576639287205,ppf024_xy85_0
295,704,129.6216216216216,3.0945103894720747,1.4344505061541486,14.059879521305637,0.007714762301918266,ppf024_xy85_0
296,715,129.81981981981983,3.6196543669152694,1.385785700158984,13.142142317102996,0.007702984038861901,ppf024_xy85_0
297,726,130.01801801801804,4.143837967202767,1.3341149689742855,12.19896733028792,0.0076912416851441226,ppf024_xy85_0
298,737,130.4144144144144,4.66251503112373,1.2790848187158457,11.247533546477927,0.007667864050842774,ppf024_xy85_0
299,748,130.8108108108108,5.179629785997074,1.2227643406933506,10.310083444380446,0.007644628099173554,ppf024_xy85_0
300,759,131.009009009009,5.6997608373999995,1.166060629629898,9.390234518514369,0.007633062852427453,ppf024_xy85_0
301,770,131.40540540540542,6.212146652963576,1.106795493355302,8.48556974533164,0.007610037021801727,ppf024_xy85_0
302,781,131.8018018018018,0.4394006097172228,1.0462738814187964,7.605803973439881,0.0075871496924128515,ppf024_xy85_0
303,792,132.3963963963964,0.9414708386796911,0.9841126047460681,6.7592539891745,0.007553075666848122,ppf024_xy85_0
304,803,133.1891891891892,1.4330481264665886,0.922204130877181,5.971124332923011,0.007508116883116883,ppf024_xy85_0
305,0,92.95495495495496,6.2586069086162395,0.431997325960463,1.1299703481145424,0.01075789881760031,ppf024_xy86_0
306,11,92.75675675675676,0.7132443034524546,0.4823643469755867,1.405815544042889,0.01078088578088578,ppf024_xy86_0
307,22,92.55855855855856,1.4517521579197585,0.5349830382425796,1.725555743437931,0.010803971189410162,ppf024_xy86_0
308,33,92.55855855855856,2.200882432563005,0.5885544739503376,2.088441423325809,0.010803971189410162,ppf024_xy86_0
309,44,92.55855855855856,2.9489263860725483,0.6428290104486134,2.4913795988340763,0.010803971189410162,ppf024_xy86_0
310,55,92.55855855855856,3.6959274475181205,0.6976732260907514,2.934628166209413,0.010803971189410162,ppf024_xy86_0
311,66,92.75675675675676,4.44945837468523,0.751624502519106,3.4133419575939796,0.01078088578088578,ppf024_xy86_0
312,77,92.95495495495496,5.199163306021674,0.804728746302201,3.921064269105217,0.01075789881760031,ppf024_xy86_0
313,88,93.35135135135135,5.951360507979389,0.8551259232447525,4.4464471951514355,0.010712217718587144,ppf024_xy86_0
314,99,93.94594594594595,0.420950299852762,0.9024181550841015,4.983403776392136,0.010644418872266973,ppf024_xy86_0
315,110,94.54054054054055,1.1664158673888627,0.946985468019676,5.522517433689567,0.010577472841623784,ppf024_xy86_0
316,121,95.13513513513513,1.9045154337584118,0.9882949816646394,6.052663153450979,0.010511363636363636,ppf024_xy86_0
317,132,96.12612612612612,2.642406731007371,1.0245391224893667,6.572504914426208,0.010402999062792878,ppf024_xy86_0
318,143,97.31531531531532,3.37283724424437,1.0567195427110556,7.078366701601372,0.010275874837992964,ppf024_xy86_0
319,154,98.50450450450451,4.0917405731737695,1.0862388373141665,7.570753901207981,0.01015182001097494,ppf024_xy86_0
320,165,99.89189189189189,4.80193852379336,1.1120888617719416,8.04714090551988,0.010010822510822512,ppf024_xy86_0
321,176,101.08108108108108,5.498306197939423,1.136615724601993,8.506082361067785,0.009893048128342246,ppf024_xy86_0
322,187,102.46846846846847,6.186283545907373,1.158346493788796,8.955701448501975,0.009759099701072622,ppf024_xy86_0
323,198,104.05405405405405,0.5816684559610096,1.177998323583898,9.405475046717395,0.00961038961038961,ppf024_xy86_0
324,209,105.44144144144144,1.2469246571769506,1.197557548609498,9.850006222208464,0.009483937115516063,ppf024_xy86_0
325,220,107.02702702702703,1.9025853716268903,1.214556290741873,10.283978088783527,0.009343434343434343,ppf024_xy86_0
326,231,108.8108108108108,2.54727497628699,1.2284105591636936,10.695264110505853,0.009190263288623945,ppf024_xy86_0
327,242,110.7927927927928,3.1820057160270045,1.2399211798071625,11.0951212387744,0.009025857863067165,ppf024_xy86_0
328,253,112.57657657657657,3.8049885617090835,1.2530194429324004,11.513199838408092,0.008882842509603073,ppf024_xy86_0
329,264,114.55855855855856,4.41906300466621,1.265355756872544,11.947724956791902,0.008729160113243158,ppf024_xy86_0
330,275,116.34234234234235,5.022174403261195,1.2808099513042552,12.431959165897384,0.008595322905374013,ppf024_xy86_0
331,286,118.12612612612612,5.616086352132255,1.2975662225436733,12.954999797318669,0.008465527760829775,ppf024_xy86_0
332,297,119.71171171171171,6.20106578272271,1.314218010936163,13.468023189215252,0.008353401565322095,ppf024_xy86_0
333,308,120.90090090090091,0.49460059959921776,1.3307181800594292,13.945500407797274,0.00827123695976155,ppf024_xy86_0
334,319,122.09009009009009,1.0660665270581215,1.3454601608355905,14.396419233242078,0.008190672963400236,ppf024_xy86_0
335,330,122.68468468468468,1.6269593628552452,1.3622434417850497,14.82969393603632,0.008150976648553385,ppf024_xy86_0
336,341,123.47747747747748,2.186111976683748,1.373774366233785,15.179272268124864,0.008098642930103605,ppf024_xy86_0
337,352,124.27027027027027,2.7440395062854597,1.3856498862512414,15.54199085461636,0.008046976946498478,ppf024_xy86_0
338,363,124.86486486486487,3.2963885069922503,1.394372321606612,15.813577947128312,0.008008658008658008,ppf024_xy86_0
339,374,125.26126126126127,3.8459748375062395,1.3996539852920298,15.98418641155683,0.007983314154200229,ppf024_xy86_0
340,385,125.65765765765767,4.391765485650435,1.4036320393581072,16.126045876586712,0.007958130197877831,ppf024_xy86_0
341,396,126.05405405405405,4.939191476319685,1.4043696184486614,16.193922409064044,0.007933104631217838,ppf024_xy86_0
342,407,126.25225225225225,5.483887274775198,1.4039993122565733,16.210832177826234,0.007920650777793635,ppf024_xy86_0
343,418,126.64864864864865,6.026550566455167,1.4021303049793867,16.218463119999072,0.007895860008536065,ppf024_xy86_0
344,429,126.64864864864865,0.2850116893633309,1.3970888914000064,16.102044571525923,0.007895860008536065,ppf024_xy86_0
345,440,126.84684684684684,0.8270143611641355,1.3847475521287251,15.843578264267345,0.007883522727272727,ppf024_xy86_0
346,451,126.84684684684684,1.3707784392604057,1.3717659241454088,15.547912295028905,0.007883522727272727,ppf024_xy86_0
347,462,127.04504504504504,1.912450232952822,1.3568176600202317,15.234671429508268,0.007871223939866686,ppf024_xy86_0
348,473,127.04504504504504,2.4537441892503957,1.3403495665484733,14.867100366634007,0.007871223939866686,ppf024_xy86_0
349,484,126.84684684684684,2.996095565587729,1.319519642276638,14.386123368623709,0.007883522727272727,ppf024_xy86_0
350,495,126.64864864864865,3.5404720772523226,1.293233671694888,13.797072708531777,0.007895860008536065,ppf024_xy86_0
351,506,126.64864864864865,4.085211171359339,1.2640595252475328,13.181595993064308,0.007895860008536065,ppf024_xy86_0
352,517,126.45045045045045,4.63038107641677,1.2358907366864216,12.580935049591163,0.007908235964662298,ppf024_xy86_0
353,528,126.05405405405405,5.177833623724844,1.20512077843123,11.924779355984343,0.007933104631217838,ppf024_xy86_0
354,539,125.65765765765767,5.726911551971717,1.169286740324169,11.190858253157634,0.007958130197877831,ppf024_xy86_0
355,550,125.06306306306307,6.2831768239100985,1.1276195734946073,10.358256430966502,0.00799596599913557,ppf024_xy86_0
356,561,124.66666666666667,0.5574893646904101,1.0870620085561467,9.596024955206227,0.00802139037433155,ppf024_xy86_0
357,572,124.46846846846847,1.1123427495580391,1.0463922766154763,8.877297656150253,0.008034163288940358,ppf024_xy86_0
358,583,124.27027027027027,1.6671302568785735,1.0038388033937646,8.156945992272634,0.008046976946498478,ppf024_xy86_0
359,594,123.67567567567568,2.231746783393818,0.9585484853170085,7.401927850555001,0.008085664335664336,ppf024_xy86_0
360,605,123.47747747747748,2.791654133298253,0.9098644248756751,6.658455528256631,0.008098642930103605,ppf024_xy86_0
361,616,123.08108108108108,3.3604494469125163,0.8563524117706577,5.8793421914338175,0.008124725516029864,ppf024_xy86_0
362,627,123.47747747747748,3.9067331585541414,0.8000980008529084,5.148805715810711,0.008098642930103605,ppf024_xy86_0
363,0,73.13513513513513,5.031250999696138,0.48321646529937495,1.2943651258142272,0.013673318551367332,ppf024_xy88_0
364,11,72.14414414414415,5.91545463306478,0.5417183814371302,1.604706148811427,0.01386113886113886,ppf024_xy88_0
365,22,71.54954954954955,0.5550664522889239,0.5980517425255514,1.9396872487246288,0.013976328380760513,ppf024_xy88_0
366,33,70.95495495495496,1.4887799349559607,0.6516030740293227,2.283475016195265,0.01409344845099035,ppf024_xy88_0
367,44,70.55855855855856,2.440997338929407,0.7000766198954037,2.6211274256682864,0.014172625127681308,ppf024_xy88_0
368,55,70.36036036036036,3.4063407542740474,0.742410780565764,2.939435135444093,0.014212548015364916,ppf024_xy88_0
369,66,70.36036036036036,4.379779401477991,0.7776338348796749,3.2249697009551452,0.014212548015364916,ppf024_xy88_0
370,77,70.55855855855856,5.356728146361457,0.8051099319196766,3.46662891401682,0.014172625127681308,ppf024_xy88_0
371,88,70.75675675675676,0.0472778052252132,0.8263305166584879,3.662037507765152,0.014132925897631779,ppf024_xy88_0
372,99,71.15315315315316,1.0177816299212998,0.840851051058599,3.8131121608476364,0.014054190934413775,ppf024_xy88_0
373,110,71.94594594594594,1.981163775047748,0.848601629597485,3.927003935968859,0.013899323816679191,ppf024_xy88_0
374,121,72.93693693693695,2.9316255259888866,0.8522970055373326,4.01584306361611,0.013710474308300394,ppf024_xy88_0
375,132,74.12612612612612,3.8667862692052806,0.8541887350415838,4.099456385452088,0.013490520175012155,ppf024_xy88_0
376,143,75.51351351351352,4.785443661743067,0.8570638652070842,4.204344888530717,0.013242662848962061,ppf024_xy88_0
377,154,77.29729729729729,5.687791728093971,0.8627929528881059,4.361388500364799,0.012937062937062939,ppf024_xy88_0
378,165,114.75675675675676,2.2159147232434036,0.7315896586400626,4.655439297046359,0.008714083843617522,ppf024_xy88_0
379,176,112.97297297297297,2.7671604114630015,0.7733936061581342,5.121804519350812,0.008851674641148326,ppf024_xy88_0
380,187,110.7927927927928,3.314007493268591,0.8271947931525085,5.746115888713715,0.009025857863067165,ppf024_xy88_0
381,198,108.61261261261261,3.8605306776833928,0.8910868481434168,6.536836384174026,0.009207033842070339,ppf024_xy88_0
382,209,106.23423423423424,4.406005030755889,0.9586379385048007,7.399817400880186,0.009413161465400272,ppf024_xy88_0
383,220,102.86486486486487,4.93338097263634,1.0355072563333358,8.360276471692924,0.009721492380451918,ppf024_xy88_0
384,231,100.68468468468468,5.530489759209797,1.1129523551910145,9.452873511691212,0.009931997136721547,ppf024_xy88_0
385,242,100.68468468468468,6.208758402780053,1.1780255216509927,10.590588648851707,0.009931997136721547,ppf024_xy88_0
386,253,100.88288288288288,0.6077553036324105,1.2336469663382934,11.637148095358079,0.009912484372209323,ppf024_xy88_0
387,264,100.88288288288288,1.286117580766106,1.2824756845598975,12.576594270131489,0.009912484372209323,ppf024_xy88_0
388,275,100.68468468468468,1.9568741525483475,1.3256082463537753,13.410380334076587,0.009931997136721547,ppf024_xy88_0
389,286,100.88288288288288,2.6388478792123675,1.3610708248575836,14.165314479897635,0.009912484372209323,ppf024_xy88_0
390,297,101.27927927927928,3.32072947544072,1.3916287013218562,14.866702239215623,0.009873687955879737,ppf024_xy88_0
391,308,101.47747747747748,3.9970164091833187,1.415560381213538,15.412523358697408,0.009854403409090908,ppf024_xy88_0
392,319,101.47747747747748,4.668271440624823,1.4336786267019177,15.809588691279814,0.009854403409090908,ppf024_xy88_0
393,330,101.67567567567568,5.343223641505265,1.4434619976237837,16.05739397012228,0.009835194045720362,ppf024_xy88_0
394,341,102.07207207207207,6.01743631834538,1.450276568192944,16.27255987365285,0.009796999117387467,ppf024_xy88_0
395,352,102.27027027027027,0.4040897666501269,1.451650351077792,16.33506012148264,0.009778012684989429,ppf024_xy88_0
396,363,102.27027027027027,1.0730436820383595,1.4457915107077342,16.203470061121877,0.009778012684989429,ppf024_xy88_0
397,374,102.46846846846847,1.7419277217277118,1.4320646458041069,15.928056155768852,0.009759099701072622,ppf024_xy88_0
398,385,102.66666666666667,2.4091540260279936,1.4137544749960955,15.553378240056222,0.00974025974025974,ppf024_xy88_0
399,396,102.66666666666667,3.0765160969931977,1.388473479384456,15.002095516046573,0.00974025974025974,ppf024_xy88_0
400,407,103.06306306306307,3.741006582857237,1.3530037086129616,14.300403982301587,0.009702797202797202,ppf024_xy88_0
401,418,103.26126126126127,4.404419886958311,1.3190652390711943,13.618123340258258,0.009684173791659395,ppf024_xy88_0
402,429,103.45945945945947,5.064926927517986,1.2809879832859976,12.86789780483321,0.009665621734587251,ppf024_xy88_0
403,440,103.45945945945947,5.7264153508383995,1.2356830077175476,11.973790104103664,0.009665621734587251,ppf024_xy88_0
404,451,103.45945945945947,0.10691516557102741,1.1829596819952872,10.973808517910426,0.009665621734587251,ppf024_xy88_0
405,462,103.85585585585585,0.7607880874236086,1.128463588379132,10.024284330811804,0.009628730048577377,ppf024_xy88_0
406,473,104.25225225225225,1.4091140469280123,1.0727963936981564,9.094259505626352,0.009592118907708261,ppf024_xy88_0
407,484,104.25225225225225,2.065008392867244,1.0134843880962465,8.116463857498687,0.009592118907708261,ppf024_xy88_0
408,495,104.64864864864865,2.707644336371147,0.9463393470333213,7.10353797420182,0.009555785123966943,ppf024_xy88_0
409,506,105.24324324324324,3.3443433537818548,0.8778165985879238,6.146800062773662,0.009501797637390858,ppf024_xy88_0
410,0,85.02702702702703,5.601118672183773,0.4642624400500418,1.1279846244936464,0.011760966306420852,ppf024_xy89_0
411,11,85.02702702702703,0.13403599238768615,0.5202656575039308,1.4165320302893958,0.011760966306420852,ppf024_xy89_0
412,22,85.42342342342343,0.9680002029908625,0.5767853887072885,1.7491399493615398,0.011706391056739084,ppf024_xy89_0
413,33,86.21621621621621,1.8131673809496252,0.6311301703229578,2.113712561853091,0.011598746081504702,ppf024_xy89_0
414,44,86.8108108108108,2.639568256672641,0.6859135616570241,2.5138055356941997,0.011519302615193027,ppf024_xy89_0
415,55,87.6036036036036,3.4643116656644386,0.7395795533645075,2.9492449864102626,0.011415055532702592,ppf024_xy89_0
416,66,88.5945945945946,4.284844901692458,0.7914369486751633,3.41553668994202,0.011287370347773032,ppf024_xy89_0
417,77,89.98198198198199,5.10187130202723,0.8428747179953345,3.9346009822738677,0.011113336003203843,ppf024_xy89_0
418,88,91.17117117117117,5.900934643301166,0.8927966767617842,4.472823388207022,0.010968379446640317,ppf024_xy89_0
419,99,92.16216216216216,0.40020298454925773,0.9427414932272806,5.041467662513714,0.010850439882697948,ppf024_xy89_0
420,110,92.95495495495496,1.167630498616305,0.9938519099643188,5.65112592005691,0.01075789881760031,ppf024_xy89_0
421,121,93.94594594594595,1.9313095878324997,1.0441278801032268,6.303830321118837,0.010644418872266973,ppf024_xy89_0
422,132,94.54054054054055,2.676819261264969,1.0936013520646586,6.959134727811725,0.010577472841623784,ppf024_xy89_0
423,143,95.13513513513513,3.416160233975851,1.141056890375995,7.623854889980908,0.010511363636363636,ppf024_xy89_0
424,154,95.72972972972973,4.14690901300557,1.1847209436996575,8.269857978047174,0.010446075663466968,ppf024_xy89_0
425,165,96.32432432432432,4.8738231496191755,1.2283469515564065,8.945346390507762,0.010381593714927048,ppf024_xy89_0
426,176,96.72072072072072,5.591276307491873,1.2675326364440729,9.564381949613981,0.010339046199701937,ppf024_xy89_0
427,187,97.11711711711712,0.022212653404054067,1.3008162379203188,10.114554701755337,0.010296846011131726,ppf024_xy89_0
428,198,97.31531531531532,0.7289519638538104,1.3309034611051782,10.609462680826653,0.010275874837992964,ppf024_xy89_0
429,209,97.51351351351352,1.434696441051362,1.3563605154078076,11.041654877826215,0.010254988913525498,ppf024_xy89_0
430,220,97.71171171171171,2.1382775337037847,1.3797584666451523,11.449113035791674,0.010234187718974736,ppf024_xy89_0
431,231,98.10810810810811,2.838511532732538,1.3970421525329455,11.785364191739637,0.010192837465564738,ppf024_xy89_0
432,242,98.30630630630631,3.5344639857129603,1.4073109316783181,11.983414656769341,0.010172287390029325,ppf024_xy89_0
433,253,98.50450450450451,4.22805694966371,1.4092789923366964,12.041182349845453,0.01015182001097494,ppf024_xy89_0
434,264,98.70270270270271,4.9212013364337945,1.4058397172487784,12.006591877069138,0.01013143483023001,ppf024_xy89_0
435,275,99.0990990990991,5.616427826197177,1.3961315664201979,11.888894846909885,0.01009090909090909,ppf024_xy89_0
436,286,99.0990990990991,0.025099726258515725,1.3809798128838446,11.632242648841986,0.01009090909090909,ppf024_xy89_0
437,297,99.0990990990991,0.7172505862646336,1.359306949286655,11.269998730295866,0.01009090909090909,ppf024_xy89_0
438,308,99.49549549549549,1.4067897924846058,1.3297709652063636,10.82869690165812,0.010050706265845708,ppf024_xy89_0
439,319,99.69369369369369,2.095480372355256,1.300436225158061,10.37683451866467,0.010030724742454365,ppf024_xy89_0
440,330,99.89189189189189,2.781954350764697,1.2676605318550593,9.879961738924619,0.010010822510822512,ppf024_xy89_0
441,341,99.89189189189189,3.4704494532600627,1.230577434056997,9.310375962779394,0.010010822510822512,ppf024_xy89_0
442,352,100.28828828828829,4.1521905066025155,1.1893017960922923,8.730788239593927,0.009971254042400287,ppf024_xy89_0
443,363,100.68468468468468,4.833781338658907,1.1480308853592944,8.167509432453022,0.009931997136721547,ppf024_xy89_0
444,374,100.68468468468468,5.516266938553805,1.1068734525921897,7.59238886353044,0.009931997136721547,ppf024_xy89_0
445,385,100.88288288288288,6.194768211291535,1.0611024871301933,6.991192102155017,0.009912484372209323,ppf024_xy89_0
446,396,101.27927927927928,0.5871137697555757,1.01606992043674,6.43556791934689,0.009873687955879737,ppf024_xy89_0
447,407,101.67567567567568,1.2597374486372515,0.9750987131945936,5.950224066179973,0.009835194045720362,ppf024_xy89_0
448,418,102.07207207207207,1.929836168217148,0.9355419010066803,5.4986047680101615,0.009796999117387467,ppf024_xy89_0
449,429,102.27027027027027,2.597408140790283,0.8917352459890857,5.005418047127598,0.009778012684989429,ppf024_xy89_0
450,440,102.46846846846847,3.2673754411846314,0.8478413176390791,4.533550791921605,0.009759099701072622,ppf024_xy89_0
451,451,103.06306306306307,3.9257193163007438,0.8070040345262114,4.131174538480498,0.009702797202797202,ppf024_xy89_0
452,462,103.65765765765765,4.577085285014876,0.7689448063668003,3.7723398655398714,0.009647140622284027,ppf024_xy89_0
453,473,104.05405405405405,5.227076157535927,0.7300265388284569,3.4131501079225117,0.00961038961038961,ppf024_xy89_0
454,484,104.45045045045045,5.874743386654579,0.6881216189155988,3.0441062619050623,0.009573917543557013,ppf024_xy89_0
455,495,105.24324324324324,0.23363706443893079,0.6402335773820186,2.655156986604143,0.009501797637390858,ppf024_xy89_0
456,506,106.63063063063063,0.847156599382203,0.6013105636314385,2.373005424628132,0.009378168300101386,ppf024_xy89_0
457,0,109.8018018018018,0.35569707681639423,0.6592863206898633,2.3378144964114216,0.009107318674105677,ppf024_xy91_0
458,11,109.6036036036036,0.9770806924081066,0.7183865033303968,2.7707262109562634,0.009123787604800263,ppf024_xy91_0
459,22,109.4054054054054,1.5992827912995147,0.7776896712556032,3.2411855396591647,0.009140316205533598,ppf024_xy91_0
460,33,109.2072072072072,2.2229655753206745,0.8370640017437849,3.748185553670499,0.009156904801187924,ppf024_xy91_0
461,44,109.009009009009,2.847895005501075,0.8967951007945575,4.294388157552034,0.009173553719008265,ppf024_xy91_0
462,55,109.009009009009,3.479956587195904,0.9565645250917365,4.885886610590196,0.009173553719008265,ppf024_xy91_0
463,66,109.2072072072072,4.116757392284409,1.0141156383280518,5.501469524915586,0.009156904801187924,ppf024_xy91_0
464,77,109.2072072072072,4.745999762381991,1.0701058349009747,6.125721047162043,0.009156904801187924,ppf024_xy91_0
465,88,109.4054054054054,5.380968450950094,1.1228512538992843,6.756716348028971,0.009140316205533598,ppf024_xy91_0
466,99,109.4054054054054,6.010063488986252,1.1749498483497027,7.398265109500017,0.009140316205533598,ppf024_xy91_0
467,110,109.4054054054054,0.3553233159544164,1.2256208400261284,8.050141321941268,0.009140316205533598,ppf024_xy91_0
468,121,109.6036036036036,0.9865414809549801,1.273310778903475,8.70454581113619,0.009123787604800263,ppf024_xy91_0
469,132,109.8018018018018,1.616403833114632,1.3173756094571398,9.334287099105982,0.009107318674105677,ppf024_xy91_0
470,143,109.8018018018018,2.2423591878301683,1.3594220074234464,9.939636687166633,0.009107318674105677,ppf024_xy91_0
471,154,110.0,2.871114493522964,1.397651696709151,10.52550757692838,0.00909090909090909,ppf024_xy91_0
472,165,110.1981981981982,3.498794850051336,1.4339314303873454,11.098996459706733,0.00907455853499019,ppf024_xy91_0
473,176,110.3963963963964,4.1243090408539365,1.4698807115128247,11.683461450832363,0.009058266688428268,ppf024_xy91_0
474,187,110.5945945945946,4.7478667298865584,1.5022293347120337,12.225280393021777,0.009042033235581623,ppf024_xy91_0
475,198,110.990990990991,5.372428566326182,1.5296643620526276,12.721328787949735,0.00900974025974026,ppf024_xy91_0
476,209,111.1891891891892,5.993748936279427,1.5558114199457103,13.183445377771596,0.00899368011667477,ppf024_xy91_0
477,220,111.38738738738739,0.33086651707147025,1.58079305635647,13.634477756107184,0.008977677127143318,ppf024_xy91_0
478,231,111.78378378378379,0.9506704934913157,1.6035115508347426,14.079117788519977,0.008945841392649903,ppf024_xy91_0
479,242,112.18018018018019,1.5676199383788023,1.6249218788765403,14.508868908468063,0.008914230645679408,ppf024_xy91_0
480,253,112.57657657657657,2.182746189954723,1.643546972169736,14.895830777673359,0.008882842509603073,ppf024_xy91_0
481,264,112.97297297297297,2.7957244281400913,1.66032376754241,15.2550128700767,0.008851674641148326,ppf024_xy91_0
482,275,113.36936936936937,3.407141868274506,1.6763389561250022,15.60529047503851,0.008820724729815639,ppf024_xy91_0
483,286,113.76576576576576,4.016368085199678,1.691936423573424,15.952623855692757,0.008789990497307571,ppf024_xy91_0
484,297,114.16216216216216,4.62281425122642,1.7085356938413674,16.323855771939865,0.008759469696969698,ppf024_xy91_0
485,308,114.55855855855856,5.227108496801669,1.7227288366835714,16.65381892067788,0.008729160113243158,ppf024_xy91_0
486,319,114.95495495495496,5.8292975601050365,1.735673845525962,16.96353600744253,0.008699059561128526,ppf024_xy91_0
487,330,115.35135135135135,0.14778834850521835,1.7475865717407595,17.256492839145672,0.00866916588566073,ppf024_xy91_0
488,341,115.74774774774775,0.7462146633884332,1.7594098523163018,17.550885755320657,0.00863947696139477,ppf024_xy91_0
489,352,116.14414414414415,1.3418973916183783,1.7688517304622873,17.800517589276158,0.008609990691901954,ppf024_xy91_0
490,363,116.34234234234235,1.9356799186127995,1.7770365465957816,17.996289604980834,0.008595322905374013,ppf024_xy91_0
491,374,116.73873873873875,2.527722851361576,1.784410251109692,18.207774528873948,0.008566136749498379,ppf024_xy91_0
492,385,116.93693693693693,3.1181858293234654,1.7916033139724583,18.386026375428955,0.008551617873651772,ppf024_xy91_0
493,396,117.13513513513513,3.705972783337948,1.7963159785545477,18.5142063528491,0.00853714813105676,ppf024_xy91_0
494,407,117.33333333333333,4.292200957461642,1.7974639120278741,18.569243840390445,0.008522727272727274,ppf024_xy91_0
495,418,117.53153153153153,4.877788127131895,1.7943289082390366,18.535783766014564,0.008508355051356739,ppf024_xy91_0
496,429,117.92792792792793,5.462897359631913,1.7877951915007682,18.463101125026217,0.008479755538579069,ppf024_xy91_0
497,440,118.12612612612612,6.045741709374982,1.7823366124167515,18.381369677104527,0.008465527760829775,ppf024_xy91_0
498,451,118.32432432432432,0.34285720980152223,1.7735439905528179,18.230996774703282,0.008451347647327547,ppf024_xy91_0
499,462,118.52252252252252,0.92114599988218,1.7591604391482567,17.966531228750007,0.00843721495895409,ppf024_xy91_0
500,473,118.52252252252252,1.4997729146135883,1.742059206946248,17.618914956830633,0.00843721495895409,ppf024_xy91_0
501,484,118.72072072072072,2.0770447579902287,1.7176019619930416,17.156315744066536,0.008423129458187888,ppf024_xy91_0
502,495,118.91891891891892,2.653351228682068,1.6898675287391924,16.634460696608997,0.00840909090909091,ppf024_xy91_0
503,506,119.11711711711712,3.227245681457328,1.6579338374380215,16.038399075671432,0.008395099077295416,ppf024_xy91_0
504,517,119.11711711711712,3.80194702859264,1.6209979687673657,15.331744253639865,0.008395099077295416,ppf024_xy91_0
505,528,119.11711711711712,4.376868779021139,1.5776926510855986,14.523504717744505,0.008395099077295416,ppf024_xy91_0
506,539,119.31531531531532,4.949209640663244,1.5286903342535882,13.658018083169123,0.00838115372999094,ppf024_xy91_0
507,550,119.71171171171171,5.516285706530591,1.4765721190283017,12.784931898357865,0.008353401565322095,ppf024_xy91_0
508,561,119.90990990990991,6.084088872492051,1.4223907834702592,11.883527807478044,0.008339594290007513,ppf024_xy91_0
509,572,119.90990990990991,0.37182944379835375,1.3644306936541961,10.934791051749254,0.008339594290007513,ppf024_xy91_0
510,583,120.10810810810811,0.9374411293560417,1.2999693639191436,9.94239497635902,0.008325832583258325,ppf024_xy91_0
511,594,120.70270270270271,1.4925329667426668,1.2287298627763263,8.92652185023505,0.008284818629646215,ppf024_xy91_0
512,605,121.29729729729729,2.04365339884731,1.1608166352053009,8.006280867089096,0.00824420677361854,ppf024_xy91_0
513,616,121.89189189189189,2.5895294321360764,1.092961446890789,7.132420746116837,0.008203991130820399,ppf024_xy91_0
514,627,122.48648648648648,3.1301872307194705,1.0233163943616994,6.282904983336747,0.008164165931156223,ppf024_xy91_0
515,638,123.08108108108108,3.6673766047201584,0.9502838221664932,5.444405007317102,0.008124725516029864,ppf024_xy91_0
516,0,119.11711711711712,1.9886140397815628,0.6819688467304788,3.0905901680495855,0.008395099077295416,ppf024_xy94_0
517,11,118.12612612612612,2.528898065241394,0.7287402476286154,3.4996905613897367,0.008465527760829775,ppf024_xy94_0
518,22,116.34234234234235,3.06190558861759,0.7763174690886835,3.9116023106200557,0.008595322905374013,ppf024_xy94_0
519,33,114.55855855855856,3.6154112043498996,0.8359423822186379,4.465996744674071,0.008729160113243158,ppf024_xy94_0
520,44,113.96396396396396,4.201518648970104,0.9096804186375871,5.261183049593997,0.008774703557312254,ppf024_xy94_0
521,55,113.96396396396396,4.795594429915615,0.9662399991030163,5.9357519408717545,0.008774703557312254,ppf024_xy94_0
522,66,113.56756756756756,5.382972937956432,1.012356223901147,6.493206446972251,0.008805330794859591,ppf024_xy94_0
523,77,112.37837837837839,5.9711092093782225,1.0591724130403573,7.03322085305644,0.008898508898508899,ppf024_xy94_0
524,88,111.38738738738739,0.28995359367337303,1.1178038851944214,7.764355643935976,0.008977677127143318,ppf024_xy94_0
525,99,111.38738738738739,0.9045648322707676,1.1788099103055911,8.634988171561437,0.008977677127143318,ppf024_xy94_0
526,110,111.58558558558559,1.5133741380791952,1.2308428053537694,9.430863357310116,0.008961730986597772,ppf024_xy94_0
527,121,111.58558558558559,2.1231421553108487,1.2666442318218123,9.987471869071273,0.008961730986597772,ppf024_xy94_0
528,132,111.38738738738739,2.7342511285396665,1.297205614433112,10.456632132909869,0.008977677127143318,ppf024_xy94_0
529,143,110.990990990991,3.3514528505912398,1.3350288478923544,11.035885914698046,0.00900974025974026,ppf024_xy94_0
530,154,110.990990990991,3.9695909109231358,1.385554819974132,11.88702917805537,0.00900974025974026,ppf024_xy94_0
531,165,111.38738738738739,4.5841917433548325,1.419731409138139,12.525254853007338,0.008977677127143318,ppf024_xy94_0
532,176,111.58558558558559,5.195601883694447,1.4422085707521093,12.947991747785533,0.008961730986597772,ppf024_xy94_0
533,187,111.58558558558559,5.810887395822505,1.458355742892915,13.239549936986588,0.008961730986597772,ppf024_xy94_0
534,198,111.38738738738739,0.1471410832463397,1.479611284961349,13.604088870773404,0.008977677127143318,ppf024_xy94_0
535,209,111.38738738738739,0.7653498311634326,1.5136378733064526,14.236989411037529,0.008977677127143318,ppf024_xy94_0
536,220,110.5945945945946,1.3621689310659548,1.5067161422716329,14.006671911432196,0.009042033235581623,ppf024_xy94_0
537,231,110.5945945945946,1.9815255119130393,1.5115814342796512,14.09727500777608,0.009042033235581623,ppf024_xy94_0
538,242,110.7927927927928,2.605472759129554,1.4914242763467311,13.748398082249802,0.009025857863067165,ppf024_xy94_0
539,253,111.1891891891892,3.228409861371019,1.4841950455840283,13.664152208543612,0.00899368011667477,ppf024_xy94_0
540,264,111.1891891891892,3.8434071492102726,1.4808996791722022,13.603542385085332,0.00899368011667477,ppf024_xy94_0
541,275,111.1891891891892,4.457402314899786,1.4707172506565946,13.41711397380296,0.00899368011667477,ppf024_xy94_0
542,286,110.990990990991,5.070476984782819,1.443583867768057,12.903571778978389,0.00900974025974026,ppf024_xy94_0
543,297,111.1891891891892,5.689407167191678,1.4007165395461638,12.17029904228747,0.00899368011667477,ppf024_xy94_0
544,308,111.78378378378379,0.02544076946106421,1.3659709740402917,11.635898405661246,0.008945841392649903,ppf024_xy94_0
545,319,111.98198198198199,0.6366767400869933,1.3399435348366733,11.216550546391717,0.008930008045052293,ppf024_xy94_0
546,330,111.78378378378379,1.2450197465418478,1.305583322639951,10.629826264375412,0.008945841392649903,ppf024_xy94_0
547,341,111.1891891891892,1.8620052897011936,1.2569944737506,9.800934182904593,0.00899368011667477,ppf024_xy94_0
548,352,111.38738738738739,2.4762608805885162,1.1955018616203759,8.881262444412798,0.008977677127143318,ppf024_xy94_0
549,363,111.98198198198199,3.085224889405994,1.1424755375069464,8.154177148210346,0.008930008045052293,ppf024_xy94_0
550,374,112.18018018018019,3.689254211224871,1.09628362159783,7.521425490615121,0.008914230645679408,ppf024_xy94_0
551,385,111.58558558558559,4.3049087807730855,1.042143285973767,6.760847492548797,0.008961730986597772,ppf024_xy94_0
552,396,110.5945945945946,4.937263966429151,0.9700756882895759,5.806084001872755,0.009042033235581623,ppf024_xy94_0
553,407,110.7927927927928,5.552165968952956,0.8937180610763817,4.936859321675153,0.009025857863067165,ppf024_xy94_0
554,0,73.92792792792793,5.532849185010376,0.5598298595493144,1.6542872729593352,0.013526687789422374,ppf024_xy97_0
555,11,73.92792792792793,0.18120502739527927,0.6191359383691839,2.0233491855212993,0.013526687789422374,ppf024_xy97_0
556,22,74.32432432432432,1.1275161566397347,0.6752082460192699,2.4193389768176212,0.013454545454545455,ppf024_xy97_0
557,33,75.11711711711712,2.0773532490388895,0.7258390228095287,2.825594365141406,0.013312544974814104,ppf024_xy97_0
558,44,75.90990990990991,3.0136824489490586,0.7715160607213574,3.226106468423484,0.013173510562544505,ppf024_xy97_0
559,55,76.9009009009009,3.943486168946713,0.812959854912317,3.628773866382552,0.013003748828491098,ppf024_xy97_0
560,66,77.69369369369369,4.853470776802953,0.8529164360800119,4.035422522796123,0.012871057513914657,ppf024_xy97_0
561,77,78.88288288288288,5.757386973663009,0.8888964177349414,4.450157312831914,0.01267702147099132,ppf024_xy97_0
562,88,80.07207207207207,0.3599421154805158,0.9212367060745779,4.8519220194612265,0.012488748874887488,ppf024_xy97_0
563,99,81.26126126126127,1.2322814319648825,0.950233461437127,5.238832044673742,0.012305986696230597,ppf024_xy97_0
564,110,82.45045045045046,2.0924817739179478,0.97911375895732,5.643514135121173,0.012128496503496502,ppf024_xy97_0
565,121,83.63963963963964,2.938848352286512,1.0094173901185215,6.08476759664436,0.011956053425247738,ppf024_xy97_0
566,132,85.02702702702703,3.77231968459314,1.0396599186357893,6.561904025329231,0.011760966306420852,ppf024_xy97_0
567,143,86.61261261261261,4.591230042637538,1.0676361409699975,7.048844826989306,0.01154566257541086,ppf024_xy97_0
568,154,88.1981981981982,5.396993068263639,1.0936101449300717,7.531388504471605,0.011338100102145046,ppf024_xy97_0
569,165,89.58558558558559,6.188871394816383,1.1215194910160355,8.045296711698985,0.011162510056315366,ppf024_xy97_0
570,176,90.97297297297297,0.6857698069175688,1.152670078706976,8.630037931914051,0.010992275698158051,ppf024_xy97_0
571,187,92.36036036036036,1.4516294518900195,1.1868104308246932,9.288350717195181,0.010827155676941085,ppf024_xy97_0
572,198,94.14414414414415,2.2059917808849234,1.219808342805398,10.001537965002829,0.01062200956937799,ppf024_xy97_0
573,209,95.53153153153153,2.9449930317784556,1.251100314340126,10.67631266875393,0.01046774801961524,ppf024_xy97_0
574,220,96.72072072072072,3.673775174895253,1.2816697266825359,11.34389124153092,0.010339046199701937,ppf024_xy97_0
575,231,97.90990990990991,4.394563850578349,1.3225092306789434,12.226843469292278,0.01021347073978653,ppf024_xy97_0
576,242,98.70270270270271,5.09743546743008,1.3501881650496763,12.847183166572606,0.01013143483023001,ppf024_xy97_0
577,253,99.49549549549549,5.797274299334963,1.3694941699343584,13.323369490994923,0.010050706265845708,ppf024_xy97_0
578,264,100.28828828828829,0.2073592553140318,1.388412826909329,13.803134850075262,0.009971254042400287,ppf024_xy97_0
579,275,101.08108108108108,0.8900688630147242,1.403832152654293,14.222977587545225,0.009893048128342246,ppf024_xy97_0
580,286,101.67567567567568,1.567149504869034,1.404692628958106,14.324185996016064,0.009835194045720362,ppf024_xy97_0
581,297,102.66666666666667,2.2455350870336157,1.3986164643141714,14.338938828580133,0.00974025974025974,ppf024_xy97_0
582,308,103.26126126126127,2.9097609923683723,1.393385178925283,14.314298725525212,0.009684173791659395,ppf024_xy97_0
583,319,103.65765765765765,3.5675419326475373,1.3796803470667718,14.08797668965718,0.009647140622284027,ppf024_xy97_0
584,330,104.05405405405405,4.223419327232616,1.35431988408184,13.626734443464835,0.00961038961038961,ppf024_xy97_0
585,341,104.84684684684684,4.876278086992904,1.3215352307243917,13.073839299625135,0.009537721257948101,ppf024_xy97_0
586,352,105.63963963963964,5.518406497665537,1.2892436231894049,12.536813708759313,0.009466143612485076,ppf024_xy97_0
587,363,105.83783783783784,6.158257235624587,1.2459189334971943,11.730345605408736,0.009448416751787538,ppf024_xy97_0
588,374,106.23423423423424,0.5124320763788386,1.1928136504624107,10.791951134133084,0.009413161465400272,ppf024_xy97_0
589,385,107.42342342342343,1.13676334536158,1.1305862810060094,9.803850691836942,0.009308956725930895,ppf024_xy97_0
590,396,108.41441441441441,1.749888833793961,1.0774645594240766,8.986349262594613,0.00922386571381087,ppf024_xy97_0
591,407,108.8108108108108,2.366390855486164,1.0212721828865572,8.102990499308738,0.009190263288623945,ppf024_xy97_0
592,418,109.2072072072072,2.979724058730512,0.9523221598355495,7.071464388915247,0.009156904801187924,ppf024_xy97_0
593,429,110.7927927927928,3.559141440688075,0.8730168571107835,6.0290244702435025,0.009025857863067165,ppf024_xy97_0
594,0,124.27027027027027,1.763641805441629,0.36472719159537004,1.281160988304242,0.008046976946498478,ppf024_xy98_0
595,11,120.50450450450451,2.1898542687262608,0.3975482893415384,1.4759893951249654,0.008298444976076555,ppf024_xy98_0
596,22,117.92792792792793,2.6622657075739498,0.43571320692819776,1.7350751654147458,0.008479755538579069,ppf024_xy98_0
597,33,115.15315315315316,3.128964690380622,0.4717452376923825,1.9860540403913618,0.00868408699734001,ppf024_xy98_0
598,44,111.1891891891892,3.567989555979885,0.5109515886960205,2.2496877771255748,0.00899368011667477,ppf024_xy98_0
599,55,106.23423423423424,3.9790771013395627,0.5692624301249697,2.668023892058194,0.009413161465400272,ppf024_xy98_0
600,66,103.26126126126127,4.484136688174896,0.6404876696710008,3.2829113075972836,0.009684173791659395,ppf024_xy98_0
601,77,100.48648648648648,5.0092086765100206,0.7106763444837882,3.9332500669632076,0.009951586874663798,ppf024_xy98_0
602,88,97.71171171171171,5.561808956769122,0.7833998629262664,4.647439892347989,0.010234187718974736,ppf024_xy98_0
603,99,95.72972972972973,6.1808326285210295,0.8576389903409423,5.457026267990715,0.010446075663466968,ppf024_xy98_0
604,110,95.33333333333333,0.5970393765780807,0.9257983816193809,6.33253779795021,0.01048951048951049,ppf024_xy98_0
605,121,95.33333333333333,1.311117602201884,0.9868389665487322,7.195111622166687,0.01048951048951049,ppf024_xy98_0
606,132,95.33333333333333,2.0280794866276373,1.0405135843708013,7.999087826396639,0.01048951048951049,ppf024_xy98_0
607,143,95.13513513513513,2.7436331715758406,1.093558150602764,8.817082022137372,0.010511363636363636,ppf024_xy98_0
608,154,95.33333333333333,3.465930160239646,1.140918657179158,9.61732561813449,0.01048951048951049,ppf024_xy98_0
609,165,95.92792792792793,4.190672028540035,1.1791628271349046,10.336959169402625,0.010424492862509393,ppf024_xy98_0
610,176,96.32432432432432,4.906308763470824,1.2111931307287562,10.951231185301287,0.010381593714927048,ppf024_xy98_0
611,187,96.52252252252252,5.620242939417317,1.2387249655928385,11.47832777153574,0.010360276274033974,ppf024_xy98_0
612,198,96.72072072072072,0.048602828936148715,1.2617571321413765,11.933593450857717,0.010339046199701937,ppf024_xy98_0
613,209,97.31531531531532,0.759157168517857,1.285339636730197,12.459975047195243,0.010275874837992964,ppf024_xy98_0
614,220,97.71171171171171,1.4627937765003172,1.3033759350492717,12.864301063273858,0.010234187718974736,ppf024_xy98_0
615,231,98.10810810810811,2.164420941691845,1.3148531603072315,13.144969654126394,0.010192837465564738,ppf024_xy98_0
616,242,98.50450450450451,2.8617758778435967,1.3286902409394852,13.47732678687454,0.01015182001097494,ppf024_xy98_0
617,253,98.50450450450451,3.5551237327577225,1.3360344284235592,13.626727395320978,0.01015182001097494,ppf024_xy98_0
618,264,99.0990990990991,4.252827980943802,1.3350516261825884,13.68881973371585,0.01009090909090909,ppf024_xy98_0
619,275,99.29729729729729,4.946195443021919,1.3339603026293936,13.693782223215536,0.010070767555797496,ppf024_xy98_0
620,286,99.69369369369369,5.638007129006847,1.3189073165645808,13.439911836934302,0.010030724742454365,ppf024_xy98_0
621,297,99.89189189189189,0.0442725192695932,1.310522272533987,13.295945576002062,0.010010822510822512,ppf024_xy98_0
622,308,100.28828828828829,0.7300022684731592,1.2992790786183428,13.120648089521419,0.009971254042400287,ppf024_xy98_0
623,319,100.48648648648648,1.4112705259031908,1.282737149041968,12.813954689555318,0.009951586874663798,ppf024_xy98_0
624,330,100.48648648648648,2.0943090922680763,1.2591601947873146,12.347237767886782,0.009951586874663798,ppf024_xy98_0
625,341,100.88288288288288,2.776920265021301,1.2304886717257113,11.837851884169401,0.009912484372209323,ppf024_xy98_0
626,352,101.47747747747748,3.452908180678991,1.2042770455057064,11.40571873405523,0.009854403409090908,ppf024_xy98_0
627,363,101.47747747747748,4.12800989136996,1.1773522452902785,10.901409995989424,0.009854403409090908,ppf024_xy98_0
628,374,101.67567567567568,4.798079378176537,1.1401029256416022,10.24248567380727,0.009835194045720362,ppf024_xy98_0
629,385,101.87387387387388,5.47119596171394,1.0961170925007948,9.485864111068144,0.009816059426954368,ppf024_xy98_0
630,396,102.46846846846847,6.135964752899387,1.0526362754559984,8.799278990533228,0.009759099701072622,ppf024_xy98_0
631,407,102.86486486486487,0.5112869658494499,1.0096579250386635,8.126728569300052,0.009721492380451918,ppf024_xy98_0
632,418,102.86486486486487,1.1752484177094855,0.9611893882932698,7.365210652110377,0.009721492380451918,ppf024_xy98_0
633,429,103.06306306306307,1.8365567426191274,0.9017696020083705,6.495228086775517,0.009702797202797202,ppf024_xy98_0
634,440,104.05405405405405,2.4746521582525123,0.8439032556697461,5.743075264995276,0.00961038961038961,ppf024_xy98_0
635,451,104.64864864864865,3.109963037737264,0.7922107461138059,5.089970446399299,0.009555785123966943,ppf024_xy98_0
636,462,105.24324324324324,3.7394868463630635,0.7378718599538788,4.440749719501153,0.009501797637390858,ppf024_xy98_0
