,time,periods,phase,amplitude,power,frequencies,Signal
0,0,54.108108108108105,1.9500444087813689,0.44203338149892896,1.2134817074348438,0.018481518481518484,ppf025_xy001_0
1,11,53.513513513513516,3.183964399459635,0.5012214322810903,1.5430623761223374,0.018686868686868686,ppf025_xy001_0
2,22,53.31531531531532,4.456153658727193,0.5534662612915818,1.8745413955638395,0.01875633660020277,ppf025_xy001_0
3,33,53.11711711711712,5.735223571031128,0.5984716452078772,2.1836468500538735,0.018826322930800544,ppf025_xy001_0
4,44,52.91891891891892,0.7380423891938124,0.6352154182110674,2.4508333127756234,0.018896833503575076,ppf025_xy001_0
5,55,52.72072072072072,2.030801894486521,0.6636925047725146,2.6654829840208563,0.018967874231032127,ppf025_xy001_0
6,66,52.72072072072072,3.332784844465166,0.6831103145845157,2.8237339421625864,0.018967874231032127,ppf025_xy001_0
7,77,52.52252252252252,4.636248209126921,0.6966542943203113,2.925775255739511,0.019039451114922813,ppf025_xy001_0
8,88,52.52252252252252,5.944648438239465,0.7026328978981986,2.976208039673689,0.019039451114922813,ppf025_xy001_0
9,99,52.72072072072072,0.9691338818017521,0.7013220265728566,2.97630234429466,0.018967874231032127,ppf025_xy001_0
10,110,52.72072072072072,2.27359084293452,0.6954760185421227,2.9268900391875166,0.018967874231032127,ppf025_xy001_0
11,121,53.11711711711712,3.565295278487771,0.6809073605592735,2.826645226575618,0.018826322930800544,ppf025_xy001_0
12,132,53.711711711711715,4.836246789198519,0.6584281499034401,2.672677285107778,0.01861791345186179,ppf025_xy001_0
13,143,89.1891891891892,1.7282124335875013,0.5153821389820668,2.7191407763724507,0.011212121212121211,ppf025_xy001_0
14,154,89.38738738738739,2.508232266769077,0.5679211718156054,3.3091245379549648,0.011187260632936907,ppf025_xy001_0
15,165,89.1891891891892,3.2763853961908778,0.623065674899355,3.9741167187052024,0.011212121212121211,ppf025_xy001_0
16,176,88.990990990991,4.042938933102509,0.6826192147255161,4.759527169841556,0.011237092528851994,ppf025_xy001_0
17,187,89.38738738738739,4.8262082080434405,0.7429500382779192,5.663125841906034,0.011187260632936907,ppf025_xy001_0
18,198,89.58558558558559,5.600050479313287,0.7961430410571193,6.517500800066352,0.011162510056315366,ppf025_xy001_0
19,209,89.38738738738739,0.07814197833313745,0.8481368657994193,7.38021264914763,0.011187260632936907,ppf025_xy001_0
20,220,90.37837837837839,0.8833269191494294,0.8962397721518454,8.332469245385553,0.011064593301435405,ppf025_xy001_0
21,231,90.18018018018019,1.6382254963450578,0.9404068816205315,9.153842701066111,0.011088911088911088,ppf025_xy001_0
22,242,90.37837837837839,2.40506060905536,0.9723254609392828,9.807280811358156,0.011064593301435405,ppf025_xy001_0
23,253,90.37837837837839,3.163061517788548,1.0051908864627697,10.481474428038696,0.011064593301435405,ppf025_xy001_0
24,264,90.37837837837839,3.920282190187639,1.03245942382203,11.05786489981473,0.011064593301435405,ppf025_xy001_0
25,275,90.37837837837839,4.6745996702131976,1.047388715566075,11.379968905143764,0.011064593301435405,ppf025_xy001_0
26,286,90.57657657657657,5.430775932708384,1.0597363476900343,11.675414623913676,0.0110403819375373,ppf025_xy001_0
27,297,90.37837837837839,6.176434420375837,1.0697334432986785,11.870703052643409,0.011064593301435405,ppf025_xy001_0
28,308,90.37837837837839,0.6434250233534705,1.0655278705514026,11.777549059592294,0.011064593301435405,ppf025_xy001_0
29,319,90.77477477477477,1.393209270888227,1.052839690502797,11.549160778232714,0.011016276300119095,ppf025_xy001_0
30,330,91.17117117117117,2.1361096866212206,1.0378364643810674,11.271355155112973,0.010968379446640317,ppf025_xy001_0
31,341,91.96396396396396,2.875877366393568,1.0060328347074825,10.683234045443298,0.010873824451410658,ppf025_xy001_0
32,352,92.55855855855856,3.6071476126509703,0.9730409417394745,10.058646839828551,0.010803971189410162,ppf025_xy001_0
33,363,92.95495495495496,4.332880634689657,0.930665765949524,9.241038341334967,0.01075789881760031,ppf025_xy001_0
34,374,93.74774774774775,5.0466823867429085,0.8777981048764605,8.2910755037951,0.010666922929079376,ppf025_xy001_0
35,385,94.93693693693693,5.7431029154286355,0.8247861541693836,7.412738650242722,0.010533308028088823,ppf025_xy001_0
36,396,95.92792792792793,0.14298195555968288,0.7724368820031234,6.569492444442683,0.010424492862509393,ppf025_xy001_0
37,407,96.32432432432432,0.838044925424828,0.7061122717074862,5.512444620043202,0.010381593714927048,ppf025_xy001_0
38,0,63.22522522522522,0.716389926780073,0.4611444573538441,1.1400398699013963,0.015816471929324595,ppf025_xy002_0
39,11,62.03603603603604,1.726094543542784,0.525670026696413,1.4535371544153117,0.016119663084519315,ppf025_xy002_0
40,22,61.24324324324324,2.7889137676738507,0.5869826164075985,1.7892224121256541,0.016328331862312445,ppf025_xy002_0
41,33,60.846846846846844,3.8904052364399426,0.6418678215880076,2.125616703263241,0.016434705359786795,ppf025_xy002_0
42,44,60.648648648648646,5.0095084328747035,0.6884046400683768,2.4370496383602442,0.01648841354723708,ppf025_xy002_0
43,55,60.450450450450454,6.134407915378988,0.7264806285408841,2.705224343606626,0.0165424739195231,ppf025_xy002_0
44,66,60.648648648648646,0.9868192271910043,0.7536401481496712,2.9208203765201715,0.01648841354723708,ppf025_xy002_0
45,77,61.04504504504504,2.119672588210963,0.7715710852698495,3.081470222088307,0.01638134592680047,ppf025_xy002_0
46,88,61.63963963963964,3.2442102025193558,0.7815896882036268,3.192812401135992,0.01622332651271558,ppf025_xy002_0
47,99,62.234234234234236,4.3554636231093635,0.7872852589708771,3.2707643724900484,0.016068326577880716,ppf025_xy002_0
48,110,63.42342342342342,5.449277439568004,0.7875417915104291,3.3354356592706442,0.015767045454545454,ppf025_xy002_0
49,121,64.61261261261262,0.2382210189701719,0.7885109730036624,3.40634360131296,0.015476854433909646,ppf025_xy002_0
50,132,66.1981981981982,1.2866467309152332,0.7908020025754637,3.5102444256834016,0.015106151333696244,ppf025_xy002_0
51,143,98.10810810810811,4.070732875477976,0.6824752671130381,3.8746671789119635,0.010192837465564738,ppf025_xy002_0
52,154,96.72072072072072,4.729935419087971,0.7307259873394549,4.379094307602656,0.010339046199701937,ppf025_xy002_0
53,165,94.93693693693693,5.379542416324496,0.780213135741303,4.900240550159193,0.010533308028088823,ppf025_xy002_0
54,176,92.95495495495496,6.033631299910476,0.8356882067095855,5.504485857561602,0.01075789881760031,ppf025_xy002_0
55,187,90.37837837837839,0.39969089271061176,0.9083370644646872,6.322870470681628,0.011064593301435405,ppf025_xy002_0
56,198,89.38738738738739,1.120153086332643,0.9764013611657228,7.225845391980075,0.011187260632936907,ppf025_xy002_0
57,209,89.1891891891892,1.8748540048240177,1.0318475492220727,8.051910862886496,0.011212121212121211,ppf025_xy002_0
58,220,89.1891891891892,2.6404157445582395,1.078041627513722,8.788989518172222,0.011212121212121211,ppf025_xy002_0
59,231,89.38738738738739,3.4116823770028275,1.1178743850397013,9.471481651565998,0.011187260632936907,ppf025_xy002_0
60,242,89.1891891891892,4.16760059405015,1.1550894212361464,10.09018426565243,0.011212121212121211,ppf025_xy002_0
61,253,89.58558558558559,4.936289245925217,1.1791969348042317,10.562494327886462,0.011162510056315366,ppf025_xy002_0
62,264,90.18018018018019,5.703013519072878,1.2001315299574675,11.013477243908774,0.011088911088911088,ppf025_xy002_0
63,275,90.77477477477477,0.17582534343719372,1.2168186385468298,11.396527832074408,0.011016276300119095,ppf025_xy002_0
64,286,90.97297297297297,0.9217148685080951,1.2248489248418573,11.57265768007988,0.010992275698158051,ppf025_xy002_0
65,297,91.56756756756756,1.6705066038883354,1.2246826095828032,11.645132868808174,0.010920897284533649,ppf025_xy002_0
66,308,92.36036036036036,2.411328009460285,1.2213551102122957,11.682215009466411,0.010827155676941085,ppf025_xy002_0
67,319,93.15315315315316,3.1462418136494583,1.2087540867657718,11.54061995551886,0.010735009671179884,ppf025_xy002_0
68,330,94.14414414414415,3.873340888628508,1.1934402310092915,11.369734622430954,0.01062200956937799,ppf025_xy002_0
69,341,94.93693693693693,4.58874364919427,1.1735930393597631,11.087303454962038,0.010533308028088823,ppf025_xy002_0
70,352,95.53153153153153,5.299346379346064,1.145313679656887,10.625547201562492,0.01046774801961524,ppf025_xy002_0
71,363,96.52252252252252,6.001732140619691,1.1098812265370026,10.081782937876245,0.010360276274033974,ppf025_xy002_0
72,374,97.71171171171171,0.40611956950997136,1.075489713198318,9.583293995819844,0.010234187718974736,ppf025_xy002_0
73,385,98.30630630630631,1.089403265693533,1.0343294943855368,8.917741210376011,0.010172287390029325,ppf025_xy002_0
74,396,99.29729729729729,1.7609885572909505,0.9790806068619885,8.071049173618276,0.010070767555797496,ppf025_xy002_0
75,407,100.88288288288288,2.4110856580028686,0.9259723363950495,7.334477447563911,0.009912484372209323,ppf025_xy002_0
76,418,102.27027027027027,3.0447487934191795,0.8759651854419714,6.653938215505345,0.009778012684989429,ppf025_xy002_0
77,429,103.06306306306307,3.68314583278793,0.8210943641845555,5.891757411529887,0.009702797202797202,ppf025_xy002_0
78,0,111.98198198198199,2.4742523387007527,0.48930096817372337,1.7790762621964,0.008930008045052293,ppf025_xy003_0
79,11,113.76576576576576,3.0967822946663053,0.5564549597510461,2.337576834804976,0.008789990497307571,ppf025_xy003_0
80,22,112.77477477477477,3.6684084249491784,0.5850187391762243,2.5612135362959627,0.00886723118709059,ppf025_xy003_0
81,33,107.02702702702703,4.22456519834612,0.6261016849765608,2.7840528288398705,0.009343434343434343,ppf025_xy003_0
82,44,103.65765765765765,4.850549864464478,0.7096202576842989,3.463758987663239,0.009647140622284027,ppf025_xy003_0
83,55,104.45045045045045,5.504590823948056,0.8079687216363651,4.524740525405193,0.009573917543557013,ppf025_xy003_0
84,66,104.84684684684684,6.145682138612414,0.8463514472175554,4.983691162087381,0.009537721257948101,ppf025_xy003_0
85,77,104.05405405405405,0.5040094484944712,0.8702402377203468,5.2291559087802835,0.00961038961038961,ppf025_xy003_0
86,88,102.07207207207207,1.1703705636112256,0.9128538379083125,5.644216807509596,0.009796999117387467,ppf025_xy003_0
87,99,101.27927927927928,1.8477869580790889,1.015175160723611,6.926228785790051,0.009873687955879737,ppf025_xy003_0
88,110,101.87387387387388,2.502719996152311,1.0740485136876154,7.798388784577764,0.009816059426954368,ppf025_xy003_0
89,121,102.46846846846847,3.157565203106192,1.0941649319408668,8.140481489623973,0.009759099701072622,ppf025_xy003_0
90,132,100.09009009009009,3.7839710784679084,1.054212425629026,7.381448715141619,0.009990999099909992,ppf025_xy003_0
91,143,99.89189189189189,4.466318986752411,1.0221142377997603,6.925057429490594,0.010010822510822512,ppf025_xy003_0
92,154,98.90090090090091,5.135269581675029,1.0447767231271512,7.163767612187128,0.010111131353616323,ppf025_xy003_0
93,165,97.90990990990991,5.808866570502641,1.0488494872782805,7.147386317360589,0.01021347073978653,ppf025_xy003_0
94,176,96.32432432432432,0.20507564763683508,1.0298025211452968,6.778570819581281,0.010381593714927048,ppf025_xy003_0
95,187,95.33333333333333,0.902647785846556,0.9804815476769368,6.081600570671708,0.01048951048951049,ppf025_xy003_0
96,198,95.33333333333333,1.61674251261684,0.8735842268391957,4.827792673101749,0.01048951048951049,ppf025_xy003_0
97,209,99.0990990990991,2.296379608751162,0.8047042858617256,4.258303388892962,0.01009090909090909,ppf025_xy003_0
98,220,101.27927927927928,2.9445481893092604,0.7714110996138008,3.9993244127804233,0.009873687955879737,ppf025_xy003_0
99,231,100.48648648648648,3.614138184299579,0.7219657130593847,3.475642284847749,0.009951586874663798,ppf025_xy003_0
100,0,76.1081081081081,5.2321706541327275,0.891883972912456,3.01955586475936,0.013139204545454548,ppf025_xy006_0
101,11,74.72072072072072,6.103174723051845,0.9650316824357351,3.4707203207400594,0.013383168555582348,ppf025_xy006_0
102,22,74.72072072072072,0.7312197471431132,1.032904395679522,3.976094763177404,0.013383168555582348,ppf025_xy006_0
103,33,74.52252252252252,1.637576004504907,1.075328627232651,4.297989847614602,0.013418762088974854,ppf025_xy006_0
104,44,74.12612612612612,2.5538840608046294,1.1074614124467776,4.534442854690614,0.013490520175012155,ppf025_xy006_0
105,55,74.12612612612612,3.4794070647470234,1.144482586520823,4.842672567208128,0.013490520175012155,ppf025_xy006_0
106,66,74.72072072072072,4.388321634571481,1.1767586887805996,5.160731953525995,0.013383168555582348,ppf025_xy006_0
107,77,75.31531531531532,5.291447510366093,1.1813906269274541,5.24282984954353,0.013277511961722487,ppf025_xy006_0
108,88,75.31531531531532,6.201019003124154,1.1797047593609875,5.227877284172643,0.013277511961722487,ppf025_xy006_0
109,99,75.71171171171171,0.8255573550006746,1.1856476900342672,5.308475373356576,0.013207996192289385,ppf025_xy006_0
110,110,76.5045045045045,1.7123144518717996,1.1883773033588778,5.388788355865717,0.013071125765426284,ppf025_xy006_0
111,121,76.9009009009009,2.59988872592804,1.1772636442713442,5.315869559219877,0.013003748828491098,ppf025_xy006_0
112,132,77.29729729729729,3.492695807216867,1.1688321642111623,5.267008755136999,0.012937062937062939,ppf025_xy006_0
113,143,77.8918918918919,4.373745851863243,1.1809450335950686,5.418100339244756,0.0128383067314365,ppf025_xy006_0
114,154,78.28828828828829,5.272304341466884,1.0701409409578078,4.471715648738465,0.012773302646720368,ppf025_xy006_0
115,165,79.08108108108108,6.161128925443617,1.0721002874941943,4.533554548969766,0.012645249487354751,ppf025_xy006_0
116,176,79.67567567567568,0.7433016301713592,1.0779298611515626,4.617449817350968,0.012550881953867029,ppf025_xy006_0
117,187,79.87387387387388,1.5972990194199186,1.058642794899156,4.464769711179406,0.012519738326189939,ppf025_xy006_0
118,198,80.66666666666666,2.4598749642966355,1.033166954638072,4.294677414339429,0.012396694214876035,ppf025_xy006_0
119,209,82.05405405405406,3.3130834114774266,1.0182818255666002,4.243570787746546,0.012187088274044794,ppf025_xy006_0
120,220,81.85585585585585,4.143878538796187,0.9884334097142704,3.988779319749785,0.012216596962359674,ppf025_xy006_0
121,231,82.25225225225225,4.97687225860969,0.9370095501905942,3.601896724856963,0.012157721796276014,ppf025_xy006_0
122,242,83.04504504504504,5.79698056666054,0.8936721323469938,3.3080005934844317,0.012041657626383163,ppf025_xy006_0
123,253,82.25225225225225,0.3449318066727458,0.8446710135829605,2.926970891294162,0.012157721796276014,ppf025_xy006_0
124,264,81.45945945945945,1.194688492159645,0.7675763135948438,2.3937570804604205,0.012276045122760452,ppf025_xy006_0
125,275,82.84684684684684,1.999749347763006,0.6901384973428862,1.968085286867144,0.012070465419747716,ppf025_xy006_0
126,0,53.90990990990991,4.892579103233722,0.5161794814732001,1.3575656565045646,0.01854946524064171,ppf025_xy007_0
127,11,53.31531531531532,6.128637127450741,0.5959555778424404,1.7896599630223453,0.01875633660020277,ppf025_xy007_0
128,22,53.11711711711712,1.1207931500669805,0.6690798784869879,2.2474042479575465,0.018826322930800544,ppf025_xy007_0
129,33,53.11711711711712,2.4118053827181587,0.7320838569915735,2.690586256949986,0.018826322930800544,ppf025_xy007_0
130,44,53.31531531531532,3.7076517477908126,0.7837577208130568,3.0953260939286498,0.01875633660020277,ppf025_xy007_0
131,55,53.711711711711715,4.997871933099561,0.8216153399715878,3.426863721376326,0.01861791345186179,ppf025_xy007_0
132,66,54.306306306306304,6.2755869673583575,0.8445608910977505,3.6610272463564546,0.018414067684140677,ppf025_xy007_0
133,77,55.0990990990991,1.2506525480421975,0.8562927135324874,3.818385371590684,0.01814911706998038,ppf025_xy007_0
134,88,56.288288288288285,2.480331707930098,0.857874595931184,3.915222243765538,0.017765685019206147,ppf025_xy007_0
135,99,57.67567567567568,3.675703273123298,0.8516709192201645,3.953912828093454,0.01733833177132146,ppf025_xy007_0
136,110,59.26126126126126,4.836394013130762,0.8417053207078667,3.9680925967793015,0.01687442991790818,ppf025_xy007_0
137,121,61.24324324324324,5.960061010593955,0.8324259492344388,4.010884575711253,0.016328331862312445,ppf025_xy007_0
138,132,63.81981981981982,0.765077519493428,0.8282168748502343,4.137466460711079,0.015669113495200452,ppf025_xy007_0
139,143,66.990990990991,1.8284060027851787,0.8324786047491287,4.387865696773462,0.014927380311995695,ppf025_xy007_0
140,154,70.75675675675676,2.880520602146509,0.8456307838785899,4.782117574390704,0.014132925897631779,ppf025_xy007_0
141,165,76.70270270270271,3.9689960282459147,0.8551845137744563,5.301772464888634,0.013037350246652571,ppf025_xy007_0
142,176,77.29729729729729,4.855284681272632,0.9137882810941113,6.100230424450901,0.012937062937062939,ppf025_xy007_0
143,187,78.48648648648648,5.753103525823111,0.9483764076029321,6.671863215030176,0.012741046831955923,ppf025_xy007_0
144,198,79.87387387387388,0.3579770103535923,0.984370209187026,7.314968064568833,0.012519738326189939,ppf025_xy007_0
145,209,80.46846846846847,1.2039480991694522,1.02006930895507,7.913632173512474,0.012427227944469323,ppf025_xy007_0
146,220,81.85585585585585,2.062060107374365,1.0366561134007202,8.31399851611417,0.012216596962359674,ppf025_xy007_0
147,231,82.84684684684684,2.8963820011861383,1.0571626406461594,8.750852438601909,0.012070465419747716,ppf025_xy007_0
148,242,83.44144144144144,3.7131768048247413,1.061461268030161,8.885479390591435,0.011984452602029799,ppf025_xy007_0
149,253,85.02702702702703,4.533233345271661,1.0530641463585424,8.911635401674658,0.011760966306420852,ppf025_xy007_0
150,264,86.01801801801801,5.32508197517471,1.0452425106783638,8.882072689979543,0.011625471302890659,ppf025_xy007_0
151,275,86.8108108108108,6.112708647589156,1.004573307911428,8.279952478332921,0.011519302615193027,ppf025_xy007_0
152,286,88.1981981981982,0.6017067685953905,0.9691676958410429,7.829757930885408,0.011338100102145046,ppf025_xy007_0
153,297,89.1891891891892,1.3532880771676252,0.9349925263757097,7.369181571536228,0.011212121212121211,ppf025_xy007_0
154,308,89.78378378378379,2.1008646239320843,0.878698899184217,6.5519237014855145,0.011137868753762792,ppf025_xy007_0
155,319,91.56756756756756,2.8201336830077777,0.815394406173386,5.753974007564218,0.010920897284533649,ppf025_xy007_0
156,0,60.450450450450454,4.907397942931909,0.5755960290802338,1.3386971269436254,0.0165424739195231,ppf025_xy010_0
157,11,59.85585585585586,6.012830945119104,0.6346113728961512,1.611274590067937,0.01670680313064419,ppf025_xy010_0
158,22,60.054054054054056,0.874375084183913,0.6848873401728178,1.882902444427296,0.01665166516651665,ppf025_xy010_0
159,33,60.648648648648646,2.0184527771147462,0.7173794399751445,2.0862492400536974,0.01648841354723708,ppf025_xy010_0
160,44,61.04504504504504,3.1494037725481814,0.7384865827657123,2.225270694573464,0.01638134592680047,ppf025_xy010_0
161,55,61.83783783783784,4.269775676739068,0.7496328424570962,2.322729941708305,0.016171328671328672,ppf025_xy010_0
162,66,63.22522522522522,5.360856055453233,0.7490199121573831,2.370960524538473,0.015816471929324595,ppf025_xy010_0
163,77,65.4054054054054,0.1264238117562541,0.7329995277369937,2.3489200943585073,0.015289256198347107,ppf025_xy010_0
164,88,113.36936936936937,3.770898026534176,0.5667936482189452,2.434405338825347,0.008820724729815639,ppf025_xy010_0
165,99,112.97297297297297,4.356160158430806,0.61148996200324,2.8235821890853616,0.008851674641148326,ppf025_xy010_0
166,110,111.58558558558559,4.945612095886981,0.6298996719628915,2.959361863406486,0.008961730986597772,ppf025_xy010_0
167,121,108.41441441441441,5.549595437841129,0.6605977799792191,3.1623392593002992,0.00922386571381087,ppf025_xy010_0
168,132,105.63963963963964,6.1618505896965665,0.7276058192027991,3.7382337165260417,0.009466143612485076,ppf025_xy010_0
169,143,105.83783783783784,0.5172079312105754,0.8380360082602677,4.96836541272014,0.009448416751787538,ppf025_xy010_0
170,154,105.24324324324324,1.1360042022917884,0.8885170068993063,5.553578622991448,0.009501797637390858,ppf025_xy010_0
171,165,97.71171171171171,1.547704236122342,0.9553522359798423,5.961024155807815,0.010234187718974736,ppf025_xy010_0
172,176,95.72972972972973,2.187918237855401,0.9985795975843108,6.380569175858683,0.010446075663466968,ppf025_xy010_0
173,187,95.92792792792793,2.8990884172499034,1.0253429079032985,6.741096418910106,0.010424492862509393,ppf025_xy010_0
174,198,96.72072072072072,3.6149907587763983,1.0607449529527673,7.274257722367892,0.010339046199701937,ppf025_xy010_0
175,209,96.52252252252252,4.309156691228278,1.0855388797222865,7.602678760528998,0.010360276274033974,ppf025_xy010_0
176,220,98.30630630630631,5.030773366269277,1.0769971050659881,7.621801992321446,0.010172287390029325,ppf025_xy010_0
177,231,98.70270270270271,5.723841414914311,1.0737534098890267,7.606508736982678,0.01013143483023001,ppf025_xy010_0
178,242,99.0990990990991,0.1251682831475917,1.053828460217034,7.356254812737368,0.01009090909090909,ppf025_xy010_0
179,253,100.09009009009009,0.8133975424947274,1.0103324545937102,6.8291538941728165,0.009990999099909992,ppf025_xy010_0
180,264,101.87387387387388,1.4838694991229529,0.9771769869823042,6.5021426582876805,0.009816059426954368,ppf025_xy010_0
181,275,101.67567567567568,2.14626274096855,0.9437753332105038,6.053429981081169,0.009835194045720362,ppf025_xy010_0
182,286,100.48648648648648,2.8241498002126884,0.8706520833111093,5.0914813825402865,0.009951586874663798,ppf025_xy010_0
183,297,101.87387387387388,3.477140022838733,0.8026399400137824,4.386837691013553,0.009816059426954368,ppf025_xy010_0
184,0,63.42342342342342,3.8694885790863,0.4337935445400894,1.1437260885016756,0.015767045454545454,ppf025_xy012_0
185,11,62.828828828828826,4.915013459961698,0.5041442625576291,1.5302937336465476,0.015916260395755666,ppf025_xy012_0
186,22,62.432432432432435,5.987234203242907,0.5743977180167604,1.9739758952861528,0.016017316017316017,ppf025_xy012_0
187,33,62.234234234234236,0.7951271094606958,0.6416347965166213,2.455338332012018,0.016068326577880716,ppf025_xy012_0
188,44,62.234234234234236,1.8982414530055711,0.7032560844567465,2.949595922594341,0.016068326577880716,ppf025_xy012_0
189,55,62.432432432432435,3.0068592737118696,0.757566630911842,3.4336664640931707,0.016017316017316017,ppf025_xy012_0
190,66,62.828828828828826,4.11503247314106,0.803296769481718,3.8852340179440197,0.015916260395755666,ppf025_xy012_0
191,77,63.22522522522522,5.213268752016052,0.8410572282051597,4.285955502308303,0.015816471929324595,ppf025_xy012_0
192,88,63.81981981981982,0.021388367540806797,0.8700657427144933,4.629839012569967,0.015669113495200452,ppf025_xy012_0
193,99,64.41441441441441,1.099308001269768,0.8925271964552925,4.91736173682765,0.015524475524475525,ppf025_xy012_0
194,110,65.4054054054054,2.1658939429152375,0.9069625075684113,5.155828800895318,0.015289256198347107,ppf025_xy012_0
195,121,66.3963963963964,3.2145927687038167,0.9175334300309584,5.356664912130716,0.015061058344640435,ppf025_xy012_0
196,132,67.38738738738738,4.245192650165484,0.9263390669146637,5.541467071162116,0.01483957219251337,ppf025_xy012_0
197,143,68.77477477477478,5.257882150530202,0.9327271059048996,5.733826536574095,0.014540214828399265,ppf025_xy012_0
198,154,70.16216216216216,6.250474194620123,0.9412073271320937,5.956343569296995,0.014252696456086287,ppf025_xy012_0
199,165,71.74774774774775,0.9413299045436351,0.9517940268276448,6.2287428270403415,0.013937719738824711,ppf025_xy012_0
200,176,73.33333333333334,1.8963865135635223,0.965812049163221,6.555304080400886,0.013636363636363634,ppf025_xy012_0
201,187,75.11711711711712,2.8351248249697147,0.9825396836314849,6.9493676723985445,0.013312544974814104,ppf025_xy012_0
202,198,76.9009009009009,3.756017529741174,1.0034403108643164,7.420286823088443,0.013003748828491098,ppf025_xy012_0
203,209,78.48648648648648,4.656748850996131,1.027656977692932,7.943235091454805,0.012741046831955923,ppf025_xy012_0
204,220,80.27027027027027,5.540532273851501,1.0508107838871856,8.493954786676778,0.012457912457912458,ppf025_xy012_0
205,231,81.65765765765767,0.11873355212229457,1.0744476869652253,9.03386603786692,0.012246248896734332,ppf025_xy012_0
206,242,82.84684684684684,0.9636503058639591,1.0973655680830707,9.560592768018813,0.012070465419747716,ppf025_xy012_0
207,253,84.03603603603604,1.7953583697105113,1.1212939844460288,10.125365769389505,0.011899656946826757,ppf025_xy012_0
208,264,85.02702702702703,2.614075484326268,1.1391275736562942,10.573235385529362,0.011760966306420852,ppf025_xy012_0
209,275,85.81981981981983,3.4231470607296384,1.1553574920972995,10.978083906514161,0.011652319966407726,ppf025_xy012_0
210,286,86.61261261261261,4.222299567128681,1.1705756191177992,11.373293984424798,0.01154566257541086,ppf025_xy012_0
211,297,87.2072072072072,5.012304964525392,1.1799415168548193,11.63535184571662,0.011466942148760331,ppf025_xy012_0
212,308,87.8018018018018,5.798564671497324,1.1853451674617637,11.822226420093003,0.011389287912989945,ppf025_xy012_0
213,319,88.5945945945946,0.2942232814090953,1.1888233485924213,11.999082928940565,0.011287370347773032,ppf025_xy012_0
214,330,88.990990990991,1.0653601870292404,1.1883265329163553,12.042698370841764,0.011237092528851994,ppf025_xy012_0
215,341,89.58558558558559,1.8328460123673087,1.1803292250607937,11.960535797989802,0.011162510056315366,ppf025_xy012_0
216,352,90.18018018018019,2.5941285798962874,1.170178746184242,11.83373086425613,0.011088911088911088,ppf025_xy012_0
217,363,90.57657657657657,3.349417343072462,1.1548907335077303,11.577208987188135,0.0110403819375373,ppf025_xy012_0
218,374,91.17117117117117,4.101427574943179,1.1294311324801076,11.145080785409865,0.010968379446640317,ppf025_xy012_0
219,385,91.76576576576576,4.845908967709697,1.1042597585251015,10.723322374579334,0.010897310033379149,ppf025_xy012_0
220,396,92.16216216216216,5.583649757036325,1.0741914229205778,10.191126517569563,0.010850439882697948,ppf025_xy012_0
221,407,92.55855855855856,0.033919986941179175,1.0356396364744769,9.513494848325516,0.010803971189410162,ppf025_xy012_0
222,418,93.15315315315316,0.7616407357195297,0.9914916255660889,8.775701413154751,0.010735009671179884,ppf025_xy012_0
223,429,93.94594594594595,1.4750544922189583,0.9460076338620584,8.057002589227077,0.010644418872266973,ppf025_xy012_0
224,440,94.34234234234235,2.188228489741344,0.8948783316306043,7.240037521099512,0.010599694423223834,ppf025_xy012_0
225,451,95.13513513513513,2.886370701559474,0.8339731403740459,6.340904964803327,0.010511363636363636,ppf025_xy012_0
226,0,91.96396396396396,5.2890628494876,0.39015732316315005,1.2788777600316308,0.010873824451410658,ppf025_xy013_0
227,11,88.5945945945946,5.949200199066401,0.41586252778882493,1.3997118191344038,0.011287370347773032,ppf025_xy013_0
228,22,86.8108108108108,0.38689899915469783,0.4401312194911373,1.5362786294479787,0.011519302615193027,ppf025_xy013_0
229,33,84.63063063063063,1.1226340306301457,0.4575330564482577,1.618468896388305,0.011816052799659357,ppf025_xy013_0
230,44,82.25225225225225,1.8867055202977516,0.47986925294276944,1.7303161968634986,0.012157721796276014,ppf025_xy013_0
231,55,80.46846846846847,2.676825409945476,0.5046432269559726,1.8720888628375931,0.012427227944469323,ppf025_xy013_0
232,66,78.68468468468468,3.483186947506513,0.5287427721082606,2.0096060178140243,0.012708953514998855,ppf025_xy013_0
233,77,76.5045045045045,4.30014055897732,0.5602746692617284,2.1939201099477894,0.013071125765426284,ppf025_xy013_0
234,88,74.72072072072072,5.139692442201922,0.5994235375202427,2.452677592675634,0.013383168555582348,ppf025_xy013_0
235,99,72.54054054054055,5.984190649144703,0.6431698241592935,2.741346510069033,0.013785394932935915,ppf025_xy013_0
236,110,70.75675675675676,0.5868724649761896,0.6918514963673138,3.094037077777527,0.014132925897631779,ppf025_xy013_0
237,121,69.96396396396396,1.5310506312292649,0.7363896081044264,3.4659439579823528,0.014293072366726759,ppf025_xy013_0
238,132,69.96396396396396,2.5084646025207005,0.7706525369619331,3.7959760072919386,0.014293072366726759,ppf025_xy013_0
239,143,69.96396396396396,3.49093883821979,0.8003554129168461,4.094227838056233,0.014293072366726759,ppf025_xy013_0
240,154,70.36036036036036,4.479414401015154,0.8252180794255333,4.377209670373291,0.014212548015364916,ppf025_xy013_0
241,165,70.75675675675676,5.460501872542464,0.8480623301835175,4.648954442556327,0.014132925897631779,ppf025_xy013_0
242,176,71.35135135135135,0.15225570814994888,0.8659996119913584,4.888430264381876,0.014015151515151515,ppf025_xy013_0
243,187,71.94594594594594,1.1208445372403835,0.8833019603179681,5.128100668291679,0.013899323816679191,ppf025_xy013_0
244,198,72.73873873873873,2.0814966341823995,0.9013600633938655,5.398762424042918,0.013747832548922468,ppf025_xy013_0
245,209,73.53153153153153,3.0254181437655028,0.9205303692244833,5.692220039739469,0.013599607939230582,ppf025_xy013_0
246,220,74.32432432432432,3.9600983191361725,0.9362927997330484,5.952318524781469,0.013454545454545455,ppf025_xy013_0
247,231,75.51351351351352,4.885698977172793,0.956728770029483,6.3144302752746775,0.013242662848962061,ppf025_xy013_0
248,242,76.9009009009009,5.79944667546249,0.9759296663958408,6.691142729650975,0.013003748828491098,ppf025_xy013_0
249,253,78.28828828828829,0.4123392586631693,0.9974925083999926,7.11619613360814,0.012773302646720368,ppf025_xy013_0
250,264,79.67567567567568,1.2948666574279688,1.0134959274940782,7.476556118586464,0.012550881953867029,ppf025_xy013_0
251,275,81.26126126126127,2.161863244899991,1.0316909974254032,7.901593200220169,0.012305986696230597,ppf025_xy013_0
252,286,82.45045045045046,3.002240363074042,1.0480318805798874,8.273206164351777,0.012128496503496502,ppf025_xy013_0
253,297,83.44144144144144,3.827234495449448,1.053773837688503,8.464639143869885,0.011984452602029799,ppf025_xy013_0
254,308,84.82882882882883,4.642942361249105,1.0549639999418967,8.624830666235745,0.011788445199660153,ppf025_xy013_0
255,319,85.62162162162161,5.437632673535062,1.0501744586239439,8.626570551149337,0.01167929292929293,ppf025_xy013_0
256,330,86.61261261261261,6.218877203221372,1.0310640026597324,8.411708512820594,0.01154566257541086,ppf025_xy013_0
257,341,87.8018018018018,0.7070806969438731,1.0061804741305447,8.12057955029268,0.011389287912989945,ppf025_xy013_0
258,352,88.7927927927928,1.4599043714958133,0.973784137891629,7.691923113528023,0.011262175324675324,ppf025_xy013_0
259,363,89.98198198198199,2.1992328065126,0.9258948217312385,7.047104178980454,0.011113336003203843,ppf025_xy013_0
260,374,91.17117117117117,2.922408739822685,0.8793624694618117,6.440583466647347,0.010968379446640317,ppf025_xy013_0
261,385,92.75675675675676,3.6155727535613584,0.8293125273524018,5.827923375617613,0.01078088578088578,ppf025_xy013_0
262,396,93.94594594594595,4.302982030165488,0.7743017273793804,5.145532509922868,0.010644418872266973,ppf025_xy013_0
263,0,105.24324324324324,4.753705421478714,0.3364365763908078,1.2355656706925768,0.009501797637390858,ppf025_xy014_0
264,11,104.25225225225225,5.362648368112975,0.35433385415349117,1.3576128588085454,0.009592118907708261,ppf025_xy014_0
265,22,49.351351351351354,5.550820741757051,0.5546162578901747,1.574524569428035,0.02026286966046002,ppf025_xy014_0
266,33,49.153153153153156,0.6461499103853471,0.60528871037776,1.8678488551201926,0.02034457478005865,ppf025_xy014_0
267,44,49.153153153153156,2.0378503769036773,0.6430796702834221,2.1083666794008837,0.02034457478005865,ppf025_xy014_0
268,55,49.54954954954955,3.433801541855695,0.6660541388919289,2.2799429173493055,0.02018181818181818,ppf025_xy014_0
269,66,50.14414414414414,4.817386391730972,0.6773938411056527,2.386535565889565,0.019942508084800574,ppf025_xy014_0
270,77,50.93693693693694,6.181198825433101,0.682191335014286,2.4587276395612547,0.019632118853908736,ppf025_xy014_0
271,88,51.927927927927925,1.2358051976309907,0.6847345624259418,2.52528670972314,0.019257460097154754,ppf025_xy014_0
272,99,53.11711711711712,2.5463056248171134,0.6876806349144913,2.6053932637201656,0.018826322930800544,ppf025_xy014_0
273,110,54.5045045045045,3.828787156435865,0.6936022263569738,2.719684669116572,0.01834710743801653,ppf025_xy014_0
274,121,55.891891891891895,5.078385243629761,0.7047717885434814,2.879459889466231,0.017891682785299807,ppf025_xy014_0
275,132,58.072072072072075,0.012959319149729287,0.7161429203599103,3.089099723357812,0.017219981383803908,ppf025_xy014_0
276,143,60.846846846846844,1.2004000017772714,0.7288024675528252,3.352146161145171,0.016434705359786795,ppf025_xy014_0
277,154,66.0,2.409220574628121,0.7329324994688545,3.677368018797257,0.015151515151515152,ppf025_xy014_0
278,165,71.35135135135135,3.5763834197650346,0.7467701623179589,4.127065079743099,0.014015151515151515,ppf025_xy014_0
279,176,72.14414414414415,4.550858291062285,0.7800835755931174,4.553533690119579,0.01386113886113886,ppf025_xy014_0
280,187,72.54054054054055,5.4899852970873235,0.8232499441414688,5.0992864339221295,0.013785394932935915,ppf025_xy014_0
281,198,73.13513513513513,0.14284039266925075,0.8432435312639837,5.393830628728419,0.013673318551367332,ppf025_xy014_0
282,209,74.52252252252252,1.082508839306786,0.8549277379386142,5.649520164249524,0.013418762088974854,ppf025_xy014_0
283,220,75.31531531531532,1.9887287256277582,0.8778200515290602,6.01948716642649,0.013277511961722487,ppf025_xy014_0
284,231,76.5045045045045,2.889247652386811,0.8840563461303339,6.201719209220904,0.013071125765426284,ppf025_xy014_0
285,242,77.69369369369369,3.7755826534320502,0.889492663578069,6.3758150454423825,0.012871057513914657,ppf025_xy014_0
286,253,79.27927927927928,4.652158057411216,0.8819851487068416,6.396574145290453,0.012613636363636363,ppf025_xy014_0
287,264,81.45945945945945,5.5054561904442965,0.8802439462664284,6.5465549585431075,0.012276045122760452,ppf025_xy014_0
288,275,82.45045045045046,0.04209707579274884,0.8747665288564783,6.543988802914129,0.012128496503496502,ppf025_xy014_0
289,286,84.82882882882883,0.8482593418249601,0.838969800346691,6.193003532726254,0.011788445199660153,ppf025_xy014_0
290,297,87.009009009009,1.6165639848563518,0.8164281824494589,6.015412281795601,0.011493062745910127,ppf025_xy014_0
291,308,88.1981981981982,2.362750472229525,0.7932289477162705,5.756016402412624,0.011338100102145046,ppf025_xy014_0
292,319,89.58558558558559,3.0973211122672692,0.7440172815811711,5.1436260072405595,0.011162510056315366,ppf025_xy014_0
293,11,57.47747747747748,4.1152688126853,0.5282094038872878,1.3312774931480162,0.017398119122257052,ppf025_xy015_0
294,22,57.873873873873876,5.340044084383767,0.6005154379580243,1.7325650085753008,0.01727895392278954,ppf025_xy015_0
295,33,58.270270270270274,0.26542459136330543,0.6689483619752318,2.1646657911965796,0.017161410018552873,ppf025_xy015_0
296,44,58.86486486486486,1.466431306858342,0.7304102933159476,2.6070451545198177,0.016988062442607896,ppf025_xy015_0
297,55,59.65765765765766,2.654110746332416,0.7831661354191471,3.037614308959276,0.01676230745998188,ppf025_xy015_0
298,66,60.450450450450454,3.8188840829444084,0.8273061778291997,3.4347150129423376,0.0165424739195231,ppf025_xy015_0
299,77,61.44144144144144,4.96615924878359,0.8614567018579041,3.7851834810853338,0.016275659824046922,ppf025_xy015_0
300,88,62.234234234234236,6.086597907231495,0.8886801483086577,4.080176404196672,0.016068326577880716,ppf025_xy015_0
301,99,63.22522522522522,0.9048873738110593,0.906370541772346,4.3118195886259665,0.015816471929324595,ppf025_xy015_0
302,110,64.21621621621622,1.984331926519356,0.9161297623990554,4.474219941550365,0.015572390572390571,ppf025_xy015_0
303,121,65.4054054054054,3.0421611782140086,0.9181665462635056,4.577361412883037,0.015289256198347107,ppf025_xy015_0
304,132,66.5945945945946,4.075667803763771,0.9156420518957824,4.634992881462768,0.015016233766233766,ppf025_xy015_0
305,143,68.18018018018017,5.081266944847637,0.9075805725525644,4.662159835794087,0.014667019027484145,ppf025_xy015_0
306,154,70.16216216216216,6.0570626954032125,0.8975059501317191,4.691765195087512,0.014252696456086287,ppf025_xy015_0
307,165,72.54054054054055,0.7220187910075302,0.8865472484200577,4.7330728830374555,0.013785394932935915,ppf025_xy015_0
308,176,74.91891891891892,1.6482988480754204,0.8811601475817098,4.829029161973541,0.013347763347763348,ppf025_xy015_0
309,187,77.69369369369369,2.5559675688947103,0.8826257292066487,5.024554576515778,0.012871057513914657,ppf025_xy015_0
310,198,81.26126126126127,3.4548558567658305,0.8937413492512053,5.388475261197317,0.012305986696230597,ppf025_xy015_0
311,209,85.42342342342343,4.358942501248876,0.9164524459274261,5.956010760395084,0.011706391056739084,ppf025_xy015_0
312,220,89.1891891891892,5.244455095624474,0.9448810958142301,6.610360860919671,0.011212121212121211,ppf025_xy015_0
313,231,91.76576576576576,6.0690412386426695,0.9902558998849957,7.470233938408814,0.010897310033379149,ppf025_xy015_0
314,242,92.75675675675676,0.544696106245731,1.033121011957095,8.218765254270323,0.01078088578088578,ppf025_xy015_0
315,253,94.34234234234235,1.307838064198376,1.0710036903214453,8.9835341174776,0.010599694423223834,ppf025_xy015_0
316,264,94.93693693693693,2.031129366161677,1.1111138658432007,9.729958372324123,0.010533308028088823,ppf025_xy015_0
317,275,95.53153153153153,2.748375005461727,1.13622125312593,10.23837870555931,0.01046774801961524,ppf025_xy015_0
318,286,96.72072072072072,3.4694485773502444,1.1557822900867463,10.725813157279765,0.010339046199701937,ppf025_xy015_0
319,297,97.51351351351352,4.169730945599072,1.1752996954385009,11.182030801983004,0.010254988913525498,ppf025_xy015_0
320,308,97.71171171171171,4.862085451730337,1.1773136605310928,11.243191813468515,0.010234187718974736,ppf025_xy015_0
321,319,98.50450450450451,5.553579967829725,1.1641283785167589,11.08195738336557,0.01015182001097494,ppf025_xy015_0
322,330,99.49549549549549,6.236813136129291,1.1501310380170184,10.925886854849029,0.010050706265845708,ppf025_xy015_0
323,341,100.09009009009009,0.6274032557493159,1.1243723189025212,10.50436980338942,0.009990999099909992,ppf025_xy015_0
324,352,100.88288288288288,1.297825284522254,1.0828655129274123,9.82030918977126,0.009912484372209323,ppf025_xy015_0
325,363,102.27027027027027,1.9502494935338437,1.0401420150612324,9.185299353510802,0.009778012684989429,ppf025_xy015_0
326,374,103.06306306306307,2.5958477791287358,0.9942684501148135,8.458025599821394,0.009702797202797202,ppf025_xy015_0
327,385,103.65765765765765,3.240511920221051,0.9365436402895828,7.547724877070329,0.009647140622284027,ppf025_xy015_0
328,396,105.04504504504504,3.8619393784250824,0.8730267453392001,6.646443251901392,0.009519725557461407,ppf025_xy015_0
329,407,106.82882882882883,4.453502212029891,0.8160135619377155,5.905298467856301,0.009360769101028841,ppf025_xy015_0
330,0,22.0,0.03889543203120874,7.860042188976737,7.145789840011874,0.045454545454545456,ppf025_xy016_0
331,11,22.0,3.1418093494594315,8.887668309063326,9.13642222261703,0.045454545454545456,ppf025_xy016_0
332,22,22.0,6.24464599701922,7.880405284455841,7.182863149533536,0.045454545454545456,ppf025_xy016_0
333,33,29.333333333333332,1.5259296300036493,5.066911478980221,3.9593678816290603,0.034090909090909095,ppf025_xy016_0
334,44,62.828828828828826,0.023806091277557614,3.19503520951238,3.3720038781218866,0.015916260395755666,ppf025_xy016_0
335,55,63.42342342342342,1.0812117928783842,2.970718265828111,2.9427300063292776,0.015767045454545454,ppf025_xy016_0
336,66,63.62162162162162,2.150145645606506,2.7201383344915477,2.474939120978024,0.015717926932880204,ppf025_xy016_0
337,77,63.81981981981982,3.219461091310868,2.4536383510721635,2.0200144693564464,0.015669113495200452,ppf025_xy016_0
338,88,136.75675675675677,0.41394337503728557,1.542309862537876,1.710290441412649,0.007312252964426877,ppf025_xy016_0
339,99,138.34234234234236,0.8781147037640942,1.4805177580150966,1.5942637475540213,0.007228444907528001,ppf025_xy016_0
340,110,137.15315315315314,1.4130648410963695,1.4148183876531215,1.443394319102024,0.0072911192853389395,ppf025_xy016_0
341,121,132.990990990991,2.063569534787294,1.3751539908945296,1.3222168686581819,0.007519306327055953,ppf025_xy016_0
342,132,131.6036036036036,2.6427092367921667,1.3470409768422436,1.255472487104724,0.0075985761226725086,ppf025_xy016_0
343,143,132.0,3.1558069628590504,1.3079099002684933,1.1871549011432236,0.007575757575757576,ppf025_xy016_0
344,154,132.59459459459458,3.6568823399000876,1.2530110881784455,1.0944941695506456,0.007541785568691399,ppf025_xy016_0
345,0,74.12612612612612,5.384210033205909,0.6185630349847036,2.494554211126857,0.013490520175012155,ppf025_xy017_0
346,11,73.33333333333334,6.2724177430289645,0.6718056773084176,2.9110018478758968,0.013636363636363634,ppf025_xy017_0
347,22,72.14414414414415,0.8910216959697524,0.723506606663159,3.321542424082758,0.01386113886113886,ppf025_xy017_0
348,33,71.74774774774775,1.83019059987637,0.7787357010434849,3.826856338095799,0.013937719738824711,ppf025_xy017_0
349,44,71.54954954954955,2.7729882702719695,0.8218067830848577,4.250108945679312,0.013976328380760513,ppf025_xy017_0
350,55,70.95495495495496,3.720375413572661,0.8570289341936445,4.583818501331637,0.01409344845099035,ppf025_xy017_0
351,66,70.75675675675676,4.6861655513659395,0.8964212843508819,5.000874471441782,0.014132925897631779,ppf025_xy017_0
352,77,70.75675675675676,5.652174167762033,0.9241104159661888,5.3145850871016265,0.014132925897631779,ppf025_xy017_0
353,88,70.95495495495496,0.3341978194505527,0.9400938215439544,5.515423195518634,0.01409344845099035,ppf025_xy017_0
354,99,70.95495495495496,1.3033720169883778,0.9534105984145227,5.672785928872537,0.01409344845099035,ppf025_xy017_0
355,110,70.95495495495496,2.2722948860264642,0.960127683376555,5.753000717046487,0.01409344845099035,ppf025_xy017_0
356,121,71.94594594594594,3.221707814115676,0.9591495113015623,5.8214699830239836,0.013899323816679191,ppf025_xy017_0
357,132,73.13513513513513,4.1479219210061,0.9408081644945083,5.6935342711477706,0.013673318551367332,ppf025_xy017_0
358,143,74.12612612612612,5.067543707070894,0.9180554902005086,5.494939108476011,0.013490520175012155,ppf025_xy017_0
359,154,75.51351351351352,5.968908020440933,0.8988807564700652,5.366394050272557,0.013242662848962061,ppf025_xy017_0
360,165,77.0990990990991,0.5760314023672856,0.8526820335006661,4.93034424535565,0.012970320168263612,ppf025_xy017_0
361,176,80.07207207207207,1.458086402266229,0.8420267317073041,4.993287143256345,0.012488748874887488,ppf025_xy017_0
362,187,82.05405405405406,2.3054548103918915,0.8482899189313224,5.193287557881269,0.012187088274044794,ppf025_xy017_0
363,198,83.63963963963964,3.1306964463278923,0.8487152270893583,5.298950429835259,0.011956053425247738,ppf025_xy017_0
364,209,86.21621621621621,3.9539222851091607,0.8465900517377724,5.4348679458754425,0.011598746081504702,ppf025_xy017_0
365,220,88.0,4.741338080211201,0.8622471731324275,5.754398661399141,0.011363636363636364,ppf025_xy017_0
366,231,88.990990990991,5.504536270318839,0.8529177413611125,5.693955321603389,0.011237092528851994,ppf025_xy017_0
367,242,91.36936936936937,6.264847596390396,0.8323314622313143,5.567330014987477,0.01094458686649576,ppf025_xy017_0
368,253,93.15315315315316,0.7109086646342724,0.8263844433160051,5.595199055526169,0.010735009671179884,ppf025_xy017_0
369,264,93.94594594594595,1.4268536072045166,0.7946165335213429,5.217313741735354,0.010644418872266973,ppf025_xy017_0
370,275,96.12612612612612,2.1253670640668787,0.7501687934536483,4.757876270768564,0.010402999062792878,ppf025_xy017_0
371,286,98.30630630630631,2.7940273655459635,0.7200901037938027,4.4834133340688584,0.010172287390029325,ppf025_xy017_0
372,297,98.10810810810811,3.483888513062354,0.6673722106109586,3.8432165329142465,0.010192837465564738,ppf025_xy017_0
373,308,100.28828828828829,4.131368692951865,0.595401428173237,3.12696974071721,0.009971254042400287,ppf025_xy017_0
374,0,50.14414414414414,2.3151839427857666,0.4843984310066171,1.2582865832772496,0.019942508084800574,ppf025_xy019_0
375,11,50.34234234234234,3.6938635255488697,0.5666147558683599,1.7284748564055512,0.019863994273443094,ppf025_xy019_0
376,22,50.34234234234234,5.054855346455051,0.6400270244007866,2.205382528555917,0.019863994273443094,ppf025_xy019_0
377,33,50.93693693693694,0.15471592936222237,0.7022136537336258,2.686119017488372,0.019632118853908736,ppf025_xy019_0
378,44,51.927927927927925,1.5175948185004624,0.747489658840846,3.1028819857682413,0.019257460097154754,ppf025_xy019_0
379,55,52.72072072072072,2.844836493204539,0.7772752866500747,3.406316082347311,0.018967874231032127,ppf025_xy019_0
380,66,53.90990990990991,4.147507267771594,0.8002196058345443,3.6918229773941986,0.01854946524064171,ppf025_xy019_0
381,77,55.2972972972973,5.408803480586439,0.8145714764602123,3.923884265400483,0.018084066471163247,ppf025_xy019_0
382,88,57.08108108108108,0.3503923916251758,0.8152979550395284,4.057689236453294,0.017518939393939396,ppf025_xy019_0
383,99,58.468468468468465,1.5454662000506763,0.8218358552860378,4.223240121320938,0.017103235747303543,ppf025_xy019_0
384,110,60.252252252252255,2.7092192968757605,0.8353426620157685,4.496312592993606,0.01659688995215311,ppf025_xy019_0
385,121,62.234234234234236,3.835005230618594,0.8515072586015614,4.8256958500157765,0.016068326577880716,ppf025_xy019_0
386,132,64.8108108108108,4.925967905198586,0.8564264169995025,5.083717999245242,0.015429524603836531,ppf025_xy019_0
387,143,66.990990990991,5.9990502465832725,0.8987877375882425,5.787414214356128,0.014927380311995695,ppf025_xy019_0
388,154,68.97297297297297,0.7628166262079328,0.916839183594256,6.200392248327791,0.014498432601880879,ppf025_xy019_0
389,165,71.15315315315316,1.7791021104296754,0.9559011783117007,6.953028853965049,0.014054190934413775,ppf025_xy019_0
390,176,71.94594594594594,2.738754619499426,0.9686893921242162,7.219868740431724,0.013899323816679191,ppf025_xy019_0
391,187,73.72972972972974,3.7003797883169502,0.9722033707663407,7.45265082682681,0.013563049853372432,ppf025_xy019_0
392,198,74.52252252252252,4.618271908362949,0.976735345748959,7.603179475793187,0.013418762088974854,ppf025_xy019_0
393,209,75.90990990990991,5.5348604244405095,0.9368035019801255,7.124417705009922,0.013173510562544505,ppf025_xy019_0
394,220,76.9009009009009,0.14030139418417267,0.9138746051653589,6.868446714200159,0.013003748828491098,ppf025_xy019_0
395,231,77.29729729729729,1.0127492889403544,0.870410895298933,6.262775348817375,0.012937062937062939,ppf025_xy019_0
396,242,78.68468468468468,1.8693220976832188,0.8077837655903162,5.490783719859342,0.012708953514998855,ppf025_xy019_0
397,253,80.07207207207207,2.6946099742278435,0.7594977241856998,4.939555938124178,0.012488748874887488,ppf025_xy019_0
398,0,48.55855855855856,3.202566311078189,0.5201279417078705,1.4030999690883714,0.020593692022263452,ppf025_xy026_0
399,11,48.36036036036036,4.602336047639956,0.5952128125233678,1.8299386476691542,0.020678092399403873,ppf025_xy026_0
400,22,48.75675675675676,6.031583658120532,0.6545582191308842,2.2311759952248433,0.020509977827050996,ppf025_xy026_0
401,33,49.54954954954955,1.1657508945448867,0.6962758874898616,2.5656941282541506,0.02018181818181818,ppf025_xy026_0
402,44,50.73873873873874,2.55294187668083,0.7208962935761198,2.8163570405643354,0.019708806818181816,ppf025_xy026_0
403,55,52.126126126126124,3.897893464965942,0.733215778675567,2.9931019764745175,0.019184237815416522,ppf025_xy026_0
404,66,53.513513513513516,5.200272135935192,0.7396637377950387,3.1270482353644615,0.018686868686868686,ppf025_xy026_0
405,77,55.0990990990991,0.18124263271112395,0.7436688089908402,3.254663472511831,0.01814911706998038,ppf025_xy026_0
406,88,56.88288288288288,1.410569551020762,0.7478680925087653,3.3980836572620334,0.017579980994615142,ppf025_xy026_0
407,99,58.468468468468465,2.606498383974409,0.7555278217111095,3.564717347312684,0.017103235747303543,ppf025_xy026_0
408,110,60.252252252252255,3.7710017202141004,0.7652899243947497,3.7690138668546607,0.01659688995215311,ppf025_xy026_0
409,121,62.432432432432435,4.90429350999971,0.7774983347728855,4.030989337923849,0.016017316017316017,ppf025_xy026_0
410,132,65.00900900900902,6.010068865050314,0.7937279712990439,4.3744088836192025,0.015382483370288245,ppf025_xy026_0
411,143,68.18018018018017,0.8107011707651007,0.8119996099050016,4.801448160892318,0.014667019027484145,ppf025_xy026_0
412,154,71.15315315315316,1.8541046678733026,0.8321796728658207,5.262969047248738,0.014054190934413775,ppf025_xy026_0
413,165,73.72972972972974,2.8554378699638248,0.8555282136918312,5.763864638698483,0.013563049853372432,ppf025_xy026_0
414,176,75.51351351351352,3.809963355014912,0.8823313612848059,6.279001229162784,0.013242662848962061,ppf025_xy026_0
415,187,76.5045045045045,4.721987329682236,0.9065917257706302,6.716035256318986,0.013071125765426284,ppf025_xy026_0
416,198,77.8918918918919,5.622625534038521,0.9380941483805812,7.3212892414768636,0.0128383067314365,ppf025_xy026_0
417,209,78.68468468468468,0.21162509131957663,0.958771348786453,7.725431786439819,0.012708953514998855,ppf025_xy026_0
418,220,79.87387387387388,1.082203013114996,0.9719890988336057,8.059906339843783,0.012519738326189939,ppf025_xy026_0
419,231,80.86486486486487,1.9320134400701876,0.9892429120922992,8.452169895314405,0.012366310160427807,ppf025_xy026_0
420,242,82.05405405405406,2.7742437468122545,0.9919021077595518,8.622637488285442,0.012187088274044794,ppf025_xy026_0
421,253,83.44144144144144,3.6020345622837526,0.9965716624417581,8.85118308339856,0.011984452602029799,ppf025_xy026_0
422,264,84.43243243243244,4.410327569369082,0.9862152644563865,8.771122974436476,0.011843790012804096,ppf025_xy026_0
423,275,85.62162162162161,5.209901437210638,0.9691158033348608,8.58889431178154,0.01167929292929293,ppf025_xy026_0
424,286,87.009009009009,5.990881345914565,0.953564349280946,8.450194249591906,0.011493062745910127,ppf025_xy026_0
425,297,87.8018018018018,0.47428642763382717,0.925335511360985,8.029792919221673,0.011389287912989945,ppf025_xy026_0
426,308,89.38738738738739,1.2291847298763,0.8800431532538076,7.394122466586189,0.011187260632936907,ppf025_xy026_0
427,319,90.97297297297297,1.9576467000229387,0.8436392036577133,6.915575901248633,0.010992275698158051,ppf025_xy026_0
428,330,91.96396396396396,2.675339167770981,0.8030021869956551,6.333643246132597,0.010873824451410658,ppf025_xy026_0
429,341,93.35135135135135,3.3733729330780617,0.7462809971562878,5.5530020525390125,0.010712217718587144,ppf025_xy026_0
430,352,95.92792792792793,4.022202709918989,0.6917019299400131,4.902137595298966,0.010424492862509393,ppf025_xy026_0
431,0,90.57657657657657,5.412947480950648,0.39205968219279486,1.1912308701574532,0.0110403819375373,ppf025_xy028_0
432,11,88.0,6.078733523350421,0.42803237381009834,1.3794678326874383,0.011363636363636364,ppf025_xy028_0
433,22,86.41441441441441,0.5161036268651016,0.47163068636781874,1.6446215264779553,0.011572143452877399,ppf025_xy028_0
434,33,85.02702702702703,1.2518581492075318,0.5108190793333044,1.89830890250625,0.011760966306420852,ppf025_xy028_0
435,44,83.24324324324324,1.995734168066945,0.5530308613166113,2.178328619232185,0.012012987012987014,ppf025_xy028_0
436,55,81.65765765765767,2.7630954058728223,0.6054241593220705,2.5608968332697337,0.012246248896734332,ppf025_xy028_0
437,66,80.46846846846847,3.5532692461027464,0.6598890892338966,2.998080579634841,0.012427227944469323,ppf025_xy028_0
438,77,79.08108108108108,4.350140621773856,0.7145451064968575,3.4546779388222606,0.012645249487354751,ppf025_xy028_0
439,88,77.8918918918919,5.175010318068738,0.7722570573172237,3.974584131458271,0.0128383067314365,ppf025_xy028_0
440,99,76.9009009009009,6.020332813713712,0.8325433967765352,4.560588198387785,0.013003748828491098,ppf025_xy028_0
441,110,76.5045045045045,0.6124247024950993,0.8857619751023827,5.135665651098633,0.013071125765426284,ppf025_xy028_0
442,121,76.30630630630631,1.5026725780999388,0.930907666627529,5.657822465853091,0.013105076741440376,ppf025_xy028_0
443,132,76.30630630630631,2.4019056696848344,0.97208885657066,6.169472477258656,0.013105076741440376,ppf025_xy028_0
444,143,76.70270270270271,3.3048481624171075,1.0056310582059453,6.6368758355553945,0.013037350246652571,ppf025_xy028_0
445,154,77.29729729729729,4.200620760252891,1.0304148050343735,7.022053910191632,0.012937062937062939,ppf025_xy028_0
446,165,78.09009009009009,5.091980176749229,1.0488648867441843,7.35039515618892,0.01280572219658514,ppf025_xy028_0
447,176,78.88288288288288,5.973320778169837,1.0657233051156496,7.665621477418934,0.01267702147099132,ppf025_xy028_0
448,187,79.87387387387388,0.5602205622717107,1.0804970983368158,7.978617188653824,0.012519738326189939,ppf025_xy028_0
449,198,81.45945945945945,1.4130400712663314,1.0922865019923085,8.315537528146004,0.012276045122760452,ppf025_xy028_0
450,209,82.25225225225225,2.2520243168490115,1.1007593103903224,8.5272344536528,0.012157721796276014,ppf025_xy028_0
451,220,83.44144144144144,3.089564580235534,1.115907457464401,8.890247014492653,0.011984452602029799,ppf025_xy028_0
452,231,84.43243243243244,3.912641810783166,1.1340294717840955,9.29038376617275,0.011843790012804096,ppf025_xy028_0
453,242,85.62162162162161,4.7283295829015355,1.151769327124127,9.718296305130794,0.01167929292929293,ppf025_xy028_0
454,253,86.41441441441441,5.528108555757317,1.169329544879053,10.109640385795185,0.011572143452877399,ppf025_xy028_0
455,264,87.4054054054054,0.04109003112317369,1.1770329446376953,10.360750111793388,0.011440940012368584,ppf025_xy028_0
456,275,88.5945945945946,0.8284547156609996,1.186461516642921,10.670633606025433,0.011287370347773032,ppf025_xy028_0
457,286,89.1891891891892,1.5980042958438878,1.1903914506616564,10.813529872107056,0.011212121212121211,ppf025_xy028_0
458,297,89.58558558558559,2.364523801816205,1.1814578474918267,10.699174474070544,0.011162510056315366,ppf025_xy028_0
459,308,90.37837837837839,3.1279243449889815,1.1679286370009536,10.54806577855761,0.011064593301435405,ppf025_xy028_0
460,319,90.97297297297297,3.879001703886325,1.1525822836471207,10.340271388753031,0.010992275698158051,ppf025_xy028_0
461,330,91.17117117117117,4.626942739912807,1.122686764118319,9.832193321585851,0.010968379446640317,ppf025_xy028_0
462,341,91.56756756756756,5.374013001662994,1.0839484481346826,9.205229142348756,0.010920897284533649,ppf025_xy028_0
463,352,92.36036036036036,6.109268552418873,1.0436772033315176,8.607830049597498,0.010827155676941085,ppf025_xy028_0
464,363,92.36036036036036,0.5645582175062575,0.9964217954264092,7.845989564273925,0.010827155676941085,ppf025_xy028_0
465,374,92.55855855855856,1.300949607836804,0.9362935835408547,6.942507333156582,0.010803971189410162,ppf025_xy028_0
466,385,93.15315315315316,2.0256479562851952,0.8776719665914475,6.139566165497226,0.010735009671179884,ppf025_xy028_0
467,396,93.74774774774775,2.738011240738194,0.8202912734977087,5.397251999037232,0.010666922929079376,ppf025_xy028_0
468,0,22.0,3.1884325305880594,0.7803217717925061,1.1289528984050896,0.045454545454545456,ppf025_xy029_0
469,11,22.0,0.010022135031118472,0.9329123283265243,1.6136525875189962,0.045454545454545456,ppf025_xy029_0
470,22,73.33333333333334,0.4862610396807279,0.5271891925066912,1.7176715267183085,0.013636363636363634,ppf025_xy029_0
471,33,70.55855855855856,1.3763253612780177,0.5691063668404501,1.9259379102540477,0.014172625127681308,ppf025_xy029_0
472,44,69.17117117117118,2.3378820076907636,0.6537177638123585,2.4912160614257988,0.014456889815056002,ppf025_xy029_0
473,55,68.97297297297297,3.3033414653581974,0.7089259939902905,2.9213691646950934,0.014498432601880879,ppf025_xy029_0
474,66,67.78378378378378,4.284634126169449,0.750624747698272,3.2186759798402993,0.014752791068580543,ppf025_xy029_0
475,77,66.990990990991,5.286881935746877,0.8063438418092477,3.670816225712745,0.014927380311995695,ppf025_xy029_0
476,88,68.37837837837839,6.281932467623,0.876595031864711,4.428151799913921,0.014624505928853754,ppf025_xy029_0
477,99,69.76576576576576,0.968321153396023,0.9004691215485888,4.767445186487884,0.014333677685950414,ppf025_xy029_0
478,110,70.36036036036036,1.9396734958067323,0.9062910406753502,4.870450365878069,0.014212548015364916,ppf025_xy029_0
479,121,68.57657657657657,2.8563893696648583,0.8698176913116022,4.372582047314144,0.014582238570677879,ppf025_xy029_0
480,132,69.56756756756756,3.8443819185893418,0.877694633144193,4.51647278265315,0.014374514374514376,ppf025_xy029_0
481,143,71.94594594594594,4.8426021797263115,0.8612577648795616,4.497574037428211,0.013899323816679191,ppf025_xy029_0
482,154,72.93693693693695,5.781194257114662,0.8577854431776718,4.522833058142575,0.013710474308300394,ppf025_xy029_0
483,165,74.72072072072072,0.4296604147347456,0.8003075484699147,4.033300423063358,0.013383168555582348,ppf025_xy029_0
484,176,77.8918918918919,1.3255933507963875,0.77634356807022,3.9564516639212,0.0128383067314365,ppf025_xy029_0
485,187,77.0990990990991,2.1950569738737253,0.7109927069216052,3.284621176982727,0.012970320168263612,ppf025_xy029_0
486,198,80.07207207207207,3.028365203684552,0.6438231928618293,2.797177302399008,0.012488748874887488,ppf025_xy029_0
487,209,85.81981981981983,3.756415675648418,0.6058547376804566,2.6547908274469783,0.011652319966407726,ppf025_xy029_0
488,11,47.765765765765764,4.3601750022848345,0.502594722320141,1.347133964565044,0.02093549603923048,ppf025_xy030_0
489,22,47.96396396396396,5.818182917977363,0.5853505590019736,1.8348701542892305,0.020848985725018785,ppf025_xy030_0
490,33,48.36036036036036,0.9909662440235902,0.6621637947564762,2.3674378361912622,0.020678092399403873,ppf025_xy030_0
491,44,48.95495495495496,2.4364408036908793,0.730240361504599,2.914650704253463,0.02042694147957306,ppf025_xy030_0
492,55,49.54954954954955,3.8574432700945933,0.7893162546645596,3.446672327527605,0.02018181818181818,ppf025_xy030_0
493,66,50.14414414414414,5.255236504928605,0.8385769956268425,3.9369899454871637,0.019942508084800574,ppf025_xy030_0
494,77,50.73873873873874,0.34736749256618527,0.8775364635095485,4.362427312777743,0.019708806818181816,ppf025_xy030_0
495,88,51.33333333333333,1.70030682738842,0.9058147862680725,4.7025830180798005,0.019480519480519484,ppf025_xy030_0
496,99,52.126126126126124,3.0313605844682545,0.9214158714941818,4.94111568132794,0.019184237815416522,ppf025_xy030_0
497,110,52.91891891891892,4.3353031877015455,0.9262478798399123,5.0690154026724406,0.018896833503575076,ppf025_xy030_0
498,121,54.108108108108105,5.6069473153862495,0.9180154685343921,5.091204489964986,0.018481518481518484,ppf025_xy030_0
499,132,55.2972972972973,0.5598090401133861,0.9026230770547208,5.030080837169482,0.018084066471163247,ppf025_xy030_0
500,143,57.08108108108108,1.7492623379396481,0.8791315679323135,4.925588578102888,0.017518939393939396,ppf025_xy030_0
501,154,59.06306306306306,2.896158649161009,0.8554059936085138,4.825237980885843,0.01693105552165955,ppf025_xy030_0
502,165,61.24324324324324,4.003231483205151,0.8360271227284151,4.7792209561700725,0.016328331862312445,ppf025_xy030_0
503,176,63.81981981981982,5.074802684537085,0.8237217047063549,4.834758511162736,0.015669113495200452,ppf025_xy030_0
504,187,66.5945945945946,6.121255535471323,0.8217178335858466,5.020449443849802,0.015016233766233766,ppf025_xy030_0
505,198,69.56756756756756,0.8647924174146195,0.8289128310018548,5.336822230648024,0.014374514374514376,ppf025_xy030_0
506,209,72.34234234234233,1.8663956219760147,0.8451388105680157,5.769083859819616,0.013823163138231632,ppf025_xy030_0
507,220,75.31531531531532,2.845955040485673,0.8654395164217693,6.298178066950121,0.013277511961722487,ppf025_xy030_0
508,231,78.09009009009009,3.7993751047162827,0.8926073628442066,6.946644071563952,0.01280572219658514,ppf025_xy030_0
509,242,80.07207207207207,4.708880576037049,0.9221643177868599,7.602490533962717,0.012488748874887488,ppf025_xy030_0
510,253,81.85585585585585,5.592088100446277,0.9555604750067589,8.344960833439824,0.012216596962359674,ppf025_xy030_0
511,264,83.04504504504504,0.15994519756550998,0.9875653012326219,9.042813276800238,0.012041657626383163,ppf025_xy030_0
512,275,84.23423423423424,0.9980907281529219,1.013954238396141,9.669043979837586,0.011871657754010695,ppf025_xy030_0
513,286,85.22522522522522,1.8155901761656283,1.0395829716853748,10.283587924334201,0.011733615221987317,ppf025_xy030_0
514,297,85.81981981981983,2.617024632686928,1.0575658924505442,10.716689896702214,0.011652319966407726,ppf025_xy030_0
515,308,86.61261261261261,3.4133295090417715,1.0724283080468475,11.12182023204438,0.01154566257541086,ppf025_xy030_0
516,319,87.009009009009,4.195834395635298,1.0817190667017524,11.367144622845574,0.011493062745910127,ppf025_xy030_0
517,330,87.8018018018018,4.9746058866160485,1.0778175337531914,11.388121988562224,0.011389287912989945,ppf025_xy030_0
518,341,88.3963963963964,5.747014424938873,1.0719113635646513,11.339933412582807,0.011312678353037097,ppf025_xy030_0
519,352,88.7927927927928,0.22721856296895432,1.0578127051558914,11.093113781952217,0.011262175324675324,ppf025_xy030_0
520,363,89.38738738738739,0.9869464310551395,1.0298743515557276,10.585293942485166,0.011187260632936907,ppf025_xy030_0
521,374,90.18018018018019,1.7372553559646784,0.998470894299917,10.037836363334268,0.011088911088911088,ppf025_xy030_0
522,385,90.57657657657657,2.4836869744216346,0.9582919058373262,9.286877898953753,0.0110403819375373,ppf025_xy030_0
523,396,91.17117117117117,3.2231969969684906,0.9083933575664167,8.399697134976218,0.010968379446640317,ppf025_xy030_0
524,407,92.16216216216216,3.944942936935259,0.8564995526614506,7.548577696594687,0.010850439882697948,ppf025_xy030_0
525,418,92.55855855855856,4.671831955561025,0.8030059763098018,6.663652348279822,0.010803971189410162,ppf025_xy030_0
526,429,93.15315315315316,5.386400411204574,0.7430511059159092,5.742395801205964,0.010735009671179884,ppf025_xy030_0
527,0,75.51351351351352,4.844340409493423,0.5370147262910921,2.0899673557672123,0.013242662848962061,ppf025_xy031_0
528,11,74.12612612612612,5.685904308704681,0.5977856166292475,2.5421704199830084,0.013490520175012155,ppf025_xy031_0
529,22,72.93693693693695,0.2741187578163151,0.6538524633884764,2.9926055955966038,0.013710474308300394,ppf025_xy031_0
530,33,71.74774774774775,1.170869298583977,0.710398002305175,3.474994887259285,0.013937719738824711,ppf025_xy031_0
531,44,70.95495495495496,2.0979254772540044,0.7656006199008343,3.9914410166429652,0.01409344845099035,ppf025_xy031_0
532,55,70.55855855855856,3.048803749618154,0.8136883615760648,4.483408829645463,0.014172625127681308,ppf025_xy031_0
533,66,69.96396396396396,4.0069756825223966,0.857331566075036,4.935310378948752,0.014293072366726759,ppf025_xy031_0
534,77,69.56756756756756,4.980245693582851,0.8972545514621529,5.375026292050547,0.014374514374514376,ppf025_xy031_0
535,88,69.36936936936937,5.961372796676676,0.9305843667871565,5.76529700808695,0.014415584415584416,ppf025_xy031_0
536,99,69.36936936936937,0.667676593052618,0.9555430009311101,6.07869918766902,0.014415584415584416,ppf025_xy031_0
537,110,69.56756756756756,1.660884489626527,0.9760758693531907,6.360868323761416,0.014374514374514376,ppf025_xy031_0
538,121,69.76576576576576,2.6491567524868462,0.9936747637291994,6.6110938189016,0.014333677685950414,ppf025_xy031_0
539,132,70.36036036036036,3.6324640635689236,1.0039871874671658,6.806546730609372,0.014212548015364916,ppf025_xy031_0
540,143,70.95495495495496,4.609388227891818,1.013224040844857,6.990949011560601,0.01409344845099035,ppf025_xy031_0
541,154,71.74774774774775,5.576855982945716,1.0235715833938068,7.214182884163916,0.013937719738824711,ppf025_xy031_0
542,165,72.73873873873873,0.24836458554545565,1.0347926296714893,7.4750629480468245,0.013747832548922468,ppf025_xy031_0
543,176,73.92792792792793,1.187322185077584,1.044769307775109,7.744471393149156,0.013526687789422374,ppf025_xy031_0
544,187,74.91891891891892,2.115294519320146,1.0577663041629057,8.04476556275771,0.013347763347763348,ppf025_xy031_0
545,198,75.90990990990991,3.030725984881905,1.070189353070145,8.34376689478924,0.013173510562544505,ppf025_xy031_0
546,209,77.29729729729729,3.942311306530915,1.0836500190117446,8.711337290652976,0.012937062937062939,ppf025_xy031_0
547,220,78.68468468468468,4.839208323130807,1.1043950041156934,9.210464011164873,0.012708953514998855,ppf025_xy031_0
548,231,79.47747747747748,5.711381750677262,1.1233872096349036,9.625991166908529,0.012582180911357968,ppf025_xy031_0
549,242,80.46846846846847,0.29264845534050815,1.133432203102249,9.921087165787377,0.012427227944469323,ppf025_xy031_0
550,253,81.45945945945945,1.1476722685511824,1.1438967226790078,10.229574974785812,0.012276045122760452,ppf025_xy031_0
551,264,82.05405405405406,1.9841478906520673,1.151957030707979,10.449969838835331,0.012187088274044794,ppf025_xy031_0
552,275,82.64864864864865,2.814996232483044,1.141151579524471,10.329156624623371,0.01209941137998692,ppf025_xy031_0
553,286,83.44144144144144,3.639775972114844,1.1272133757574738,10.17504876671487,0.011984452602029799,ppf025_xy031_0
554,297,84.03603603603604,4.451182176532262,1.1090955263302527,9.920781852035024,0.011899656946826757,ppf025_xy031_0
555,308,84.43243243243244,5.258259033724206,1.0765017364418588,9.390337571251582,0.011843790012804096,ppf025_xy031_0
556,319,85.22522522522522,6.0574469987978805,1.0364883674900234,8.786976334356018,0.011733615221987317,ppf025_xy031_0
557,330,85.62162162162161,0.5669913332753547,0.9954002813545808,8.141818215694439,0.01167929292929293,ppf025_xy031_0
558,341,85.81981981981983,1.3590793478412244,0.9378245489861892,7.24391301250297,0.011652319966407726,ppf025_xy031_0
559,352,86.61261261261261,2.1335517245299425,0.8799486001308192,6.436328220582467,0.01154566257541086,ppf025_xy031_0
560,363,87.6036036036036,2.8876653403333377,0.8236458800700535,5.703552803042123,0.011415055532702592,ppf025_xy031_0
561,374,88.0,3.64744780879271,0.7608435217518971,4.888952309064986,0.011363636363636364,ppf025_xy031_0
562,11,54.5045045045045,5.035166894332646,0.47463205491677246,1.1774155265015536,0.01834710743801653,ppf025_xy031_1
563,22,53.90990990990991,6.2528419211754676,0.5661738343915743,1.6571103390812436,0.01854946524064171,ppf025_xy031_1
564,33,53.513513513513516,1.220488439214817,0.6580055655428518,2.2218044472862415,0.018686868686868686,ppf025_xy031_1
565,44,53.11711711711712,2.4819553719818055,0.746635380591778,2.8394541438562917,0.018826322930800544,ppf025_xy031_1
566,55,53.11711711711712,3.773221518051077,0.8249853432090608,3.466651571004172,0.018826322930800544,ppf025_xy031_1
567,66,53.11711711711712,5.063044089591764,0.8922772901425318,4.055247889588666,0.018826322930800544,ppf025_xy031_1
568,77,53.31531531531532,0.07352308513974383,0.9445344073835124,4.561112450736639,0.01875633660020277,ppf025_xy031_1
569,88,53.513513513513516,1.3609765353014338,0.9820332006347362,4.948790160398844,0.018686868686868686,ppf025_xy031_1
570,99,53.711711711711715,2.641864444912112,1.0044385671501128,5.19635704637312,0.01861791345186179,ppf025_xy031_1
571,110,53.90990990990991,3.915306400088697,1.0119803584531046,5.29414710231552,0.01854946524064171,ppf025_xy031_1
572,121,54.5045045045045,5.17589959966832,1.0018731619205725,5.246154944832454,0.01834710743801653,ppf025_xy031_1
573,132,55.0990990990991,0.13547323206752981,0.9796056282499276,5.070260497342765,0.01814911706998038,ppf025_xy031_1
574,143,55.891891891891895,1.3528529906222582,0.946116847957101,4.797573030203854,0.017891682785299807,ppf025_xy031_1
575,154,57.08108108108108,2.531945026206789,0.9040168998049599,4.473305099289923,0.017518939393939396,ppf025_xy031_1
576,165,58.666666666666664,3.665470931361489,0.8586619669591387,4.147812333032958,0.017045454545454548,ppf025_xy031_1
577,176,60.648648648648646,4.751310587756058,0.8152615689848269,3.8654343429289204,0.01648841354723708,ppf025_xy031_1
578,187,63.027027027027025,5.792064981991949,0.7791099795961876,3.668661043667059,0.015866209262435677,ppf025_xy031_1
579,198,92.16216216216216,1.6831536383550232,0.7064434704068299,4.410529357541042,0.010850439882697948,ppf025_xy031_1
580,209,91.76576576576576,2.4148199835222357,0.7756331859055796,5.293911652794016,0.010897310033379149,ppf025_xy031_1
581,220,91.76576576576576,3.1630891989524117,0.8437641632906682,6.264783634292725,0.010897310033379149,ppf025_xy031_1
582,231,91.56756756756756,3.9043887243375237,0.9087216732502067,7.250812614028674,0.010920897284533649,ppf025_xy031_1
583,242,91.56756756756756,4.654069026054871,0.9696668948389247,8.256006888133646,0.010920897284533649,ppf025_xy031_1
584,253,91.56756756756756,5.4025344622194424,1.0272572082142186,9.265808151943862,0.010920897284533649,ppf025_xy031_1
585,264,91.96396396396396,6.162032932244024,1.0794338985410883,10.27526471719533,0.010873824451410658,ppf025_xy031_1
586,275,92.16216216216216,0.6274367440048596,1.126270401786391,11.21040308868233,0.010850439882697948,ppf025_xy031_1
587,286,92.55855855855856,1.3784007183877658,1.1631482997413094,12.007981069014443,0.010803971189410162,ppf025_xy031_1
588,297,93.15315315315316,2.1282998262635466,1.195199889430972,12.760329240629275,0.010735009671179884,ppf025_xy031_1
589,308,93.15315315315316,2.8611633071684084,1.2224546270317338,13.348924875344528,0.010735009671179884,ppf025_xy031_1
590,319,93.35135135135135,3.595562238911852,1.2392118899660636,13.74659014050108,0.010712217718587144,ppf025_xy031_1
591,330,93.74774774774775,4.32818821384388,1.2511697668537423,14.072671744584737,0.010666922929079376,ppf025_xy031_1
592,341,93.94594594594595,5.052968348017744,1.2570190929206486,14.234592004690022,0.010644418872266973,ppf025_xy031_1
593,352,94.14414414414415,5.776245240381027,1.2522686378919983,14.157010414236279,0.01062200956937799,ppf025_xy031_1
594,363,94.54054054054055,0.21455376391427666,1.2446889978311773,14.045041089307839,0.010577472841623784,ppf025_xy031_1
595,374,94.93693693693693,0.9292638909494134,1.228339336676371,13.735838220849839,0.010533308028088823,ppf025_xy031_1
596,385,95.33333333333333,1.6419539071572666,1.2013318512444724,13.193316881430343,0.01048951048951049,ppf025_xy031_1
597,396,95.92792792792793,2.3486112727825614,1.1685457763565124,12.560870996275682,0.010424492862509393,ppf025_xy031_1
598,407,96.32432432432432,3.0513694404053315,1.1303456022026765,11.801622013646067,0.010381593714927048,ppf025_xy031_1
599,418,96.91891891891892,3.747043881670876,1.0798094580126905,10.836425435428396,0.010317902955939765,ppf025_xy031_1
600,429,97.90990990990991,4.426046931246165,1.0259252976904127,9.881920609207006,0.01021347073978653,ppf025_xy031_1
601,440,98.50450450450451,5.104544024473147,0.9700503198104877,8.888487146419978,0.01015182001097494,ppf025_xy031_1
602,451,98.90090090090091,5.784689292427394,0.9079366117144837,7.817979678204965,0.010111131353616323,ppf025_xy031_1
603,462,100.09009009009009,0.1496652645626644,0.8409769145656232,6.78800979396718,0.009990999099909992,ppf025_xy031_1
604,473,101.67567567567568,0.7708434178806851,0.7773819467413354,5.892087669750631,0.009835194045720362,ppf025_xy031_1
605,11,56.486486486486484,2.4525374622740923,0.4439041100916636,1.2317325636608072,0.01770334928229665,ppf025_xy032_0
606,22,55.891891891891895,3.6289646558649875,0.5215444123493821,1.68238323867332,0.017891682785299807,ppf025_xy032_0
607,33,55.4954954954955,4.836019359670994,0.5986632157946858,2.200981593313537,0.01801948051948052,ppf025_xy032_0
608,44,55.2972972972973,6.064578844460829,0.6715805010505357,2.7599015501853246,0.018084066471163247,ppf025_xy032_0
609,55,55.2972972972973,1.0226453249538348,0.7370863790199951,3.324560231677056,0.018084066471163247,ppf025_xy032_0
610,66,55.4954954954955,2.2684105447097456,0.79265099229935,3.858471328436805,0.01801948051948052,ppf025_xy032_0
611,77,55.891891891891895,3.511260333360197,0.8367155058855791,4.330100475373842,0.017891682785299807,ppf025_xy032_0
612,88,56.486486486486484,4.744387045221711,0.8687336635322693,4.717494390492856,0.01770334928229665,ppf025_xy032_0
613,99,57.08108108108108,5.9596804523762295,0.8908182788760896,5.012610485348805,0.017518939393939396,ppf025_xy032_0
614,110,57.873873873873876,0.8734130420364358,0.9028419473493163,5.22034902067469,0.01727895392278954,ppf025_xy032_0
615,121,59.06306306306306,2.047179185285879,0.9055742754148325,5.359911871088158,0.01693105552165955,ppf025_xy032_0
616,132,60.252252252252255,3.1940553364876707,0.9047909864386385,5.458374701206973,0.01659688995215311,ppf025_xy032_0
617,143,61.63963963963964,4.312890482884093,0.901666688052741,5.545563337817115,0.01622332651271558,ppf025_xy032_0
618,154,63.22522522522522,5.40334890922933,0.8988578318037813,5.652830033308926,0.015816471929324595,ppf025_xy032_0
619,165,65.2072072072072,0.18353843461529631,0.8973405645540212,5.810369212828015,0.015335728101685549,ppf025_xy032_0
620,176,67.1891891891892,1.2229619413591828,0.9018066058935096,6.046718537498149,0.01488334674175382,ppf025_xy032_0
621,187,69.17117117117118,2.2398111681260375,0.9128303605848516,6.378209942455151,0.014456889815056002,ppf025_xy032_0
622,198,71.15315315315316,3.234440712464047,0.9297843807631588,6.80694390992409,0.014054190934413775,ppf025_xy032_0
623,209,73.13513513513513,4.207339391537298,0.9506625103803195,7.314292644278103,0.013673318551367332,ppf025_xy032_0
624,220,75.11711711711712,5.159505405911027,0.9728710824514905,7.867613739348349,0.013312544974814104,ppf025_xy032_0
625,231,76.5045045045045,6.082798983125206,0.9982314325773878,8.43612521715492,0.013071125765426284,ppf025_xy032_0
626,242,78.09009009009009,0.7074408565700248,1.0217477113242848,9.02145941722185,0.01280572219658514,ppf025_xy032_0
627,253,79.27927927927928,1.5924015147001698,1.0446861259841538,9.574693407881997,0.012613636363636363,ppf025_xy032_0
628,264,80.46846846846847,2.463632401877003,1.065959394558967,10.118137742865123,0.012427227944469323,ppf025_xy032_0
629,275,81.26126126126127,3.315544020463714,1.0867886061315408,10.621044802154907,0.012305986696230597,ppf025_xy032_0
630,286,82.25225225225225,4.158902017271634,1.1012072205366175,11.037721407552992,0.012157721796276014,ppf025_xy032_0
631,297,83.24324324324324,4.991063843114022,1.1141792061751852,11.435433144773379,0.012012987012987014,ppf025_xy032_0
632,308,84.03603603603604,5.809510729899974,1.1237610200485764,11.743755873684359,0.011899656946826757,ppf025_xy032_0
633,319,85.02702702702703,0.3374872290165041,1.126973925765803,11.950284900935893,0.011760966306420852,ppf025_xy032_0
634,330,85.81981981981983,1.1377172080632982,1.1292967779567948,12.111482478968245,0.011652319966407726,ppf025_xy032_0
635,341,86.41441441441441,1.927942874938891,1.1256626097728533,12.117030512749848,0.011572143452877399,ppf025_xy032_0
636,352,87.4054054054054,2.711038687050297,1.1139027552821998,12.001247069781556,0.011440940012368584,ppf025_xy032_0
637,363,88.1981981981982,3.4837689098010123,1.0998908386447317,11.807349296494378,0.011338100102145046,ppf025_xy032_0
638,374,88.7927927927928,4.249813394547866,1.077070758813777,11.39881527652021,0.011262175324675324,ppf025_xy032_0
639,385,89.58558558558559,5.0081626982716365,1.0482374279771611,10.893087456308026,0.011162510056315366,ppf025_xy032_0
640,396,90.37837837837839,5.755691211842201,1.0173142069482588,10.35066594600542,0.011064593301435405,ppf025_xy032_0
641,407,90.97297297297297,0.21302004274207398,0.9774506144973164,9.618238995854014,0.010992275698158051,ppf025_xy032_0
642,418,91.76576576576576,0.9432748073926152,0.9315111374569973,8.811509737522464,0.010897310033379149,ppf025_xy032_0
643,429,92.75675675675676,1.6607597900765827,0.8838560210185037,8.018666169341126,0.01078088578088578,ppf025_xy032_0
644,440,93.54954954954955,2.3687964623420155,0.8323146687339757,7.171505352330933,0.010689522342064715,ppf025_xy032_0
645,451,94.34234234234235,3.070515077236856,0.7737185926265442,6.249801873415896,0.010599694423223834,ppf025_xy032_0
0,0,66.0,3.907303973774779,0.42655818826226644,1.1291303836574489,0.015151515151515152,ppf025_xy034_0
1,11,65.4054054054054,4.911885357917871,0.49392935062346777,1.5003303747424042,0.015289256198347107,ppf025_xy034_0
2,22,65.00900900900902,5.9426361221773,0.5632975207207666,1.9395135469523173,0.015382483370288245,ppf025_xy034_0
3,33,65.00900900900902,0.7173941572916999,0.6310425971886914,2.434077997255235,0.015382483370288245,ppf025_xy034_0
4,44,65.2072072072072,1.7841890101811138,0.6938551479765868,2.951731308345185,0.015335728101685549,ppf025_xy034_0
5,55,65.2072072072072,2.8380598594170188,0.7535736700935486,3.4816941971000546,0.015335728101685549,ppf025_xy034_0
6,66,65.6036036036036,3.9031821136664187,0.8063200746424642,4.010386528347202,0.01524306509200769,ppf025_xy034_0
7,77,65.8018018018018,4.952356275822775,0.853594064115047,4.5080025242548505,0.015197152245345017,ppf025_xy034_0
8,88,66.1981981981982,6.000233618271696,0.8914241934926511,4.946051049640289,0.015106151333696244,ppf025_xy034_0
9,99,66.7927927927928,0.7601914491146351,0.9212085616604371,5.3295326392388755,0.014971675209063933,ppf025_xy034_0
10,110,67.38738738738738,1.7906984371994021,0.9446873969653595,5.654555280143664,0.01483957219251337,ppf025_xy034_0
11,121,67.98198198198199,2.807365997085932,0.9602821956188826,5.894339787636456,0.014709780015902464,ppf025_xy034_0
12,132,68.77477477477478,3.812224014926483,0.9670389981710901,6.047289302429488,0.014540214828399265,ppf025_xy034_0
13,143,69.76576576576576,4.802391948260329,0.9678122376431936,6.144240069764386,0.014333677685950414,ppf025_xy034_0
14,154,70.95495495495496,5.773085871639971,0.9654340354178899,6.218298008779435,0.01409344845099035,ppf025_xy034_0
15,165,72.54054054054055,0.4384797075154436,0.959521231407347,6.279622794611208,0.013785394932935915,ppf025_xy034_0
16,176,74.12612612612612,1.3648018811145677,0.9523556504325209,6.321399271751821,0.013490520175012155,ppf025_xy034_0
17,187,75.90990990990991,2.272116031142319,0.9454384965766222,6.379823032846145,0.013173510562544505,ppf025_xy034_0
18,198,77.8918918918919,3.1627136981351107,0.9457705524535979,6.550997291843,0.0128383067314365,ppf025_xy034_0
19,209,79.87387387387388,4.035347949158901,0.955334542142578,6.8542399199386725,0.012519738326189939,ppf025_xy034_0
20,220,82.25225225225225,4.905674587575993,0.9738473183034857,7.334544303343158,0.012157721796276014,ppf025_xy034_0
21,231,84.03603603603604,5.747076360910539,0.995175617136976,7.825437088639722,0.011899656946826757,ppf025_xy034_0
22,242,85.42342342342343,0.28390207865814787,1.0173121096499118,8.312448979520358,0.011706391056739084,ppf025_xy034_0
23,253,87.2072072072072,1.0996966665909789,1.0430913750360697,8.921557510950773,0.011466942148760331,ppf025_xy034_0
24,264,88.3963963963964,1.8869941475291554,1.062844318985314,9.388959461845053,0.011312678353037097,ppf025_xy034_0
25,275,89.58558558558559,2.663551206599284,1.0748110159340014,9.730741753517218,0.011162510056315366,ppf025_xy034_0
26,286,91.17117117117117,3.432319663916289,1.0883775864555867,10.154541174836,0.010968379446640317,ppf025_xy034_0
27,297,91.96396396396396,4.1750570007456265,1.0942839601951166,10.354314252409404,0.010873824451410658,ppf025_xy034_0
28,308,92.75675675675676,4.911192563537447,1.0842142859815878,10.252254961188203,0.01078088578088578,ppf025_xy034_0
29,319,94.14414414414415,5.639348998639237,1.0687598117237775,10.1110703791942,0.01062200956937799,ppf025_xy034_0
30,330,95.13513513513513,0.06679587517372297,1.0526527535344654,9.91185164616106,0.010511363636363636,ppf025_xy034_0
31,341,95.72972972972973,0.7712201066343636,1.0200028927403149,9.364686254467706,0.010446075663466968,ppf025_xy034_0
32,352,97.31531531531532,1.4602296130313468,0.9734940904217984,8.671444029568022,0.010275874837992964,ppf025_xy034_0
33,363,98.50450450450451,2.1351201698050035,0.933162242795017,8.065178790845057,0.01015182001097494,ppf025_xy034_0
34,374,99.0990990990991,2.80771145532235,0.8810290693521544,7.232588802806774,0.01009090909090909,ppf025_xy034_0
35,385,100.28828828828829,3.462259176097546,0.818637822532503,6.319422947952715,0.009971254042400287,ppf025_xy034_0
36,0,154.1981981981982,2.850834775585255,0.3488145395934642,1.4331456880507396,0.006485160084131806,ppf025_xy035_0
37,11,157.17117117117118,3.32471574186475,0.3662129157495116,1.6101342467594608,0.006362489969047346,ppf025_xy035_0
38,22,156.97297297297297,3.7578645758790574,0.3784155013895035,1.7170565730245413,0.006370523415977962,ppf025_xy035_0
39,33,154.7927927927928,4.184384889466235,0.39381898538217314,1.83385890103193,0.006460249097893144,ppf025_xy035_0
40,44,152.61261261261262,4.629333799854201,0.4204113542042056,2.0604457496674926,0.006552538370720188,ppf025_xy035_0
41,55,152.4144144144144,5.082468154527451,0.44215269058354584,2.276105927761439,0.006561059226858967,ppf025_xy035_0
42,66,152.018018018018,5.526839140275407,0.451298360534772,2.365072516651849,0.006578167595116748,ppf025_xy035_0
43,77,149.44144144144144,5.976631885727354,0.44921207002419655,2.3035400400599917,0.006691584277791174,ppf025_xy035_0
44,88,145.8738738738739,0.16740235096690112,0.45768665951467336,2.3341884084689504,0.006855237154150197,ppf025_xy035_0
45,99,144.0900900900901,0.654060592008326,0.4749298981231973,2.4826472550821648,0.006940102538451919,ppf025_xy035_0
46,110,143.4954954954955,1.1302146518334821,0.48729952856085595,2.6028679416466733,0.0069688598694123555,ppf025_xy035_0
47,121,142.7027027027027,1.6023145811697779,0.4865581088428254,2.580616749809351,0.007007575757575758,ppf025_xy035_0
48,132,140.9189189189189,2.0922270949840707,0.479988990096966,2.4800117470856597,0.007096279248177983,ppf025_xy035_0
49,143,138.93693693693695,2.5968721376482145,0.481445661449936,2.459994627224504,0.007197510050577097,ppf025_xy035_0
50,154,137.74774774774775,3.0896724861941287,0.48584010912371595,2.4836655973622914,0.007259646827992151,ppf025_xy035_0
51,165,62.828828828828826,4.005152594428189,0.7183840039762021,2.4768183407538515,0.015916260395755666,ppf025_xy035_0
52,176,63.22522522522522,5.098948797661823,0.7198039787221603,2.502307943804728,0.015816471929324595,ppf025_xy035_0
53,187,64.01801801801801,6.178295385650522,0.7174987100172503,2.5174819030525857,0.01562060230790881,ppf025_xy035_0
54,198,65.2072072072072,0.9524527488748342,0.7128910625982017,2.5314177667452413,0.015335728101685549,ppf025_xy035_0
55,209,66.7927927927928,1.982709747509519,0.7091271669745297,2.565663726021235,0.014971675209063933,ppf025_xy035_0
56,220,95.13513513513513,4.51055093757852,0.6443189098791804,3.0169254464770887,0.010511363636363636,ppf025_xy035_0
57,231,94.93693693693693,5.233146642803394,0.7126419941429047,3.6829847486599627,0.010533308028088823,ppf025_xy035_0
58,242,94.73873873873875,5.951502161624486,0.780524695014837,4.40882417003367,0.010555344237352604,ppf025_xy035_0
59,253,94.54054054054055,0.38597192663846563,0.8476731366407532,5.189156937112199,0.010577472841623784,ppf025_xy035_0
60,264,93.74774774774775,1.0829923729473014,0.9106084283716972,5.938080187074544,0.010666922929079376,ppf025_xy035_0
61,275,93.54954954954955,1.8098978906372782,0.974655620409168,6.7883772207131425,0.010689522342064715,ppf025_xy035_0
62,286,93.15315315315316,2.5302185072128456,1.0382870867355978,7.67104179739738,0.010735009671179884,ppf025_xy035_0
63,297,92.95495495495496,3.2600235224529786,1.0961008856990602,8.530912467806909,0.01075789881760031,ppf025_xy035_0
64,308,92.95495495495496,3.9957486540288314,1.1459115009246994,9.323878057972879,0.01075789881760031,ppf025_xy035_0
65,319,92.95495495495496,4.7327378513576654,1.1860918510089573,9.989208377828618,0.01075789881760031,ppf025_xy035_0
66,330,93.15315315315316,5.472780014105941,1.2211530930623666,10.611082017087169,0.010735009671179884,ppf025_xy035_0
67,341,93.15315315315316,6.205032882546634,1.2506669128910852,11.130194782163024,0.010735009671179884,ppf025_xy035_0
68,352,93.15315315315316,0.6539392428738416,1.2707399537822202,11.490338251801788,0.010735009671179884,ppf025_xy035_0
69,363,93.54954954954955,1.3873853377228522,1.2846161275737893,11.792620548339125,0.010689522342064715,ppf025_xy035_0
70,374,93.74774774774775,2.1172494655446683,1.2892470896402264,11.902961967135662,0.010666922929079376,ppf025_xy035_0
71,385,93.94594594594595,2.8446999199596665,1.285620869452291,11.86112150610763,0.010644418872266973,ppf025_xy035_0
72,396,94.14414414414415,3.569853970165834,1.2737793981627994,11.668193865421252,0.01062200956937799,ppf025_xy035_0
73,407,94.54054054054055,4.289863669187633,1.2587790909111745,11.442976489207714,0.010577472841623784,ppf025_xy035_0
74,418,94.73873873873875,5.009218551170572,1.2324213345051203,10.991776724643971,0.010555344237352604,ppf025_xy035_0
75,429,95.13513513513513,5.722386952704206,1.1977473679774986,10.425413121774211,0.010511363636363636,ppf025_xy035_0
76,440,95.72972972972973,0.144651341475961,1.1566884853141963,9.783664264222299,0.010446075663466968,ppf025_xy035_0
77,451,96.12612612612612,0.8483565443742088,1.1122718801522058,9.084169727356514,0.010402999062792878,ppf025_xy035_0
78,462,96.72072072072072,1.5441436088574323,1.0581847717925055,8.273026634518601,0.010339046199701937,ppf025_xy035_0
79,473,97.31531531531532,2.231391538554718,1.0019455760811642,7.462620246077463,0.010275874837992964,ppf025_xy035_0
80,484,98.10810810810811,2.90495153978247,0.9411782326767602,6.6385087720508915,0.010192837465564738,ppf025_xy035_0
81,495,98.70270270270271,3.580900543982162,0.8729823233327638,5.745949813342496,0.01013143483023001,ppf025_xy035_0
82,22,49.94594594594595,0.0731222522538975,0.5084217344191607,1.100020542699245,0.02002164502164502,ppf025_xy037_0
83,33,51.729729729729726,1.5111910457688476,0.5507419264492036,1.3368689151902908,0.019331243469174506,ppf025_xy037_0
84,44,53.711711711711715,2.8934506371697526,0.5877643280496785,1.5809851097880916,0.01861791345186179,ppf025_xy037_0
85,55,55.693693693693696,4.221924511076456,0.6248901393325021,1.852958540899261,0.017955354254286637,ppf025_xy037_0
86,66,57.67567567567568,5.5058969636931545,0.6647305811603746,2.1713825648148957,0.01733833177132146,ppf025_xy037_0
87,77,59.65765765765766,0.4667177835491603,0.7078724551990414,2.546997750681495,0.01676230745998188,ppf025_xy037_0
88,88,61.63963963963964,1.6717530089471906,0.753306137347473,2.9802688232144257,0.01622332651271558,ppf025_xy037_0
89,99,63.42342342342342,2.830511468305343,0.8003482789127756,3.461465824928892,0.015767045454545454,ppf025_xy037_0
90,110,65.4054054054054,3.9577236917639254,0.8441720096123445,3.9712559190668166,0.015289256198347107,ppf025_xy037_0
91,121,66.990990990991,5.036403409594301,0.8865041392419837,4.485700515773692,0.014927380311995695,ppf025_xy037_0
92,132,68.57657657657657,6.0836213583067105,0.9233301384155258,4.981293841954481,0.014582238570677879,ppf025_xy037_0
93,143,69.96396396396396,0.8156030687450726,0.9554169723519779,5.44142501081217,0.014293072366726759,ppf025_xy037_0
94,154,71.35135135135135,1.8071374077141884,0.9817592341179188,5.859553575698622,0.014015151515151515,ppf025_xy037_0
95,165,72.54054054054055,2.775001394548039,1.0047012269928015,6.238885134545515,0.013785394932935915,ppf025_xy037_0
96,176,73.72972972972974,3.7245642202182454,1.0241273643908826,6.5887483438049745,0.013563049853372432,ppf025_xy037_0
97,187,75.11711711711712,4.658665757129871,1.039946837037937,6.921712011353017,0.013312544974814104,ppf025_xy037_0
98,198,76.30630630630631,5.574545295801352,1.0561037202392694,7.251467645646221,0.013105076741440376,ppf025_xy037_0
99,209,77.69369369369369,0.19304259991512326,1.070954071471111,7.592412554562394,0.012871057513914657,ppf025_xy037_0
100,220,79.08108108108108,1.079230946797626,1.086994183623425,7.961215415899204,0.012645249487354751,ppf025_xy037_0
101,231,80.46846846846847,1.9500651664593158,1.1049269856165815,8.370381137871954,0.012427227944469323,ppf025_xy037_0
102,242,82.05405405405406,2.8074217498963523,1.1237323959249108,8.828322360768867,0.012187088274044794,ppf025_xy037_0
103,253,83.63963963963964,3.650139807312065,1.144711526088241,9.338058742343716,0.011956053425247738,ppf025_xy037_0
104,264,85.22522522522522,4.478936968790327,1.1678095267530222,9.902948541658878,0.011733615221987317,ppf025_xy037_0
105,275,86.8108108108108,5.294487978961374,1.1928165471200314,10.523821179305527,0.011519302615193027,ppf025_xy037_0
106,286,88.1981981981982,6.094898691616174,1.2200861355036972,11.186469276209825,0.011338100102145046,ppf025_xy037_0
107,297,89.38738738738739,0.5981971264076972,1.2469935720312146,11.842871324669,0.011187260632936907,ppf025_xy037_0
108,308,90.57657657657657,1.3740979811623395,1.2739977169148564,12.525801892504532,0.0110403819375373,ppf025_xy037_0
109,319,91.56756756756756,2.136903422618079,1.2995894570729705,13.176691364063942,0.010920897284533649,ppf025_xy037_0
110,330,92.36036036036036,2.889564318973712,1.3243322335618617,13.801676865734759,0.010827155676941085,ppf025_xy037_0
111,341,93.15315315315316,3.634108201696567,1.3447910349250798,14.353555982135617,0.010735009671179884,ppf025_xy037_0
112,352,93.74774774774775,4.3709186774580395,1.3614172942392189,14.804566880089872,0.010666922929079376,ppf025_xy037_0
113,363,94.34234234234235,5.102931401125224,1.374882359238114,15.194627972441497,0.010599694423223834,ppf025_xy037_0
114,374,94.93693693693693,5.828363869104734,1.3836478238436907,15.485979546091404,0.010533308028088823,ppf025_xy037_0
115,385,95.33333333333333,0.26525954427614457,1.3871045288252617,15.628435145850492,0.01048951048951049,ppf025_xy037_0
116,396,95.72972972972973,0.9825878468445179,1.384969404681092,15.645142707484386,0.010446075663466968,ppf025_xy037_0
117,407,96.12612612612612,1.6958692899939103,1.3791008381488508,15.577071830315575,0.010402999062792878,ppf025_xy037_0
118,418,96.52252252252252,2.4040695053392067,1.366385362012768,15.35420737630858,0.010360276274033974,ppf025_xy037_0
119,429,96.91891891891892,3.1093440761937017,1.346143400675836,14.963857065663014,0.010317902955939765,ppf025_xy037_0
120,440,97.31531531531532,3.8112974609056534,1.3209827204523643,14.468643124209684,0.010275874837992964,ppf025_xy037_0
121,451,97.71171171171171,4.508677730681845,1.2906798131362864,13.868707652300364,0.010234187718974736,ppf025_xy037_0
122,462,97.90990990990991,5.205786462759189,1.2531371330266787,13.100147527130678,0.01021347073978653,ppf025_xy037_0
123,473,98.30630630630631,5.897431127642205,1.2093622349033932,12.250294261554277,0.010172287390029325,ppf025_xy037_0
124,484,98.90090090090091,0.2965331765009217,1.1612310166506952,11.362917134082906,0.010111131353616323,ppf025_xy037_0
125,495,99.29729729729729,0.9773888444704111,1.1090897640131068,10.406942601605955,0.010070767555797496,ppf025_xy037_0
126,506,99.69369369369369,1.6547142488739695,1.050621452743652,9.37589107177612,0.010030724742454365,ppf025_xy037_0
127,517,100.28828828828829,2.322779392962467,0.9888708285542477,8.355677838534781,0.009971254042400287,ppf025_xy037_0
128,528,101.27927927927928,2.9695049389158066,0.9251894636791789,7.386425056511886,0.009873687955879737,ppf025_xy037_0
129,539,102.07207207207207,3.613138000941278,0.8605647659849713,6.440600921757755,0.009796999117387467,ppf025_xy037_0
130,0,109.8018018018018,0.43703705671638987,0.7485484225962535,3.0073604568669476,0.009107318674105677,ppf025_xy038_0
131,11,110.3963963963964,1.0925918610492311,0.8104454296455711,3.5443668936619153,0.009058266688428268,ppf025_xy038_0
132,22,110.7927927927928,1.7338036589145875,0.8724923302816204,4.122597779419123,0.009025857863067165,ppf025_xy038_0
133,33,111.38738738738739,2.3771730166319185,0.9338899677344387,4.7485788830849955,0.008977677127143318,ppf025_xy038_0
134,44,112.57657657657657,3.031997009623333,0.9923043640309022,5.41843739166842,0.008882842509603073,ppf025_xy038_0
135,55,113.96396396396396,3.680075197240878,1.0471430540110989,6.108235862128179,0.008774703557312254,ppf025_xy038_0
136,66,115.74774774774775,4.324386026231829,1.0958153805869677,6.793968859233857,0.00863947696139477,ppf025_xy038_0
137,77,117.53153153153153,4.9544374841195715,1.1397929824187307,7.463500600037096,0.008508355051356739,ppf025_xy038_0
138,88,119.31531531531532,5.571796158165753,1.1802881670838596,8.12472216714364,0.00838115372999094,ppf025_xy038_0
139,99,120.90090090090091,6.173579929252082,1.22205102609495,8.825603985400083,0.00827123695976155,ppf025_xy038_0
140,110,122.68468468468468,0.48404926277228605,1.2605654199653502,9.529219896956874,0.008150976648553385,ppf025_xy038_0
141,121,124.27027027027027,1.0627548787802996,1.296720387950226,10.214006747406888,0.008046976946498478,ppf025_xy038_0
142,132,126.25225225225225,1.6341459879976867,1.3304571188702254,10.923884932873095,0.007920650777793635,ppf025_xy038_0
143,143,127.83783783783784,2.190909767468473,1.360819014284618,11.571678891021469,0.007822410147991543,ppf025_xy038_0
144,154,129.42342342342343,2.736717187116233,1.3866143910860758,12.163554601090498,0.007726576639287205,ppf025_xy038_0
145,165,131.009009009009,3.274682820710991,1.4071622194695703,12.680188608354905,0.007633062852427453,ppf025_xy038_0
146,176,132.0,3.8015780211934422,1.4274164856115057,13.146543018166135,0.007575757575757576,ppf025_xy038_0
147,187,132.990990990991,4.324467591385216,1.4468272669631157,13.60792199779775,0.007519306327055953,ppf025_xy038_0
148,198,133.981981981982,4.841994632339533,1.4701480651596068,14.154833672773945,0.007463690155997848,ppf025_xy038_0
149,209,134.97297297297297,5.353798174276273,1.4880873859782011,14.609653095923736,0.007408890668802563,ppf025_xy038_0
150,220,135.96396396396398,5.860586404669459,1.5014866621962357,14.983145409109781,0.007354890007951232,ppf025_xy038_0
151,231,137.15315315315314,0.07742620791505425,1.5109281776829588,15.304870413102599,0.0072911192853389395,ppf025_xy038_0
152,242,138.14414414414415,0.5727914416722029,1.5159593628685872,15.518288395642253,0.007238815703665058,ppf025_xy038_0
153,253,138.73873873873873,1.0695112936664721,1.5219940077794212,15.70940898356912,0.007207792207792208,ppf025_xy038_0
154,264,139.33333333333331,1.5644970659164181,1.5281443272371924,15.904499009452529,0.0071770334928229675,ppf025_xy038_0
155,275,139.72972972972974,2.056475181366616,1.5356067632023322,16.10590268223492,0.007156673114119922,ppf025_xy038_0
156,286,140.72072072072072,2.5434590660393495,1.5484461235772007,16.49249907086271,0.007106274007682458,ppf025_xy038_0
157,297,141.11711711711712,3.029236491989245,1.5518559497991142,16.611877740190536,0.007086312563840654,ppf025_xy038_0
158,308,141.9099099099099,3.5166330330629654,1.5609808296151557,16.90223293615849,0.007046724225495175,ppf025_xy038_0
159,319,142.3063063063063,3.9987982387116072,1.5619091409419548,16.969611456404273,0.0070270954672068875,ppf025_xy038_0
160,330,142.5045045045045,4.48058441994969,1.5566769547894377,16.87958651387133,0.0070173220381843475,ppf025_xy038_0
161,341,143.0990990990991,4.96381318794102,1.5450082599804245,16.696857089728635,0.0069881641903802565,ppf025_xy038_0
162,352,143.4954954954955,5.447472072204625,1.5366318390189335,16.562051946995556,0.0069688598694123555,ppf025_xy038_0
163,363,143.89189189189187,5.924721274145058,1.5255781807425075,16.36972860526689,0.006949661908339596,ppf025_xy038_0
164,374,143.89189189189187,0.11869058752305589,1.511951857803805,16.07860876741407,0.006949661908339596,ppf025_xy038_0
165,385,144.0900900900901,0.5957647837019436,1.4859830508398666,15.552422427336076,0.006940102538451919,ppf025_xy038_0
166,396,144.48648648648648,1.0763290468385234,1.457992872959811,15.013233929325645,0.006921062476618032,ppf025_xy038_0
167,407,145.0810810810811,1.5540337938436393,1.4376678444602324,14.657642353969894,0.006892697466467958,ppf025_xy038_0
168,418,145.27927927927928,2.027408467406687,1.4221885719203622,14.363301104998435,0.006883294059283145,ppf025_xy038_0
169,429,145.47747747747746,2.4986426484160384,1.4047289543571901,14.031918370971502,0.006873916274461234,ppf025_xy038_0
170,440,145.27927927927928,2.969545774991765,1.3802492326291285,13.52866443213498,0.006883294059283145,ppf025_xy038_0
171,451,145.0810810810811,3.442392280035311,1.3425167282397188,12.781635076599505,0.006892697466467958,ppf025_xy038_0
172,462,145.27927927927928,3.9186723706217976,1.300938453490436,12.018586613333124,0.006883294059283145,ppf025_xy038_0
173,473,145.8738738738739,4.393001132548502,1.2671138877668704,11.448406387747639,0.006855237154150197,ppf025_xy038_0
174,484,146.27027027027026,4.859963083205436,1.2415029967625042,11.020158158482968,0.006836659275683666,ppf025_xy038_0
175,495,146.07207207207207,5.328820868511496,1.2154716187212327,10.548557003543346,0.006845935611200197,ppf025_xy038_0
176,506,145.8738738738739,5.797428727342233,1.1841987755822185,9.999146950759476,0.006855237154150197,ppf025_xy038_0
177,517,145.47747747747746,6.269675521954416,1.1443232499318696,9.311709631874907,0.006873916274461234,ppf025_xy038_0
178,528,145.27927927927928,0.46149457964446117,1.0964901373034985,8.537866408696528,0.006883294059283145,ppf025_xy038_0
179,539,145.67567567567568,0.9283028052807116,1.0557637834235474,7.937007311126034,0.006864564007421151,ppf025_xy038_0
180,550,146.66666666666669,1.385261294986431,1.013733039313511,7.367410067683609,0.006818181818181817,ppf025_xy038_0
181,561,146.46846846846847,1.8524681171323387,0.9779011379853747,6.846526014227976,0.0068274080452700205,ppf025_xy038_0
182,572,146.27027027027026,2.3185003166939526,0.9370004566546533,6.2772855967541235,0.006836659275683666,ppf025_xy038_0
183,583,145.8738738738739,2.7925723272462384,0.8923826541276304,5.678269167377613,0.006855237154150197,ppf025_xy038_0
184,594,145.8738738738739,3.2607079143316597,0.8430644515531959,5.06798464313566,0.006855237154150197,ppf025_xy038_0
185,0,85.22522522522522,4.445912151614814,0.4042612534733779,1.0945118012184338,0.011733615221987317,ppf025_xy038_1
186,11,85.22522522522522,5.259863719990734,0.47360630341175697,1.5022117684217682,0.011733615221987317,ppf025_xy038_1
187,22,85.62162162162161,6.083830121736192,0.5374376590227191,1.94342458712011,0.01167929292929293,ppf025_xy038_1
188,33,85.42342342342343,0.5921721768628321,0.5974349766057515,2.395997253383183,0.011706391056739084,ppf025_xy038_1
189,44,84.82882882882883,1.3721743268026936,0.661358587171266,2.915718008443445,0.011788445199660153,ppf025_xy038_1
190,55,85.02702702702703,2.190132480908937,0.7296920319576383,3.5576584891520566,0.011760966306420852,ppf025_xy038_1
191,66,86.01801801801801,3.025554132715413,0.7924537616686179,4.244879325773992,0.011625471302890659,ppf025_xy038_1
192,77,86.61261261261261,3.836408783736829,0.8463685156068249,4.875601392872714,0.01154566257541086,ppf025_xy038_1
193,88,86.61261261261261,4.629446905059892,0.900449002954092,5.518581192197338,0.01154566257541086,ppf025_xy038_1
194,99,87.2072072072072,5.4362108046516235,0.9584404413596256,6.295216837667422,0.011466942148760331,ppf025_xy038_1
195,110,88.1981981981982,6.233651720147212,1.0160481019450374,7.155109841809052,0.011338100102145046,ppf025_xy038_1
196,121,89.58558558558559,0.7415049535478645,1.0597220913312964,7.905879070890933,0.011162510056315366,ppf025_xy038_1
197,132,90.18018018018019,1.513954653974539,1.0978916444589524,8.541971397845474,0.011088911088911088,ppf025_xy038_1
198,143,90.57657657657657,2.278070980547925,1.131771127475186,9.117193611500495,0.0110403819375373,ppf025_xy038_1
199,154,91.36936936936937,3.0418091022081875,1.1732575951455584,9.88360613977627,0.01094458686649576,ppf025_xy038_1
200,165,92.55855855855856,3.7916475227110236,1.2155537207692102,10.747141107091547,0.010803971189410162,ppf025_xy038_1
201,176,93.74774774774775,4.53274179801158,1.2434315736826438,11.39023486054312,0.010666922929079376,ppf025_xy038_1
202,187,94.34234234234235,5.264735463191433,1.2664180857665974,11.890193362948395,0.010599694423223834,ppf025_xy038_1
203,198,94.93693693693693,5.993470809939421,1.2901020645714822,12.416849303853349,0.010533308028088823,ppf025_xy038_1
204,209,95.72972972972973,0.4372839221577285,1.2990900908471084,12.695605751363075,0.010446075663466968,ppf025_xy038_1
205,220,96.52252252252252,1.1621437360032958,1.3087551061277076,12.991924733067254,0.010360276274033974,ppf025_xy038_1
206,231,96.91891891891892,1.8684172985415681,1.312009838715903,13.110244743299425,0.010317902955939765,ppf025_xy038_1
207,242,97.31531531531532,2.572132430923422,1.3095297166058766,13.114144505228582,0.010275874837992964,ppf025_xy038_1
208,253,98.30630630630631,3.2806006906750733,1.2859665391864654,12.775231236478787,0.010172287390029325,ppf025_xy038_1
209,264,99.0990990990991,3.977688587258827,1.274129249769572,12.642260425320933,0.01009090909090909,ppf025_xy038_1
210,275,99.69369369369369,4.661284431371493,1.257708234263829,12.392403623760964,0.010030724742454365,ppf025_xy038_1
211,286,99.89189189189189,5.342855061055739,1.2218032441383861,11.718198239461376,0.010010822510822512,ppf025_xy038_1
212,297,100.88288288288288,6.024573375286951,1.1702863217382897,10.857498971516106,0.009912484372209323,ppf025_xy038_1
213,308,102.07207207207207,0.4054089316741407,1.1329167014820873,10.2951088782175,0.009796999117387467,ppf025_xy038_1
214,319,102.27027027027027,1.0663679539018693,1.0928996401515663,9.599265948980078,0.009778012684989429,ppf025_xy038_1
215,330,102.46846846846847,1.7252411380078796,1.0350646318153147,8.626869680541521,0.009759099701072622,ppf025_xy038_1
216,341,103.65765765765765,2.3694435515102388,0.9638424483825588,7.567310312839423,0.009647140622284027,ppf025_xy038_1
217,352,105.24324324324324,2.988747919102941,0.9082557140234184,6.822421622689808,0.009501797637390858,ppf025_xy038_1
218,363,106.23423423423424,3.600322160973561,0.8540704563455588,6.089476299858126,0.009413161465400272,ppf025_xy038_1
219,0,59.26126126126126,5.878103093548983,0.5067256237557557,1.001624149897238,0.01687442991790818,ppf025_xy039_0
220,11,59.26126126126126,0.7554686031601133,0.5639200666977038,1.2404925291943876,0.01687442991790818,ppf025_xy039_0
221,22,59.65765765765766,1.9312783450376831,0.6151018206316,1.4857590609324305,0.01676230745998188,ppf025_xy039_0
222,33,60.054054054054056,3.095474352981214,0.6614273004829783,1.7293971081412098,0.01665166516651665,ppf025_xy039_0
223,44,60.648648648648646,4.253615130085095,0.7018838093254868,1.9667073567217452,0.01648841354723708,ppf025_xy039_0
224,55,61.44144144144144,5.401385852712371,0.7368368246664696,2.195797091154716,0.016275659824046922,ppf025_xy039_0
225,66,62.234234234234236,0.24802398313541024,0.7680556463891868,2.416589518405218,0.016068326577880716,ppf025_xy039_0
226,77,63.027027027027025,1.3592891192665733,0.7961377079233023,2.629610197154812,0.015866209262435677,ppf025_xy039_0
227,88,64.21621621621622,2.4565392423776973,0.8190756044623347,2.835834352471627,0.015572390572390571,ppf025_xy039_0
228,99,65.4054054054054,3.530516851613681,0.8397328662867419,3.035876563728447,0.015289256198347107,ppf025_xy039_0
229,110,66.7927927927928,4.581857357260464,0.8574263692948991,3.2322983397208174,0.014971675209063933,ppf025_xy039_0
230,121,68.37837837837839,5.608208277289329,0.8731204524610017,3.431273095475711,0.014624505928853754,ppf025_xy039_0
231,132,70.55855855855856,0.3284804323566803,0.8858591371500715,3.644745454247952,0.014172625127681308,ppf025_xy039_0
232,143,72.93693693693695,1.3056676048482148,0.9000230442716664,3.8890447833588593,0.013710474308300394,ppf025_xy039_0
233,154,75.71171171171171,2.2602857033119457,0.916209561877264,4.183510560831905,0.013207996192289385,ppf025_xy039_0
234,165,79.08108108108108,3.198776181326521,0.934760433492305,4.548428846750935,0.012645249487354751,ppf025_xy039_0
235,176,82.64864864864865,4.117243820259832,0.9583804639687049,4.996890429865071,0.01209941137998692,ppf025_xy039_0
236,187,85.81981981981983,5.002108304836471,0.9884699277321245,5.519537468822797,0.011652319966407726,ppf025_xy039_0
237,198,88.3963963963964,5.848640595700927,1.0233805498515587,6.093924129189709,0.011312678353037097,ppf025_xy039_0
238,209,90.57657657657657,0.3810020627031119,1.0604359833708168,6.704601642476156,0.0110403819375373,ppf025_xy039_0
239,220,92.55855855855856,1.1731960217061024,1.098117793616717,7.346874226519758,0.010803971189410162,ppf025_xy039_0
240,231,94.34234234234235,1.9443951976267495,1.1367447147778933,8.024550360766566,0.010599694423223834,ppf025_xy039_0
241,242,96.12612612612612,2.700363886616598,1.175307155124844,8.740421279746716,0.010402999062792878,ppf025_xy039_0
242,253,97.71171171171171,3.4381633605601545,1.2151107487415809,9.496564262213042,0.010234187718974736,ppf025_xy039_0
243,264,99.29729729729729,4.16248021107535,1.2547533855150688,10.290639043911337,0.010070767555797496,ppf025_xy039_0
244,275,101.08108108108108,4.87743583553307,1.2923061957807207,11.111914625893704,0.009893048128342246,ppf025_xy039_0
245,286,102.46846846846847,5.574438074626938,1.3311676548313625,11.952091875380646,0.009759099701072622,ppf025_xy039_0
246,297,103.65765765765765,6.258609695469239,1.3701746774090766,12.809772879519535,0.009647140622284027,ppf025_xy039_0
247,308,105.04504504504504,0.6554597643715045,1.4061841885945492,13.672507088152448,0.009519725557461407,ppf025_xy039_0
248,319,106.03603603603604,1.3187705627231316,1.4423645334596102,14.52083928599874,0.009430756159728122,ppf025_xy039_0
249,330,107.02702702702703,1.9749636962843142,1.4751867003414092,15.33118073220655,0.009343434343434343,ppf025_xy039_0
250,341,107.81981981981983,2.622544302109054,1.5056967606489942,16.090213203011704,0.009274732620320855,ppf025_xy039_0
251,352,108.61261261261261,3.2640665160689912,1.5329060402158534,16.79962147475502,0.009207033842070339,ppf025_xy039_0
252,363,109.009009009009,3.895608947770894,1.5568281763374836,17.391295029386978,0.009173553719008265,ppf025_xy039_0
253,374,109.6036036036036,4.525787301227499,1.5767589405121847,17.936743705173228,0.009123787604800263,ppf025_xy039_0
254,385,110.1981981981982,5.15109597869869,1.59244689370673,18.394694292673197,0.00907455853499019,ppf025_xy039_0
255,396,110.5945945945946,5.771414089760374,1.6034876674682288,18.71773584748725,0.009042033235581623,ppf025_xy039_0
256,407,110.990990990991,0.1056471269903829,1.6081731677827795,18.894765976821287,0.00900974025974026,ppf025_xy039_0
257,418,111.38738738738739,0.7212767743965462,1.6096827581691084,18.99786367397027,0.008977677127143318,ppf025_xy039_0
258,429,111.78378378378379,1.3329473487912238,1.6057694801906826,18.972884789318005,0.008945841392649903,ppf025_xy039_0
259,440,112.18018018018019,1.9416048109160928,1.5941816561171516,18.766354375957462,0.008914230645679408,ppf025_xy039_0
260,451,112.57657657657657,2.5493201884250833,1.5761586360832158,18.40924825867622,0.008882842509603073,ppf025_xy039_0
261,462,112.97297297297297,3.1543120585785402,1.5542454979038056,17.96395500861832,0.008851674641148326,ppf025_xy039_0
262,473,113.17117117117117,3.757731511434017,1.5278126463566086,17.388582342734626,0.008836172583983443,ppf025_xy039_0
263,484,113.36936936936937,4.35934986573323,1.4935986661477887,16.647603740646396,0.008820724729815639,ppf025_xy039_0
264,495,113.76576576576576,4.957817829507306,1.4520450297672904,15.789192822840036,0.008789990497307571,ppf025_xy039_0
265,506,114.16216216216216,5.55403007128642,1.4080028181069586,14.897637360444257,0.008759469696969698,ppf025_xy039_0
266,517,114.55855855855856,6.145503886055675,1.3596403171174913,13.940032093697303,0.008729160113243158,ppf025_xy039_0
267,528,114.75675675675676,0.455406562136233,1.3067033792905145,12.897943172367976,0.008714083843617522,ppf025_xy039_0
268,539,114.95495495495496,1.048222545967148,1.2484059468252364,11.793087423753757,0.008699059561128526,ppf025_xy039_0
269,550,115.54954954954955,1.6295968309954214,1.186406371250229,10.705904431372026,0.00865429596132855,ppf025_xy039_0
270,561,116.14414414414415,2.206006274688834,1.1243532928637248,9.66476002955976,0.008609990691901954,ppf025_xy039_0
271,572,116.54054054054055,2.782833381250156,1.0603335322756915,8.624822872201463,0.008580705009276436,ppf025_xy039_0
272,583,116.93693693693693,3.3570643315029147,0.9916077468172763,7.568672273648567,0.008551617873651772,ppf025_xy039_0
273,594,117.72972972972973,3.915989482172826,0.9210894021779206,6.5747293967760845,0.008494031221303948,ppf025_xy039_0
274,33,105.24324324324324,3.5665476125331104,0.4214160502195593,1.285646410593791,0.009501797637390858,ppf025_xy040_0
275,44,103.45945945945947,4.113738476448763,0.4755409741045344,1.6093528190865602,0.009665621734587251,ppf025_xy040_0
276,55,101.27927927927928,4.653179800773211,0.5341232239661347,1.9875071494810834,0.009873687955879737,ppf025_xy040_0
277,66,99.0990990990991,5.213034391395682,0.5984983131796136,2.4417474438205047,0.01009090909090909,ppf025_xy040_0
278,77,97.90990990990991,5.847758173461681,0.6679577556058592,3.0048985798067194,0.01021347073978653,ppf025_xy040_0
279,88,97.71171171171171,0.25528932912747915,0.7367484788701444,3.6482978810733497,0.010234187718974736,ppf025_xy040_0
280,99,97.90990990990991,0.9641238853223953,0.8006063716525454,4.316879331863035,0.01021347073978653,ppf025_xy040_0
281,110,97.71171171171171,1.6584101111677831,0.8632712316658344,5.008945795772476,0.010234187718974736,ppf025_xy040_0
282,121,97.51351351351352,2.3552813003748256,0.9257226904306182,5.7481990222574115,0.010254988913525498,ppf025_xy040_0
283,132,97.90990990990991,3.070223178629163,0.9842760327012765,6.524776577252485,0.01021347073978653,ppf025_xy040_0
284,143,98.90090090090091,3.7925362694761593,1.038723086192021,7.340150927251376,0.010111131353616323,ppf025_xy040_0
285,154,99.49549549549549,4.498904683499756,1.0879282479509098,8.100449143230056,0.010050706265845708,ppf025_xy040_0
286,165,99.89189189189189,5.195106303410218,1.1333671402700567,8.826258573850845,0.010010822510822512,ppf025_xy040_0
287,176,100.48648648648648,5.8921613006330595,1.17537840492206,9.549227712654359,0.009951586874663798,ppf025_xy040_0
288,187,101.08108108108108,0.2995978655351697,1.2182372766906262,10.319028707231883,0.009893048128342246,ppf025_xy040_0
289,198,101.87387387387388,0.9866941068549403,1.254574885225489,11.029635836291725,0.009816059426954368,ppf025_xy040_0
290,209,102.46846846846847,1.6628748531467048,1.287623789115223,11.686202366778176,0.009759099701072622,ppf025_xy040_0
291,220,103.06306306306307,2.3373166868453294,1.3159610908920927,12.277058264175603,0.009702797202797202,ppf025_xy040_0
292,231,103.65765765765765,3.0070585700230312,1.3403607560413677,12.81002485564684,0.009647140622284027,ppf025_xy040_0
293,242,104.25225225225225,3.6725770597787473,1.3639493149731383,13.3409600656891,0.009592118907708261,ppf025_xy040_0
294,253,105.04504504504504,4.331357760163598,1.390945003712267,13.979790503728388,0.009519725557461407,ppf025_xy040_0
295,264,105.24324324324324,4.983121917347057,1.4053898374223428,14.298583457141412,0.009501797637390858,ppf025_xy040_0
296,275,105.83783783783784,5.6363573837829275,1.4217895291616867,14.71691413572806,0.009448416751787538,ppf025_xy040_0
297,286,106.23423423423424,6.282376862282507,1.4367087506712581,15.083674071387838,0.009413161465400272,ppf025_xy040_0
298,297,106.82882882882883,0.6481477885552582,1.4430603384713112,15.30250824908521,0.009360769101028841,ppf025_xy040_0
299,308,107.22522522522523,1.291837639250536,1.449497458607421,15.496622638402105,0.009326163669971433,ppf025_xy040_0
300,319,107.62162162162163,1.930451876860633,1.4503894708341736,15.573060908688053,0.009291813159216473,ppf025_xy040_0
301,330,108.01801801801803,2.568225816940929,1.441147472421186,15.431858306363583,0.009257714762301918,ppf025_xy040_0
302,341,108.41441441441441,3.2035981774899334,1.4320100696178741,15.292706234345262,0.00922386571381087,ppf025_xy040_0
303,352,108.8108108108108,3.836926990529138,1.4220451558036276,15.13575171242301,0.009190263288623945,ppf025_xy040_0
304,363,109.009009009009,4.464977150568782,1.406687190781966,14.837564883133023,0.009173553719008265,ppf025_xy040_0
305,374,109.2072072072072,5.091766309789431,1.3808025601790919,14.322526749578719,0.009156904801187924,ppf025_xy040_0
306,385,109.4054054054054,5.720620462723809,1.3511038326078568,13.73793336566332,0.009140316205533598,ppf025_xy040_0
307,396,109.8018018018018,0.061568731979421046,1.3215916456053358,13.191956480085231,0.009107318674105677,ppf025_xy040_0
308,407,110.0,0.6819338068231591,1.2895823603895482,12.583342773589354,0.00909090909090909,ppf025_xy040_0
309,418,110.0,1.3020189694808249,1.247536723189234,11.77618274014654,0.00909090909090909,ppf025_xy040_0
310,429,110.0,1.926086422382789,1.1987738793253642,10.873576186440426,0.00909090909090909,ppf025_xy040_0
311,440,110.3963963963964,2.5431782408299703,1.1512428559867178,10.064540864827233,0.009058266688428268,ppf025_xy040_0
312,451,110.990990990991,3.151347579056816,1.1033997651998095,9.295198687730649,0.00900974025974026,ppf025_xy040_0
313,462,110.990990990991,3.7674018344862796,1.0540863993811098,8.482919046941673,0.00900974025974026,ppf025_xy040_0
314,473,110.990990990991,4.382967715523504,0.9971143282686272,7.5907172931811475,0.00900974025974026,ppf025_xy040_0
315,484,111.38738738738739,4.9911024965321005,0.9316111212181892,6.6498296526127545,0.008977677127143318,ppf025_xy040_0
316,495,112.37837837837839,5.579558777626929,0.8702456390764614,5.854255143263453,0.008898508898508899,ppf025_xy040_0
317,0,77.8918918918919,3.4706383909302554,0.577518222644817,2.6669913329296664,0.0128383067314365,ppf025_xy041_1
318,11,77.4954954954955,4.335002118435505,0.6461363192603916,3.3214118718599948,0.012903975819576842,ppf025_xy041_1
319,22,77.4954954954955,5.22420879526225,0.7125014401334022,4.038740224812547,0.012903975819576842,ppf025_xy041_1
320,33,77.4954954954955,6.112236572728106,0.7766597863718542,4.7988377311522,0.012903975819576842,ppf025_xy041_1
321,44,77.4954954954955,0.7160679624638141,0.8380432315036415,5.587367953395407,0.012903975819576842,ppf025_xy041_1
322,55,77.4954954954955,1.601293553360812,0.895259395424709,6.376350796136499,0.012903975819576842,ppf025_xy041_1
323,66,77.69369369369369,2.4911749890255,0.9457910523044181,7.134674075969716,0.012871057513914657,ppf025_xy041_1
324,77,77.69369369369369,3.373654504510256,0.9916973532375488,7.84408055093447,0.012871057513914657,ppf025_xy041_1
325,88,77.8918918918919,4.2592048127509265,1.02953947289505,8.475712648207871,0.0128383067314365,ppf025_xy041_1
326,99,77.8918918918919,5.139661424448538,1.0623397955830325,9.024374736378213,0.0128383067314365,ppf025_xy041_1
327,110,77.8918918918919,6.019867042708606,1.0886599465618603,9.477083554868148,0.0128383067314365,ppf025_xy041_1
328,121,77.8918918918919,0.6168348612883691,1.1080854035862768,9.818308820840043,0.0128383067314365,ppf025_xy041_1
329,132,77.8918918918919,1.4978023166672685,1.1217205271768884,10.061426401292207,0.0128383067314365,ppf025_xy041_1
330,143,77.8918918918919,2.3794169004645047,1.1297711646275048,10.206367262614979,0.0128383067314365,ppf025_xy041_1
331,154,77.8918918918919,3.261238001544487,1.1323602180777765,10.25319994801504,0.0128383067314365,ppf025_xy041_1
332,165,77.8918918918919,4.143912856057598,1.1296514663298758,10.204204665256633,0.0128383067314365,ppf025_xy041_1
333,176,77.69369369369369,5.028432249919929,1.123248551116225,10.063185321804047,0.012871057513914657,ppf025_xy041_1
334,187,77.69369369369369,5.912761095689306,1.1107572386503592,9.840610464784787,0.012871057513914657,ppf025_xy041_1
335,198,77.69369369369369,0.5133776701530397,1.0927118904059356,9.523466848141434,0.012871057513914657,ppf025_xy041_1
336,209,77.69369369369369,1.3966219457778741,1.0689118298393805,9.113128698117585,0.012871057513914657,ppf025_xy041_1
337,220,77.69369369369369,2.2792220128849734,1.037985278527497,8.593421709201136,0.012871057513914657,ppf025_xy041_1
338,231,77.8918918918919,3.1543483472881984,0.9987558444206609,7.976436042805187,0.0128383067314365,ppf025_xy041_1
339,242,78.48648648648648,4.010915584957528,0.9496775303740742,7.26683301495496,0.012741046831955923,ppf025_xy041_1
340,253,80.46846846846847,4.7984835686961205,0.8877650081553767,6.510581039977714,0.012427227944469323,ppf025_xy041_1
341,264,84.43243243243244,5.479664313725092,0.8238553196417323,5.883139808286413,0.011843790012804096,ppf025_xy041_1
342,275,87.6036036036036,6.180836221648946,0.7817769479947063,5.496492751929417,0.011415055532702592,ppf025_xy041_1
343,286,90.18018018018019,0.6201621701115717,0.75815515844528,5.321392027528222,0.011088911088911088,ppf025_xy041_1
344,297,92.36036036036036,1.3495957981706572,0.7491915654126958,5.321932290702557,0.010827155676941085,ppf025_xy041_1
345,308,94.14414414414415,2.076721228564329,0.7479709489085977,5.407054407765651,0.01062200956937799,ppf025_xy041_1
346,319,95.92792792792793,2.8005675339373366,0.7513798304034263,5.559837481865411,0.010424492862509393,ppf025_xy041_1
347,330,97.71171171171171,3.5147166728576043,0.760464743517327,5.800998553505762,0.010234187718974736,ppf025_xy041_1
348,341,99.0990990990991,4.211841489418838,0.7704652683233285,6.039122037563632,0.01009090909090909,ppf025_xy041_1
349,352,100.28828828828829,4.900873519995332,0.7758135709702464,6.196735095159164,0.009971254042400287,ppf025_xy041_1
350,363,101.67567567567568,5.583602431701247,0.7811277056132735,6.368822108695204,0.009835194045720362,ppf025_xy041_1
351,374,102.86486486486487,6.250180459969148,0.7856846648479675,6.518708793785955,0.009721492380451918,ppf025_xy041_1
352,385,103.45945945945947,0.6233442395609979,0.7850419101012848,6.545666246975798,0.009665621734587251,ppf025_xy041_1
353,396,104.45045045045045,1.2741136838215585,0.7769123292854452,6.4722057041441845,0.009573917543557013,ppf025_xy041_1
354,407,105.83783783783784,1.91651577173182,0.7680848475688484,6.409989554183922,0.009448416751787538,ppf025_xy041_1
355,418,106.63063063063063,2.548822092801185,0.7568336914169284,6.270192282416547,0.009378168300101386,ppf025_xy041_1
356,429,107.22522522522523,3.1748617311220064,0.7395948994364338,6.021195791877911,0.009326163669971433,ppf025_xy041_1
357,440,108.41441441441441,3.7897194891936703,0.7146884972602268,5.684844377914878,0.00922386571381087,ppf025_xy041_1
358,451,110.0,4.389689439929876,0.6907951152123206,5.388764052863612,0.00909090909090909,ppf025_xy041_1
359,462,110.7927927927928,4.989410821829833,0.663169340914857,5.002168966535869,0.009025857863067165,ppf025_xy041_1
360,473,111.78378378378379,5.577998769541521,0.6301513151343193,4.556868199211874,0.008945841392649903,ppf025_xy041_1
361,484,113.56756756756756,6.141979950100245,0.59417452222453,4.1160471660766085,0.008805330794859591,ppf025_xy041_1
362,495,115.94594594594595,0.390798718539014,0.5619842390878302,3.759255184815078,0.008624708624708625,ppf025_xy041_1
363,506,117.13513513513513,0.9373127311104595,0.526985777512717,3.339511469032911,0.00853714813105676,ppf025_xy041_1
364,11,56.88288288288288,1.8885926873417747,0.5121366793657589,1.2456650354703207,0.017579980994615142,ppf025_xy041_2
365,22,57.27927927927928,3.1252693062940695,0.5821190056420636,1.6205745548339152,0.017458320226486315,ppf025_xy041_2
366,33,57.67567567567568,4.345836807105063,0.6480866157016266,2.0225846604872113,0.01733833177132146,ppf025_xy041_2
367,44,58.270270270270274,5.559939042856698,0.706844937548059,2.430766539377588,0.017161410018552873,ppf025_xy041_2
368,55,58.666666666666664,0.46509459533933745,0.7592909831261238,2.8239422511367107,0.017045454545454548,ppf025_xy041_2
369,66,59.26126126126126,1.6450075511360391,0.801977751405391,3.1823170372951526,0.01687442991790818,ppf025_xy041_2
370,77,59.85585585585586,2.808698564098471,0.8356948507247092,3.490197560014705,0.01670680313064419,ppf025_xy041_2
371,88,60.450450450450454,3.957103203080967,0.8605121674317933,3.7373303321237272,0.0165424739195231,ppf025_xy041_2
372,99,61.04504504504504,5.090780886494974,0.8769152646987072,3.9193458832458776,0.01638134592680047,ppf025_xy041_2
373,110,61.83783783783784,6.210321040922022,0.8843613124392513,4.037956911211304,0.016171328671328672,ppf025_xy041_2
374,121,62.630630630630634,1.02986054835339,0.8855547428698947,4.100771066522657,0.015966628308400458,ppf025_xy041_2
375,132,63.42342342342342,2.115195406367652,0.8821258683844778,4.120583408159571,0.015767045454545454,ppf025_xy041_2
376,143,64.61261261261262,3.1788027351792696,0.8733040683816854,4.114302144040683,0.015476854433909646,ppf025_xy041_2
377,154,65.8018018018018,4.2209190395431175,0.86408201555266,4.101999764781902,0.015197152245345017,ppf025_xy041_2
378,165,67.38738738738738,5.237256388588419,0.8543543401909185,4.1067909121750965,0.01483957219251337,ppf025_xy041_2
379,176,69.17117117117118,6.229798303828413,0.848008921358276,4.153114308510374,0.014456889815056002,ppf025_xy041_2
380,187,71.15315315315316,0.9166843482585703,0.8473899689053003,4.265880654635973,0.014054190934413775,ppf025_xy041_2
381,198,73.72972972972974,1.867770585349148,0.8521731778981793,4.470398888690073,0.013563049853372432,ppf025_xy041_2
382,209,76.9009009009009,2.8079282744728484,0.8645454297077961,4.799046736480196,0.013003748828491098,ppf025_xy041_2
383,220,96.91891891891892,4.437539017501576,0.8322155842335358,5.604387590643904,0.010317902955939765,ppf025_xy041_2
384,231,95.72972972972973,5.098143279565859,0.9069213892309906,6.574065626770972,0.010446075663466968,ppf025_xy041_2
385,242,95.72972972972973,5.813130141324372,0.9753964721191749,7.604262614997401,0.010446075663466968,ppf025_xy041_2
386,253,95.92792792792793,0.25054124650929605,1.0372850797225959,8.617657688142089,0.010424492862509393,ppf025_xy041_2
387,264,96.32432432432432,0.9764242181461212,1.0953933294436111,9.649927895212315,0.010381593714927048,ppf025_xy041_2
388,275,96.72072072072072,1.6995671681829645,1.1443321891564127,10.574787917853193,0.010339046199701937,ppf025_xy041_2
389,286,97.11711711711712,2.4167673121012743,1.1909259486905814,11.500407027532393,0.010296846011131726,ppf025_xy041_2
390,297,97.31531531531532,3.125606827861049,1.233671877304167,12.36597706669258,0.010275874837992964,ppf025_xy041_2
391,308,97.71171171171171,3.8347014268901254,1.2665475872414178,13.086923337307693,0.010234187718974736,ppf025_xy041_2
392,319,98.10810810810811,4.540449057527962,1.2979186046110662,13.799003653259843,0.010192837465564738,ppf025_xy041_2
393,330,98.30630630630631,5.2378598878802505,1.3259606744698829,14.430805707160932,0.010172287390029325,ppf025_xy041_2
394,341,98.50450450450451,5.9328867353195704,1.3459690731440714,14.899584791661889,0.01015182001097494,ppf025_xy041_2
395,352,98.90090090090091,0.34521484058961516,1.361352539818936,15.303450837941602,0.010111131353616323,ppf025_xy041_2
396,363,99.29729729729729,1.0355245318372381,1.3728094632582133,15.624490690450621,0.010070767555797496,ppf025_xy041_2
397,374,99.49549549549549,1.721674508440238,1.3767922785729836,15.746650042729263,0.010050706265845708,ppf025_xy041_2
398,385,99.89189189189189,2.406087385474946,1.3715183538579896,15.688499174681773,0.010010822510822512,ppf025_xy041_2
399,396,100.28828828828829,3.088624529555882,1.3633352095107243,15.56336253054747,0.009971254042400287,ppf025_xy041_2
400,407,100.48648648648648,3.7681323464710914,1.3473732010928037,15.23110404174754,0.009951586874663798,ppf025_xy041_2
401,418,100.88288288288288,4.443750893858986,1.3224068996621456,14.729757960106284,0.009912484372209323,ppf025_xy041_2
402,429,101.47747747747748,5.115040791727186,1.2915719102364795,14.133663868798621,0.009854403409090908,ppf025_xy041_2
403,440,101.67567567567568,5.785418618358726,1.256689848177028,13.406678468957892,0.009835194045720362,ppf025_xy041_2
404,451,102.07207207207207,0.16605175234765915,1.2111838548670317,12.50187033729477,0.009796999117387467,ppf025_xy041_2
405,462,102.46846846846847,0.8291366925286514,1.1605166145922468,11.522345226254316,0.009759099701072622,ppf025_xy041_2
406,473,103.06306306306307,1.4825488115331893,1.1077816275727626,10.559887103477081,0.009702797202797202,ppf025_xy041_2
407,484,103.65765765765765,2.1279346073228433,1.0513755134022764,9.566763110056984,0.009647140622284027,ppf025_xy041_2
408,495,104.05405405405405,2.7741992085827483,0.9883414560402461,8.486350075337638,0.00961038961038961,ppf025_xy041_2
409,506,104.84684684684684,3.4062943369754737,0.9198229839305343,7.406479101208509,0.009537721257948101,ppf025_xy041_2
410,143,120.90090090090091,2.037038953607825,1.3996209032440363,1.0871188654980446,0.00827123695976155,ppf025_xy042_0
411,154,121.69369369369369,2.6364103849723945,1.4817899807144124,1.2265013663510012,0.008217352679893397,ppf025_xy042_0
412,165,122.48648648648648,3.2338029726169157,1.568005780175588,1.382324963528564,0.008164165931156223,ppf025_xy042_0
413,176,123.08108108108108,3.8228002285670573,1.6611554337079495,1.5589726630381753,0.008124725516029864,ppf025_xy042_0
414,187,123.67567567567568,4.409385590572788,1.7602195231746511,1.7589140346294072,0.008085664335664336,ppf025_xy042_0
415,198,124.27027027027027,4.993434347268477,1.8680321492290672,1.9905018736067324,0.008046976946498478,ppf025_xy042_0
416,209,124.86486486486487,5.5737942518126395,1.9842639907471062,2.2566583274464267,0.008008658008658008,ppf025_xy042_0
417,220,125.45945945945947,6.150777512354409,2.106286895320656,2.554848304743749,0.007970702283498492,ppf025_xy042_0
418,231,126.05405405405405,0.44150999869187674,2.233782785008162,2.8871234375514367,0.007933104631217838,ppf025_xy042_0
419,242,126.45045045045045,1.0058048189326607,2.3689579142288104,3.257329756818123,0.007908235964662298,ppf025_xy042_0
420,253,127.04504504504504,1.5732153819975248,2.508531748092567,3.669641094326123,0.007871223939866686,ppf025_xy042_0
421,264,127.44144144144144,2.130206217523291,2.6557531101013736,4.125843284596267,0.007846741128234129,ppf025_xy042_0
422,275,128.03603603603602,2.6888802289728946,2.8017554756299554,4.6133811214618525,0.007810301153954405,ppf025_xy042_0
423,286,128.43243243243245,3.237359378415928,2.949408113052193,5.128272620213849,0.0077861952861952854,ppf025_xy042_0
424,297,128.82882882882882,3.7829320347758038,3.0932192808606453,5.657976394047415,0.0077622377622377624,ppf025_xy042_0
425,308,129.22522522522524,4.325420725442937,3.2328370645067426,6.199284768063696,0.007738427216954823,ppf025_xy042_0
426,319,129.42342342342343,4.8605728080877935,3.37002049293121,6.746905421660444,0.007726576639287205,ppf025_xy042_0
427,330,129.81981981981983,5.397311920379408,3.5003659286989683,7.301205179247407,0.007702984038861901,ppf025_xy042_0
428,341,130.01801801801804,5.9271785105386,3.6190866250526152,7.816784757426285,0.0076912416851441226,ppf025_xy042_0
429,352,130.2162162162162,0.17197728080704328,3.7272597502741664,8.30368844274896,0.007679535076795352,ppf025_xy042_0
430,363,130.4144144144144,0.69768450265887,3.8225450712446554,8.746966850977705,0.007667864050842774,ppf025_xy042_0
431,374,130.61261261261262,1.2217909677679029,3.898971278924692,9.114059175930304,0.0076562284453028,ppf025_xy042_0
432,385,130.8108108108108,1.7446648349436422,3.9585102505707384,9.408791414488135,0.007644628099173554,ppf025_xy042_0
433,396,131.009009009009,2.2657629855149866,4.001585652478003,9.629240889169184,0.007633062852427453,ppf025_xy042_0
434,407,131.009009009009,2.7844333998128628,4.028558870292059,9.759492750394543,0.007633062852427453,ppf025_xy042_0
435,418,131.009009009009,3.302769307382428,4.034948624232056,9.790476640614914,0.007633062852427453,ppf025_xy042_0
436,429,131.2072072072072,3.8207182049845962,4.0193110920835275,9.729434305867422,0.007621532546003845,ppf025_xy042_0
437,440,131.6036036036036,4.337109068763453,3.982230142746586,9.579594973239,0.0075985761226725086,ppf025_xy042_0
438,451,132.0,4.852210538599909,3.9295038182513804,9.355694172416786,0.007575757575757576,ppf025_xy042_0
439,462,132.1981981981982,5.36648392098413,3.865765826813176,9.06824565535935,0.007564399618372631,ppf025_xy042_0
440,473,132.59459459459458,5.876584961495523,3.7833983312594426,8.711974810370684,0.007541785568691399,ppf025_xy042_0
441,484,132.59459459459458,0.10734969923332001,3.689738504783676,8.285975635029327,0.007541785568691399,ppf025_xy042_0
442,495,132.7927927927928,0.6180995177944881,3.579099597832177,7.808160429713819,0.007530529172320217,ppf025_xy042_0
443,506,132.990990990991,1.1289779953715737,3.454977335785247,7.286840830227847,0.007519306327055953,ppf025_xy042_0
444,517,133.1891891891892,1.6391925328282966,3.322674694806834,6.749494973772132,0.007508116883116883,ppf025_xy042_0
445,528,133.38738738738738,2.1485193748063307,3.182356780916573,6.200677685229821,0.00749696069161151,ppf025_xy042_0
446,539,133.38738738738738,2.662387037075331,3.0350552166944276,5.639941700815913,0.00749696069161151,ppf025_xy042_0
447,550,133.38738738738738,3.177635459966831,2.882111446257723,5.085843148127663,0.00749696069161151,ppf025_xy042_0
448,561,133.5855855855856,3.6885738815908313,2.7223808864620938,4.544478235438326,0.0074858376045319665,ppf025_xy042_0
449,572,133.7837837837838,4.1997479947226655,2.5661647130391176,4.043888641563298,0.0074747474747474734,ppf025_xy042_0
450,583,133.981981981982,4.7103206101580355,2.4127432552789214,3.5801009577799503,0.007463690155997848,ppf025_xy042_0
451,594,134.18018018018017,5.22025410794712,2.26122207013192,3.1492088071220237,0.007452665502887069,ppf025_xy042_0
452,605,134.18018018018017,5.737417443660502,2.111937279996597,2.747116383044932,0.007452665502887069,ppf025_xy042_0
453,616,134.18018018018017,6.255747969874922,1.9625951584230714,2.372337491477442,0.007452665502887069,ppf025_xy042_0
454,627,134.18018018018017,0.49261558000626465,1.8205904104931505,2.0414536678758015,0.007452665502887069,ppf025_xy042_0
455,638,134.3783783783784,1.0041421704280897,1.6840658917924962,1.749339937302515,0.00744167337087691,ppf025_xy042_0
456,649,134.3783783783784,1.5231909793643368,1.5549150230398807,1.491314945988223,0.00744167337087691,ppf025_xy042_0
457,660,134.18018018018017,2.051852264855513,1.430088058805239,1.2596230135475088,0.007452665502887069,ppf025_xy042_0
458,671,133.981981981982,2.582215186831586,1.3074541192535425,1.0512983158374232,0.007463690155997848,ppf025_xy042_0
459,0,125.45945945945947,5.148747903117207,0.34324962132244113,1.0597519140503588,0.007970702283498492,ppf025_xy043_0
460,11,125.06306306306307,5.6856024929029205,0.376565985036211,1.2714283795887982,0.00799596599913557,ppf025_xy043_0
461,22,124.27027027027027,6.209039925195761,0.4033459793634283,1.4494504425449017,0.008046976946498478,ppf025_xy043_0
462,33,67.78378378378378,6.023569106958007,0.5835369727163644,1.654791296858794,0.014752791068580543,ppf025_xy043_0
463,44,66.990990990991,0.7182121665481727,0.6363093353765858,1.9446151103961462,0.014927380311995695,ppf025_xy043_0
464,55,66.3963963963964,1.7203228646076847,0.6845793763981598,2.2308624629755003,0.015061058344640435,ppf025_xy043_0
465,66,66.0,2.7414085505735772,0.7268410460519134,2.4997897848117416,0.015151515151515152,ppf025_xy043_0
466,77,119.51351351351352,2.6409948272983037,0.5665881797198095,2.7506333105443908,0.008367254635911352,ppf025_xy043_0
467,88,118.32432432432432,3.1938104038473196,0.5972293919369052,3.025777874869805,0.008451347647327547,ppf025_xy043_0
468,99,117.13513513513513,3.759767450288863,0.6352226208505303,3.3885957167116554,0.00853714813105676,ppf025_xy043_0
469,110,116.54054054054055,4.337574884375564,0.6761716745218624,3.820072802397615,0.008580705009276436,ppf025_xy043_0
470,121,115.94594594594595,4.912299109486452,0.7145652255733439,4.244435974929658,0.008624708624708625,ppf025_xy043_0
471,132,115.15315315315316,5.485935021755506,0.7508801073057866,4.654764315851996,0.00868408699734001,ppf025_xy043_0
472,143,114.36036036036036,6.068531944684985,0.7878890921754858,5.089631681980082,0.008744288640302505,ppf025_xy043_0
473,154,113.17117117117117,0.365781736358724,0.8334760640696827,5.636412101343113,0.008836172583983443,ppf025_xy043_0
474,165,112.57657657657657,0.962284579078081,0.885341194413935,6.326303835261202,0.008882842509603073,ppf025_xy043_0
475,176,111.98198198198199,1.5562703268866493,0.9352675792086242,7.022642713784729,0.008930008045052293,ppf025_xy043_0
476,187,111.1891891891892,2.150629498850552,0.9818971582629231,7.6855549769498,0.00899368011667477,ppf025_xy043_0
477,198,110.3963963963964,2.751406364680413,1.0292687230007456,8.384807816510467,0.009058266688428268,ppf025_xy043_0
478,209,109.6036036036036,3.358097631495448,1.080088420475096,9.166934273443893,0.009123787604800263,ppf025_xy043_0
479,220,109.2072072072072,3.9765690583007807,1.1346097881928912,10.079175717369633,0.009156904801187924,ppf025_xy043_0
480,231,108.8108108108108,4.59619263929461,1.184208119749979,10.939784817889123,0.009190263288623945,ppf025_xy043_0
481,242,108.21621621621621,5.216942046894347,1.2307583380932412,11.752183991753943,0.009240759240759242,ppf025_xy043_0
482,253,108.01801801801803,5.849731608803015,1.2739604761114252,12.568654187191159,0.009257714762301918,ppf025_xy043_0
483,264,107.81981981981983,0.20081383452362986,1.3183970598987,13.436053282903693,0.009274732620320855,ppf025_xy043_0
484,275,107.81981981981983,0.8396091939994277,1.3534941450912534,14.160938237838451,0.009274732620320855,ppf025_xy043_0
485,286,107.42342342342343,1.4678226363038909,1.385975418451392,14.794173514176716,0.009308956725930895,ppf025_xy043_0
486,297,107.62162162162163,2.1069305246829715,1.4110547006594707,15.362712222287277,0.009291813159216473,ppf025_xy043_0
487,308,107.62162162162163,2.744028102924977,1.4313318872810679,15.807416225605097,0.009291813159216473,ppf025_xy043_0
488,319,107.81981981981983,3.38122739804961,1.4496052967587012,16.243469607199035,0.009274732620320855,ppf025_xy043_0
489,330,107.81981981981983,4.012890845135011,1.4647624858754922,16.584931538507167,0.009274732620320855,ppf025_xy043_0
490,341,107.81981981981983,4.6434449896637355,1.4707765824558374,16.721401644405276,0.009274732620320855,ppf025_xy043_0
491,352,108.01801801801803,5.276291861749597,1.4701333790101623,16.73749054948029,0.009257714762301918,ppf025_xy043_0
492,363,108.41441441441441,5.907431821702347,1.4687452259248488,16.767203229684988,0.00922386571381087,ppf025_xy043_0
493,374,108.61261261261261,0.25252854365388905,1.4613139221284586,16.62830448206291,0.009207033842070339,ppf025_xy043_0
494,385,108.8108108108108,0.8814089660155262,1.445924393563923,16.309621395972673,0.009190263288623945,ppf025_xy043_0
495,396,109.2072072072072,1.5067314400027598,1.4249799036351303,15.89825446784388,0.009156904801187924,ppf025_xy043_0
496,407,109.4054054054054,2.1302868931912236,1.3983966401074865,15.338404526078882,0.009140316205533598,ppf025_xy043_0
497,418,109.6036036036036,2.753725640238227,1.3598859320914019,14.531500442487216,0.009123787604800263,ppf025_xy043_0
498,429,110.0,3.375036146691532,1.3180184397266959,13.699866077473736,0.00909090909090909,ppf025_xy043_0
499,440,110.3963963963964,3.9915506731250208,1.2758283582116499,12.883090673231328,0.009058266688428268,ppf025_xy043_0
500,451,110.5945945945946,4.606370491093889,1.2289800831659994,11.9757922787362,0.009042033235581623,ppf025_xy043_0
501,462,110.5945945945946,5.224657628755079,1.1744538847534003,10.936705116203603,0.009042033235581623,ppf025_xy043_0
502,473,110.7927927927928,5.8411055046811144,1.1134342333154368,9.847393977513306,0.009025857863067165,ppf025_xy043_0
503,484,111.38738738738739,0.16198369448059846,1.0527590322794245,8.850639140454778,0.008977677127143318,ppf025_xy043_0
504,495,111.78378378378379,0.7646289214313912,0.9931254310846114,7.904377552586698,0.008945841392649903,ppf025_xy043_0
505,506,111.58558558558559,1.3824019346002403,0.9290796435317059,6.905492376531724,0.008961730986597772,ppf025_xy043_0
506,517,111.98198198198199,1.9814615388154593,0.8609049335188644,5.950304722517651,0.008930008045052293,ppf025_xy043_0
507,0,88.0,3.9964012495353667,0.4542518821032455,1.189126106471369,0.011363636363636364,ppf025_xy044_0
508,11,89.38738738738739,4.873138697634052,0.5084486784763647,1.5132903428206848,0.011187260632936907,ppf025_xy044_0
509,22,90.77477477477477,5.730086611517955,0.5638651657661297,1.8900247113880673,0.011016276300119095,ppf025_xy044_0
510,33,91.76576576576576,0.2656612840247866,0.6221779365762825,2.3262783374541245,0.010897310033379149,ppf025_xy044_0
511,44,92.75675675675676,1.071004925118578,0.6826637757703683,2.8308120979250657,0.01078088578088578,ppf025_xy044_0
512,55,93.74774774774775,1.8619236600412055,0.745845732554918,3.4151566731792293,0.010666922929079376,ppf025_xy044_0
513,66,95.13513513513513,2.6549021896790954,0.809033810552399,4.0778012414355835,0.010511363636363636,ppf025_xy044_0
514,77,96.32432432432432,3.4241695679295927,0.8710322388575756,4.785818247466263,0.010381593714927048,ppf025_xy044_0
515,88,96.91891891891892,4.1602897160446215,0.933839923901102,5.534841725895848,0.010317902955939765,ppf025_xy044_0
516,99,97.51351351351352,4.889672009557913,0.9958330359386238,6.332710501445011,0.010254988913525498,ppf025_xy044_0
517,110,98.10810810810811,5.611259399237313,1.0575510683190938,7.185539291015552,0.010192837465564738,ppf025_xy044_0
518,121,99.0990990990991,0.051306976150248505,1.1166164588976366,8.091509109360706,0.01009090909090909,ppf025_xy044_0
519,132,99.69369369369369,0.7553986862304538,1.1716794934081238,8.962664010768213,0.010030724742454365,ppf025_xy044_0
520,143,100.09009009009009,1.4511613908979775,1.222647660243048,9.798181799135556,0.009990999099909992,ppf025_xy044_0
521,154,100.48648648648648,2.143839716796769,1.2702570747026256,10.617998925941647,0.009951586874663798,ppf025_xy044_0
522,165,100.88288288288288,2.832422575055759,1.3161736810879847,11.44446932996403,0.009912484372209323,ppf025_xy044_0
523,176,101.47747747747748,3.5179052949318907,1.3589543957509749,12.272447968055447,0.009854403409090908,ppf025_xy044_0
524,187,101.67567567567568,4.195288754158621,1.3953581372202788,12.964035655094111,0.009835194045720362,ppf025_xy044_0
525,198,102.07207207207207,4.872310944035685,1.4248519107181021,13.570572207989336,0.009796999117387467,ppf025_xy044_0
526,209,102.27027027027027,5.546616557724754,1.4527065432472184,14.133735509717365,0.009778012684989429,ppf025_xy044_0
527,220,102.46846846846847,6.2185806130395616,1.4773035847086728,14.644735064978285,0.009759099701072622,ppf025_xy044_0
528,231,103.06306306306307,0.605506458028404,1.4995937421040624,15.177563390481025,0.009702797202797202,ppf025_xy044_0
529,242,103.45945945945947,1.2710467384139164,1.5161943776913864,15.575132131888997,0.009665621734587251,ppf025_xy044_0
530,253,103.65765765765765,1.9344651858317936,1.5287635467505707,15.864770673588056,0.009647140622284027,ppf025_xy044_0
531,264,104.05405405405405,2.598249841693635,1.5411030367824454,16.183562479422363,0.00961038961038961,ppf025_xy044_0
532,275,104.25225225225225,3.258446860564127,1.5462057197846546,16.321939663931875,0.009592118907708261,ppf025_xy044_0
533,286,104.64864864864865,3.9191125494907273,1.5450727632629913,16.359998860223186,0.009555785123966943,ppf025_xy044_0
534,297,105.04504504504504,4.575128771816801,1.5431266900149785,16.38062651629696,0.009519725557461407,ppf025_xy044_0
535,308,105.24324324324324,5.229687313504896,1.541358522942142,16.37394511927856,0.009501797637390858,ppf025_xy044_0
536,319,105.44144144144144,5.881435125906871,1.528941124853631,16.14152748106733,0.009483937115516063,ppf025_xy044_0
537,330,105.83783783783784,0.24726591427255992,1.5168002630249935,15.945917784628014,0.009448416751787538,ppf025_xy044_0
538,341,106.23423423423424,0.8955030803310743,1.5017269739669297,15.689107034997257,0.009413161465400272,ppf025_xy044_0
539,352,106.43243243243244,1.5390129896116602,1.4841085743156046,15.351722344769701,0.009395632300660234,ppf025_xy044_0
540,363,106.63063063063063,2.1798453249547305,1.4567445464391287,14.818373956646251,0.009378168300101386,ppf025_xy044_0
541,374,106.82882882882883,2.8220651108259984,1.42648721103341,14.235607424410787,0.009360769101028841,ppf025_xy044_0
542,385,107.42342342342343,3.459518939357565,1.393998724994817,13.670220273265748,0.009308956725930895,ppf025_xy044_0
543,396,107.81981981981983,4.091119315393332,1.3627846402813615,13.113083684396138,0.009274732620320855,ppf025_xy044_0
544,407,108.21621621621621,4.718319545184901,1.325769164080172,12.456038526662308,0.009240759240759242,ppf025_xy044_0
545,418,108.41441441441441,5.346821966418955,1.2815502611993508,11.660309719345207,0.00922386571381087,ppf025_xy044_0
546,429,109.009009009009,5.969950606408706,1.228983422801759,10.782170926771462,0.009173553719008265,ppf025_xy044_0
547,440,109.8018018018018,0.29960451057956267,1.180232484979314,10.016047278260112,0.009107318674105677,ppf025_xy044_0
548,451,110.3963963963964,0.9084392408539773,1.1310564927724955,9.248584362261015,0.009058266688428268,ppf025_xy044_0
549,462,110.7927927927928,1.5158421164336324,1.0757644893798564,8.396488342960428,0.009025857863067165,ppf025_xy044_0
550,473,111.1891891891892,2.1240731930709913,1.0104896541558455,7.4349504231233015,0.00899368011667477,ppf025_xy044_0
551,484,112.57657657657657,2.701501551379362,0.9460252563891248,6.597893040063141,0.008882842509603073,ppf025_xy044_0
552,495,113.76576576576576,3.272005355711008,0.8887396381253324,5.884539277105665,0.008789990497307571,ppf025_xy044_0
553,506,114.75675675675676,3.837423472379333,0.8320880790700235,5.203177444381188,0.008714083843617522,ppf025_xy044_0
554,11,22.0,3.1859861116309123,0.9165252574476217,1.85461738291356,0.045454545454545456,ppf025_xy046_0
555,22,22.0,0.017277053691638317,1.109729838520286,2.7189422150612717,0.045454545454545456,ppf025_xy046_0
556,33,22.0,3.13667116847199,1.1500336189391431,2.9200246873152973,0.045454545454545456,ppf025_xy046_0
557,44,22.0,6.261502357151675,1.0546773344308402,2.4558660556652776,0.045454545454545456,ppf025_xy046_0
558,55,60.054054054054056,4.246356102171886,0.5986003766109473,2.1595291559201684,0.01665166516651665,ppf025_xy046_0
559,66,60.648648648648646,5.417130855303019,0.6510831788115514,2.580101841544133,0.01648841354723708,ppf025_xy046_0
560,77,61.24324324324324,0.28831023577628245,0.7009777438336404,3.020017154099282,0.016328331862312445,ppf025_xy046_0
561,88,61.83783783783784,1.4263909925399079,0.7473094153863513,3.465755920927059,0.016171328671328672,ppf025_xy046_0
562,99,62.630630630630634,2.55376474571262,0.7878221406049775,3.901089536596632,0.015966628308400458,ppf025_xy046_0
563,110,63.42342342342342,3.6629680051258404,0.8233493099642151,4.314800316479819,0.015767045454545454,ppf025_xy046_0
564,121,64.21621621621622,4.753443936353376,0.8539639416187421,4.699661174760158,0.015572390572390571,ppf025_xy046_0
565,132,65.2072072072072,5.827795984847907,0.8785702757012137,5.051162979509346,0.015335728101685549,ppf025_xy046_0
566,143,66.3963963963964,0.6003584764508596,0.8974446556336109,5.366642062018437,0.015061058344640435,ppf025_xy046_0
567,154,67.58558558558559,1.6346486449579005,0.913498738509998,5.659952086784105,0.0147960543854972,ppf025_xy046_0
568,165,68.97297297297297,2.6484327080377064,0.9275983390022785,5.955821050761473,0.014498432601880879,ppf025_xy046_0
569,176,70.55855855855856,3.6423721258593567,0.9412855145973806,6.2738657404964915,0.014172625127681308,ppf025_xy046_0
570,187,72.14414414414415,4.6170382833624135,0.957678069061118,6.640227207475284,0.01386113886113886,ppf025_xy046_0
571,198,73.72972972972974,5.572301820178129,0.9751280106518908,7.035722069570118,0.013563049853372432,ppf025_xy046_0
572,209,75.31531531531532,0.2269415017061187,0.9955453691798162,7.491144623587094,0.013277511961722487,ppf025_xy046_0
573,220,76.9009009009009,1.147420550698589,1.018175748743167,8.000547256139702,0.013003748828491098,ppf025_xy046_0
574,231,78.28828828828829,2.0476889677479475,1.0419907283037089,8.530358368989825,0.012773302646720368,ppf025_xy046_0
575,242,79.47747747747748,2.926299501147301,1.0691432298927288,9.117140025251283,0.012582180911357968,ppf025_xy046_0
576,253,80.86486486486487,3.7941039366658686,1.0907423734119226,9.654882772372742,0.012366310160427807,ppf025_xy046_0
577,264,82.25225225225225,4.644052548100125,1.1076047596855676,10.126519312699918,0.012157721796276014,ppf025_xy046_0
578,275,83.24324324324324,5.473477762489141,1.123769519567154,10.549849374399482,0.012012987012987014,ppf025_xy046_0
579,286,84.63063063063063,0.010075053283609066,1.131414912153232,10.872117662515098,0.011816052799659357,ppf025_xy046_0
580,297,85.62162162162161,0.8120722108986055,1.1356861576666402,11.082631255511135,0.01167929292929293,ppf025_xy046_0
581,308,86.41441441441441,1.6003418044691766,1.132883663667717,11.130113411669079,0.011572143452877399,ppf025_xy046_0
582,319,87.6036036036036,2.3782865121799577,1.119731898674963,11.022823213556784,0.011415055532702592,ppf025_xy046_0
583,330,88.5945945945946,3.143588890658525,1.103978570843366,10.83605702637727,0.011287370347773032,ppf025_xy046_0
584,341,89.1891891891892,3.9019856983906003,1.07959705495957,10.432259175545763,0.011212121212121211,ppf025_xy046_0
585,352,90.18018018018019,4.647719340909697,1.0457987760213434,9.898061022238403,0.011088911088911088,ppf025_xy046_0
586,363,91.36936936936937,5.378489843034369,1.0106487735947633,9.365778960966301,0.01094458686649576,ppf025_xy046_0
587,374,92.16216216216216,6.103126825954081,0.9670721261225849,8.649941222756887,0.010850439882697948,ppf025_xy046_0
588,385,92.95495495495496,0.5396494603581903,0.9169904311017043,7.844132520957302,0.01075789881760031,ppf025_xy046_0
589,396,94.14414414414415,1.2371859492057602,0.8655292325560847,7.077820792924934,0.01062200956937799,ppf025_xy046_0
590,407,94.93693693693693,1.9337344321757415,0.8129572013630889,6.296705045609942,0.010533308028088823,ppf025_xy046_0
591,418,95.92792792792793,2.6171068686370504,0.7513038850126084,5.433993351261518,0.010424492862509393,ppf025_xy046_0
592,429,97.71171171171171,3.2635688376341934,0.6914361015759556,4.6880635898230985,0.010234187718974736,ppf025_xy046_0
593,440,98.90090090090091,3.909110643786074,0.6365052031499951,4.021119075355039,0.010111131353616323,ppf025_xy046_0
594,0,63.81981981981982,2.4420149257961885,0.49508346687776317,1.1926235451296598,0.015669113495200452,ppf025_xy047_0
595,11,63.42342342342342,3.4967231452308702,0.5672280711244593,1.5558082464234875,0.015767045454545454,ppf025_xy047_0
596,22,63.027027027027025,4.559399235186392,0.6386399935927274,1.9598823607730278,0.015866209262435677,ppf025_xy047_0
597,33,63.027027027027025,5.649612220533939,0.7047556627309063,2.38668403837104,0.015866209262435677,ppf025_xy047_0
598,44,63.22522522522522,0.4632115081354073,0.764313827115751,2.8159489439252168,0.015816471929324595,ppf025_xy047_0
599,55,63.42342342342342,1.5539788115893873,0.817053433734539,3.2280596978992673,0.015767045454545454,ppf025_xy047_0
600,66,63.81981981981982,2.64351514221589,0.8608853810945188,3.606095285940275,0.015669113495200452,ppf025_xy047_0
601,77,64.21621621621622,3.7230792259948107,0.8968511544797987,3.9380063642965997,0.015572390572390571,ppf025_xy047_0
602,88,64.8108108108108,4.794774201090862,0.9239118921685384,4.217931548643346,0.015429524603836531,ppf025_xy047_0
603,99,65.6036036036036,5.854430884240072,0.9427720462569162,4.445617036742129,0.01524306509200769,ppf025_xy047_0
604,110,66.5945945945946,0.6154141079609131,0.9545212446616289,4.625952143221832,0.015016233766233766,ppf025_xy047_0
605,121,67.58558558558559,1.640978412290711,0.9620772351660741,4.769412836632142,0.0147960543854972,ppf025_xy047_0
606,132,68.77477477477478,2.6472604669952724,0.965708547600624,4.890038585960386,0.014540214828399265,ppf025_xy047_0
607,143,70.16216216216216,3.6326841344159067,0.9672667291167674,5.004796482609634,0.014252696456086287,ppf025_xy047_0
608,154,71.74774774774775,4.5962597668946215,0.9684097804168917,5.130002358941595,0.013937719738824711,ppf025_xy047_0
609,165,73.53153153153153,5.537708676840479,0.9705666523834298,5.280989460264581,0.013599607939230582,ppf025_xy047_0
610,176,75.71171171171171,0.17464862552919436,0.9739735804995798,5.475810075241066,0.013207996192289385,ppf025_xy047_0
611,187,78.09009009009009,1.0744791541055143,0.9814344236864099,5.73468352298231,0.01280572219658514,ppf025_xy047_0
612,198,81.06306306306305,1.9593615447588517,0.9921066755161435,6.083180627350926,0.012336074683262949,ppf025_xy047_0
613,209,85.02702702702703,2.842846373935706,1.007569512119508,6.581092395863519,0.011760966306420852,ppf025_xy047_0
614,220,88.7927927927928,3.711329542250732,1.0344777022452745,7.244542132732332,0.011262175324675324,ppf025_xy047_0
615,231,91.56756756756756,4.537437007983023,1.0718293996385895,8.02017725131333,0.010920897284533649,ppf025_xy047_0
616,242,93.54954954954955,5.323604217991231,1.1137479406936746,8.847213080081247,0.010689522342064715,ppf025_xy047_0
617,253,95.33333333333333,6.086569592304214,1.1543957278630137,9.686015474202403,0.01048951048951049,ppf025_xy047_0
618,264,96.72072072072072,0.5436975205183003,1.1932669008175167,10.499912279893245,0.010339046199701937,ppf025_xy047_0
619,275,97.71171171171171,1.2669258912379662,1.2299069224101125,11.268914180599358,0.010234187718974736,ppf025_xy047_0
620,286,98.70270270270271,1.9810795568598594,1.2646699052663914,12.035783614005096,0.01013143483023001,ppf025_xy047_0
621,297,99.29729729729729,2.6783566112285606,1.2972596758201966,12.740375362260783,0.010070767555797496,ppf025_xy047_0
622,308,100.09009009009009,3.372735206690217,1.3215319480325103,13.327152640134141,0.009990999099909992,ppf025_xy047_0
623,319,100.88288288288288,4.0612424752720395,1.346015041419128,13.935041578536245,0.009912484372209323,ppf025_xy047_0
624,330,101.47747747747748,4.740537077454475,1.3663199856028159,14.443267783002597,0.009854403409090908,ppf025_xy047_0
625,341,102.07207207207207,5.413480965363101,1.379765440196302,14.815230572681378,0.009796999117387467,ppf025_xy047_0
626,352,102.86486486486487,6.082890937481484,1.3872555776361508,15.092840327571139,0.009721492380451918,ppf025_xy047_0
627,363,103.45945945945947,0.4615492686023168,1.394601761102135,15.341279488435664,0.009665621734587251,ppf025_xy047_0
628,374,104.05405405405405,1.1170932351992835,1.3921839425965952,15.375994127440814,0.00961038961038961,ppf025_xy047_0
629,385,104.64864864864865,1.7704345341008791,1.3823119900373313,15.245326614228924,0.009555785123966943,ppf025_xy047_0
630,396,105.24324324324324,2.4188799661737446,1.368966656812902,15.037336636806964,0.009501797637390858,ppf025_xy047_0
631,407,105.83783783783784,3.0604441905363684,1.348934503443198,14.682960961041879,0.009448416751787538,ppf025_xy047_0
632,418,106.43243243243244,3.6985712910811435,1.3192040310767126,14.121761923862158,0.009395632300660234,ppf025_xy047_0
633,429,107.22522522522523,4.33214965409582,1.284811133580468,13.49480173225911,0.009326163669971433,ppf025_xy047_0
634,440,107.81981981981983,4.960094092494169,1.2491503615934016,12.826819878139352,0.009274732620320855,ppf025_xy047_0
635,451,108.41441441441441,5.5807193906587225,1.2055632361273172,12.013179822823131,0.00922386571381087,ppf025_xy047_0
636,462,108.8108108108108,6.2034962815409616,1.1553453708783463,11.073544673860885,0.009190263288623945,ppf025_xy047_0
637,473,109.8018018018018,0.5266499262810821,1.1007525581536808,10.143313115963137,0.009107318674105677,ppf025_xy047_0
638,484,110.5945945945946,1.1292901810192522,1.047661485354147,9.254795276858824,0.009042033235581623,ppf025_xy047_0
639,495,111.1891891891892,1.728767439079668,0.9906006177565174,8.318608981278215,0.00899368011667477,ppf025_xy047_0
640,506,111.58558558558559,2.3327593187275983,0.9268007604658509,7.3075503806126845,0.008961730986597772,ppf025_xy047_0
641,517,112.97297297297297,2.9025705334094414,0.859944787050363,6.369519219760053,0.008851674641148326,ppf025_xy047_0
642,22,117.92792792792793,2.283241006370729,0.3496609083396406,1.088071737940545,0.008479755538579069,ppf025_xy047_1
643,33,115.15315315315316,2.709399257835766,0.3909104401741234,1.3279357794712008,0.00868408699734001,ppf025_xy047_1
644,44,111.38738738738739,3.0966700149005,0.4377396549770207,1.6106994092876161,0.008977677127143318,ppf025_xy047_1
645,55,106.23423423423424,3.4270669705107464,0.5009952436081333,2.0122335998196186,0.009413161465400272,ppf025_xy047_1
646,66,103.65765765765765,3.926893833635432,0.5701691601504766,2.543053731216492,0.009647140622284027,ppf025_xy047_1
647,77,102.46846846846847,4.5210122855449555,0.6398147189226282,3.165522450595749,0.009759099701072622,ppf025_xy047_1
648,88,101.08108108108108,5.120115291539791,0.7081244253950381,3.8250377618960925,0.009893048128342246,ppf025_xy047_1
649,99,100.09009009009009,5.754453238259019,0.7757621933801239,4.545639606724467,0.009990999099909992,ppf025_xy047_1
650,110,99.49549549549549,0.13355578828307788,0.8440377173630944,5.349015138788731,0.010050706265845708,ppf025_xy047_1
651,121,99.89189189189189,0.8355763914866798,0.9087329611621412,6.225145397708742,0.010010822510822512,ppf025_xy047_1
652,132,100.68468468468468,1.5414314080977096,0.9677562717909018,7.116100987228274,0.009931997136721547,ppf025_xy047_1
653,143,101.08108108108108,2.230149695667685,1.0214330161168508,7.958594190942984,0.009893048128342246,ppf025_xy047_1
654,154,101.27927927927928,2.912386886388302,1.0725216853602306,8.791833713448254,0.009873687955879737,ppf025_xy047_1
655,165,101.67567567567568,3.5960331635253393,1.1193192690671558,9.613282985687064,0.009835194045720362,ppf025_xy047_1
656,176,102.66666666666667,4.283083350653982,1.1646767697370692,10.50961937534553,0.00974025974025974,ppf025_xy047_1
657,187,103.65765765765765,4.959363736358769,1.203749346255949,11.334965920021206,0.009647140622284027,ppf025_xy047_1
658,198,104.25225225225225,5.626913269878134,1.2369875218136812,12.03823405239134,0.009592118907708261,ppf025_xy047_1
659,209,105.04504504504504,0.005191225764950689,1.2618498243292493,12.622274308653063,0.009519725557461407,ppf025_xy047_1
660,220,105.63963963963964,0.6628657066035892,1.288901723337262,13.243818461120387,0.009466143612485076,ppf025_xy047_1
661,231,106.23423423423424,1.3144725487674482,1.314908496908874,13.861245470111252,0.009413161465400272,ppf025_xy047_1
662,242,107.22522522522523,1.9612011889706078,1.336805260971299,14.460388413614952,0.009326163669971433,ppf025_xy047_1
663,253,107.62162162162163,2.5996016629087726,1.3563821134451859,14.942055291029499,0.009291813159216473,ppf025_xy047_1
664,264,108.01801801801803,3.2366970128998336,1.368895628032203,15.275082920025753,0.009257714762301918,ppf025_xy047_1
665,275,108.61261261261261,3.8722802628941198,1.3774160357796454,15.550960891670599,0.009207033842070339,ppf025_xy047_1
666,286,109.009009009009,4.502181577965382,1.3758612159915768,15.572500298694822,0.009173553719008265,ppf025_xy047_1
667,297,109.4054054054054,5.128082779888796,1.3836786584595338,15.80723697497293,0.009140316205533598,ppf025_xy047_1
668,308,110.0,5.755441120428939,1.3787269850330774,15.77959804355694,0.00909090909090909,ppf025_xy047_1
669,319,110.3963963963964,0.09592610881564403,1.3741653346693323,15.731841917673567,0.009058266688428268,ppf025_xy047_1
670,330,110.7927927927928,0.7150999812606171,1.366985393711295,15.623774333260114,0.009025857863067165,ppf025_xy047_1
671,341,111.1891891891892,1.3299809825962794,1.3513259583152915,15.322495462404317,0.00899368011667477,ppf025_xy047_1
672,352,111.58558558558559,1.9479035942339689,1.3243476678932948,14.769262802884356,0.008961730986597772,ppf025_xy047_1
673,363,112.18018018018019,2.560873772518403,1.3004880547517397,14.317776124251962,0.008914230645679408,ppf025_xy047_1
674,374,112.37837837837839,3.170729833936166,1.2775681987188323,13.841961780566239,0.008898508898508899,ppf025_xy047_1
675,385,112.57657657657657,3.7752992627335984,1.245101872361179,13.170568135472728,0.008882842509603073,ppf025_xy047_1
676,396,112.57657657657657,4.384397116592098,1.2048585470311937,12.332946927810962,0.008882842509603073,ppf025_xy047_1
677,407,112.97297297297297,4.991080265509489,1.160444367502141,11.48074066211212,0.008851674641148326,ppf025_xy047_1
678,418,113.56756756756756,5.5897945907128275,1.119047816469704,10.732436104092983,0.008805330794859591,ppf025_xy047_1
679,429,113.76576576576576,6.186301404671018,1.0757688493523174,9.93564858581091,0.008789990497307571,ppf025_xy047_1
680,440,113.56756756756756,0.5071338944991216,1.024705535889037,8.999102286564565,0.008805330794859591,ppf025_xy047_1
681,451,113.56756756756756,1.1119910814984146,0.9657833657349477,7.9939322881798835,0.008805330794859591,ppf025_xy047_1
682,462,114.55855855855856,1.6944234420714623,0.905011726913185,7.0808053055888935,0.008729160113243158,ppf025_xy047_1
683,473,115.35135135135135,2.267996588711888,0.8535084322313922,6.341398099195393,0.00866916588566073,ppf025_xy047_1
684,484,115.54954954954955,2.852488087110756,0.8010828363120527,5.595898257025019,0.00865429596132855,ppf025_xy047_1
685,0,136.36036036036035,3.162919528056193,0.4713849736998131,1.180216924685946,0.0073335095137420725,ppf025_xy048_0
686,11,135.36936936936937,3.6387494120537505,0.5088319953883809,1.3651848458158131,0.007387195527751897,ppf025_xy048_0
687,22,133.981981981982,4.104958433450348,0.5372207222679433,1.506170509322969,0.007463690155997848,ppf025_xy048_0
688,33,131.6036036036036,4.560112992062468,0.5655695450362643,1.6396911072635456,0.0075985761226725086,ppf025_xy048_0
689,44,128.82882882882882,5.0302498752628235,0.6033265075577259,1.8265859018690482,0.0077622377622377624,ppf025_xy048_0
690,55,127.44144144144144,5.532475576563492,0.6447319418696493,2.0634373052102815,0.007846741128234129,ppf025_xy048_0
691,66,126.45045045045045,6.045106261268409,0.6901385883851345,2.3459309895967793,0.007908235964662298,ppf025_xy048_0
692,77,125.26126126126127,0.2718783892168863,0.7276915542144992,2.5836499859442412,0.007983314154200229,ppf025_xy048_0
693,88,123.67567567567568,0.7815937908591568,0.7656550993150467,2.824053236814725,0.008085664335664336,ppf025_xy048_0
694,99,121.89189189189189,1.2988148152807937,0.8094582613588732,3.1108993961903524,0.008203991130820399,ppf025_xy048_0
695,110,120.30630630630631,1.84086705200746,0.8830693625053108,3.654266841459293,0.008312116219859217,ppf025_xy048_0
696,121,119.71171171171171,2.3943007850557683,0.9562699934222393,4.264026808568171,0.008353401565322095,ppf025_xy048_0
697,132,119.11711711711712,2.947810359323052,1.0144381470898003,4.774716027914887,0.008395099077295416,ppf025_xy048_0
698,143,118.32432432432432,3.5027867084292317,1.069236871714129,5.269193112961902,0.008451347647327547,ppf025_xy048_0
699,154,117.33333333333333,4.060648810612909,1.126649318339345,5.801244296147525,0.008522727272727274,ppf025_xy048_0
700,165,116.54054054054055,4.6316794971241535,1.1932944889845498,6.463898482108361,0.008580705009276436,ppf025_xy048_0
701,176,116.14414414414415,5.211429399187528,1.2608382635100888,7.19181169311112,0.008609990691901954,ppf025_xy048_0
702,187,115.94594594594595,5.795978759924015,1.3214185888759475,7.886033561607483,0.008624708624708625,ppf025_xy048_0
703,198,115.54954954954955,0.09702525240187868,1.3773132322475967,8.537995581397038,0.00865429596132855,ppf025_xy048_0
704,209,115.35135135135135,0.6884518433433947,1.4300769938257678,9.18890487999354,0.00866916588566073,ppf025_xy048_0
705,220,115.15315315315316,1.2835386435485148,1.4881606689948135,9.933395059566362,0.00868408699734001,ppf025_xy048_0
706,231,115.35135135135135,1.8827248744493124,1.5500412414369609,10.795218143084188,0.00866916588566073,ppf025_xy048_0
707,242,115.54954954954955,2.479522532211469,1.6006500689059124,11.531433032518882,0.00865429596132855,ppf025_xy048_0
708,253,115.74774774774775,3.077069383115032,1.644322045177231,12.190135609595519,0.00863947696139477,ppf025_xy048_0
709,264,115.35135135135135,3.66051649473043,1.6808071431757532,12.693479500413815,0.00866916588566073,ppf025_xy048_0
710,275,115.54954954954955,4.25745056960128,1.719506612064079,13.3075524401989,0.00865429596132855,ppf025_xy048_0
711,286,115.74774774774775,4.851909366652615,1.7545209778790924,13.878799720955177,0.00863947696139477,ppf025_xy048_0
712,297,115.94594594594595,5.443696481919777,1.7835806840627462,14.366908238873073,0.008624708624708625,ppf025_xy048_0
713,308,115.54954954954955,6.023765530735485,1.8094291359731565,14.735797481995256,0.00865429596132855,ppf025_xy048_0
714,319,115.74774774774775,0.33260557371245786,1.8239655392100182,14.99919792086539,0.00863947696139477,ppf025_xy048_0
715,330,115.94594594594595,0.9235110555946257,1.8329697515236258,15.17359169331568,0.008624708624708625,ppf025_xy048_0
716,341,116.14414414414415,1.513498161617345,1.8304833007931416,15.15832065048894,0.008609990691901954,ppf025_xy048_0
717,352,116.73873873873875,2.105505794318838,1.8167609265111542,15.008344421406123,0.008566136749498379,ppf025_xy048_0
718,363,117.33333333333333,2.6929757583271496,1.805213207056071,14.89363280230824,0.008522727272727274,ppf025_xy048_0
719,374,117.72972972972973,3.274295289252505,1.7908530306297592,14.707141421371878,0.008494031221303948,ppf025_xy048_0
720,385,117.72972972972973,3.853667139637495,1.7670080481132115,14.31810131888541,0.008494031221303948,ppf025_xy048_0
721,396,117.92792792792793,4.431545989141435,1.7292817263023663,13.7363200557353,0.008479755538579069,ppf025_xy048_0
722,407,118.32432432432432,5.008492934514708,1.6836090677695728,13.064078296885576,0.008451347647327547,ppf025_xy048_0
723,418,118.72072072072072,5.581095251030351,1.6373125114210119,12.396866217601158,0.008423129458187888,ppf025_xy048_0
724,429,118.72072072072072,6.155318381498145,1.586765446471032,11.643250008193641,0.008423129458187888,ppf025_xy048_0
725,440,118.52252252252252,0.4483631167407836,1.5227752255974982,10.705198393809834,0.00843721495895409,ppf025_xy048_0
726,451,118.72072072072072,1.0202579114832746,1.4490666053772137,9.710139059584195,0.008423129458187888,ppf025_xy048_0
727,462,119.51351351351352,1.5810146617018663,1.3698189274119954,8.735053490813517,0.008367254635911352,ppf025_xy048_0
728,473,120.30630630630631,2.1326452352721383,1.2990813605788447,7.908303448387387,0.008312116219859217,ppf025_xy048_0
729,484,121.0990990990991,2.675686300499022,1.2266643580126992,7.097650898907009,0.00825769974706145,ppf025_xy048_0
730,495,121.49549549549549,3.2256750711926596,1.1501552628672946,6.260302913921445,0.008230757822927481,ppf025_xy048_0
731,506,121.89189189189189,3.7758409354484272,1.0610942267474233,5.345704524729949,0.008203991130820399,ppf025_xy048_0
732,0,72.34234234234233,4.231847555841931,0.5158267860836806,1.5552970915296698,0.013823163138231632,ppf025_xy049_0
733,11,71.15315315315316,5.113096818050575,0.5785422417725408,1.9243200765444237,0.014054190934413775,ppf025_xy049_0
734,22,70.36036036036036,6.039400665754205,0.6400200536960643,2.3287787579797348,0.014212548015364916,ppf025_xy049_0
735,33,69.76576576576576,0.7044975270221607,0.6996730645161137,2.759597150355853,0.014333677685950414,ppf025_xy049_0
736,44,69.36936936936937,1.671661156942943,0.7526627658830407,3.1752770369357104,0.014415584415584416,ppf025_xy049_0
737,55,68.97297297297297,2.647751762050688,0.7994328682201466,3.5616886982137648,0.014498432601880879,ppf025_xy049_0
738,66,68.77477477477478,3.6366498102446427,0.8393677910681338,3.9151354262763514,0.014540214828399265,ppf025_xy049_0
739,77,68.77477477477478,4.63215179763135,0.8710996188172998,4.2167498322856485,0.014540214828399265,ppf025_xy049_0
740,88,68.97297297297297,5.630128202828072,0.8926087189474917,4.440319365837148,0.014498432601880879,ppf025_xy049_0
741,99,68.97297297297297,0.34212347433123186,0.9082522049063934,4.597321541027376,0.014498432601880879,ppf025_xy049_0
742,110,69.36936936936937,1.3357757646126012,0.9160378457060355,4.703353183491744,0.014415584415584416,ppf025_xy049_0
743,121,70.16216216216216,2.3198163317515523,0.9156992378335582,4.753589570289636,0.014252696456086287,ppf025_xy049_0
744,132,70.95495495495496,3.2902749232678827,0.9095843280672611,4.743311853432309,0.01409344845099035,ppf025_xy049_0
745,143,71.94594594594594,4.245334743060852,0.8992174052110194,4.7005507739109875,0.013899323816679191,ppf025_xy049_0
746,154,73.33333333333334,5.177989344523169,0.8878624261667075,4.6709561772766435,0.013636363636363634,ppf025_xy049_0
747,165,75.31531531531532,6.084792192475973,0.8776147917644221,4.687099571503979,0.013277511961722487,ppf025_xy049_0
748,176,77.4954954954955,0.6896686044036369,0.8746295630216055,4.79002496489703,0.012903975819576842,ppf025_xy049_0
749,187,80.27027027027027,1.5617481334403214,0.8762993656807144,4.980497563871558,0.012457912457912458,ppf025_xy049_0
750,198,83.44144144144144,2.435052014763039,0.89017116752874,5.342467106510135,0.011984452602029799,ppf025_xy049_0
751,209,104.64864864864865,4.077609213603434,0.8418108327593389,5.992053149836618,0.009555785123966943,ppf025_xy049_0
752,220,99.49549549549549,4.537842363254635,0.9202644229798373,6.8083472266660054,0.010050706265845708,ppf025_xy049_0
753,231,93.94594594594595,5.0304610924951545,1.0197133886624203,7.893094436374045,0.010644418872266973,ppf025_xy049_0
754,242,94.14414414414415,5.7531495510828705,1.0721166973044352,8.743603262117556,0.01062200956937799,ppf025_xy049_0
755,253,95.33333333333333,0.21696875876033278,1.111471498544872,9.516000400701623,0.01048951048951049,ppf025_xy049_0
756,264,95.92792792792793,0.9403134982964755,1.1493259129868498,10.238691860284565,0.010424492862509393,ppf025_xy049_0
757,275,96.32432432432432,1.6488033841515852,1.1829552411983155,10.891447665235951,0.010381593714927048,ppf025_xy049_0
758,286,96.52252252252252,2.352613965585493,1.2020205661941403,11.268483473881524,0.010360276274033974,ppf025_xy049_0
759,297,97.51351351351352,3.065349362334401,1.2130888230565486,11.594793531280613,0.010254988913525498,ppf025_xy049_0
760,308,98.10810810810811,3.763212100023859,1.2251560263494425,11.898732860820273,0.010192837465564738,ppf025_xy049_0
761,319,98.30630630630631,4.455232814844257,1.2184108439605679,11.791848799837648,0.010172287390029325,ppf025_xy049_0
762,330,98.90090090090091,5.144484486347514,1.1988496085204974,11.485308667840838,0.010111131353616323,ppf025_xy049_0
763,341,99.49549549549549,5.829156972702306,1.1760186693072334,11.118465779575505,0.010050706265845708,ppf025_xy049_0
764,352,99.89189189189189,0.2234688623465831,1.1409243880445914,10.506473700378661,0.010010822510822512,ppf025_xy049_0
765,363,100.48648648648648,0.8996750144790892,1.090475344304195,9.655002147064952,0.009951586874663798,ppf025_xy049_0
766,374,101.67567567567568,1.5594497970734673,1.0421697699049166,8.922920471823915,0.009835194045720362,ppf025_xy049_0
767,385,102.27027027027027,2.2150836629031074,0.9959753767964941,8.197088406324312,0.009778012684989429,ppf025_xy049_0
768,396,102.66666666666667,2.8676587264651596,0.939346410166876,7.319712676841574,0.00974025974025974,ppf025_xy049_0
769,407,103.45945945945947,3.511429215408733,0.8702414016728031,6.3308598457266205,0.009665621734587251,ppf025_xy049_0
770,0,145.0810810810811,2.269532333677905,0.6232633649870464,3.3611446845085684,0.006892697466467958,ppf025_xy050_0
771,11,143.6936936936937,2.7033752340894366,0.6610484082307841,3.7448761602407075,0.006959247648902821,ppf025_xy050_0
772,22,142.7027027027027,3.153456881734939,0.6979470261592665,4.1458190715464935,0.007007575757575758,ppf025_xy050_0
773,33,141.51351351351352,3.602829315003842,0.732973445813044,4.534272541436461,0.0070664629488158895,ppf025_xy050_0
774,44,140.1261261261261,4.054418702222824,0.7679576364170787,4.928637382430212,0.007136427928507137,ppf025_xy050_0
775,55,138.73873873873873,4.516383102804382,0.8029606941824955,5.334817161346399,0.007207792207792208,ppf025_xy050_0
776,66,137.35135135135135,4.983815365933722,0.8402269678987723,5.783082581650162,0.007280598189689099,ppf025_xy050_0
777,77,136.55855855855856,5.4663499697239955,0.8744335365649872,6.227385615791451,0.007322865813431851,ppf025_xy050_0
778,88,135.56756756756755,5.948393458665496,0.9071701881312817,6.653751355278757,0.007376395534290272,ppf025_xy050_0
779,99,134.3783783783784,0.15035048321174727,0.9371626234242368,7.03870135767441,0.00744167337087691,ppf025_xy050_0
780,110,133.1891891891892,0.6427841977894639,0.9672866972775076,7.4321185700486065,0.007508116883116883,ppf025_xy050_0
781,121,132.1981981981982,1.1436858546213478,0.9977995662341461,7.849561236879634,0.007564399618372631,ppf025_xy050_0
782,132,131.2072072072072,1.6474229663514084,1.0276326640568514,8.263551083471441,0.007621532546003845,ppf025_xy050_0
783,143,130.2162162162162,2.155331810530766,1.0549287055580743,8.642602043468324,0.007679535076795352,ppf025_xy050_0
784,154,129.22522522522524,2.667918957941854,1.0821940018966696,9.025905186037035,0.007738427216954823,ppf025_xy050_0
785,165,128.23423423423424,3.1843829629047384,1.108777879163047,9.402131322307904,0.007798229591119854,ppf025_xy050_0
786,176,127.24324324324324,3.707326091676244,1.134758875494657,9.771812628645769,0.007858963466440102,ppf025_xy050_0
787,187,126.25225225225225,4.235186567799216,1.1614494347849103,10.157175878513247,0.007920650777793635,ppf025_xy050_0
788,198,125.26126126126127,4.766853844984279,1.1892007490391756,10.564777446169643,0.007983314154200229,ppf025_xy050_0
789,209,124.46846846846847,5.30526345944044,1.2142631413574452,10.945061210845228,0.008034163288940358,ppf025_xy050_0
790,220,123.47747747747748,5.846492107695404,1.2389120157536089,11.30321277758262,0.008098642930103605,ppf025_xy050_0
791,231,122.48648648648648,0.11002857514010399,1.2632142059505673,11.656694203575203,0.008164165931156223,ppf025_xy050_0
792,242,121.69369369369369,0.6637721083753577,1.2870345498142945,12.02213798910531,0.008217352679893397,ppf025_xy050_0
793,253,121.0990990990991,1.2226607321864722,1.309383743817096,12.382491147693235,0.00825769974706145,ppf025_xy050_0
794,264,120.50450450450451,1.7849326090773272,1.3286360033147055,12.686696168062895,0.008298444976076555,ppf025_xy050_0
795,275,120.10810810810811,2.351775565713364,1.3438558847151207,12.936325819370788,0.008325832583258325,ppf025_xy050_0
796,286,119.90990990990991,2.9230854446211145,1.3557969124011335,13.145514304260903,0.008339594290007513,ppf025_xy050_0
797,297,119.71171171171171,3.495753860657015,1.365227333910881,13.306989519048434,0.008353401565322095,ppf025_xy050_0
798,308,119.71171171171171,4.069424687983326,1.3717275838246312,13.434008189661474,0.008353401565322095,ppf025_xy050_0
799,319,120.10810810810811,4.641622340203565,1.3746085303832964,13.535167040481173,0.008325832583258325,ppf025_xy050_0
800,330,120.50450450450451,5.212938517455206,1.373983916015812,13.567499159379922,0.008298444976076555,ppf025_xy050_0
801,341,120.90090090090091,5.782759456027908,1.3715141502544106,13.563236880743474,0.00827123695976155,ppf025_xy050_0
802,352,121.29729729729729,0.06765485995197985,1.3682578853524348,13.543168063671123,0.00824420677361854,ppf025_xy050_0
803,363,121.89189189189189,0.6310479522005763,1.3631998256262605,13.509120820379918,0.008203991130820399,ppf025_xy050_0
804,374,122.48648648648648,1.1937690337689857,1.3577209669958863,13.466119092162202,0.008164165931156223,ppf025_xy050_0
805,385,123.08108108108108,1.7536492017675882,1.3513396331680199,13.404590621672131,0.008124725516029864,ppf025_xy050_0
806,396,123.67567567567568,2.3116959918685165,1.345631982740922,13.355806478969555,0.008085664335664336,ppf025_xy050_0
807,407,124.27027027027027,2.866344201159108,1.3427398959945744,13.362393388962383,0.008046976946498478,ppf025_xy050_0
808,418,124.86486486486487,3.4178917039977246,1.3401356001549571,13.374297029291553,0.008008658008658008,ppf025_xy050_0
809,429,125.45945945945947,3.967376795229552,1.3377115661948957,13.389414938668022,0.007970702283498492,ppf025_xy050_0
810,440,125.85585585585585,4.514527708800795,1.334036231506712,13.358014218516828,0.007945597709377238,ppf025_xy050_0
811,451,126.45045045045045,5.060269531120088,1.3316326701676373,13.37280427168245,0.007908235964662298,ppf025_xy050_0
812,462,127.04504504504504,5.6030939182495425,1.3312375775740564,13.427714300156419,0.007871223939866686,ppf025_xy050_0
813,473,127.63963963963964,6.144880359185123,1.3303580250998503,13.472737904682715,0.007834556747600226,ppf025_xy050_0
814,484,128.03603603603602,0.40007864192340314,1.3299807050786836,13.506913704351215,0.007810301153954405,ppf025_xy050_0
815,495,128.43243243243245,0.9360727774694904,1.3281354473514813,13.511160971507952,0.0077861952861952854,ppf025_xy050_0
816,506,128.63063063063063,1.4706732803153864,1.325027303169578,13.468749564472008,0.007774198066956156,ppf025_xy050_0
817,517,129.02702702702703,2.003502193465529,1.3191686934937394,13.391048626468121,0.007750314201927105,ppf025_xy050_0
818,528,129.42342342342343,2.536304569713226,1.3114331027264265,13.275118031831811,0.007726576639287205,ppf025_xy050_0
819,539,129.81981981981983,3.0663127290258347,1.3031281370966166,13.147660181797578,0.007702984038861901,ppf025_xy050_0
820,550,129.81981981981983,3.595087712632228,1.293758111250693,12.9592658024138,0.007702984038861901,ppf025_xy050_0
821,561,130.01801801801804,4.1212984814120155,1.2793791945317459,12.692154014767185,0.0076912416851441226,ppf025_xy050_0
822,572,130.01801801801804,4.648861567899068,1.261427159500465,12.33846463487294,0.0076912416851441226,ppf025_xy050_0
823,583,130.2162162162162,5.175955456351629,1.239312157484866,11.927782632146402,0.007679535076795352,ppf025_xy050_0
824,594,130.61261261261262,5.699891395954218,1.2155755802772867,11.5101842274599,0.0076562284453028,ppf025_xy050_0
825,605,130.61261261261262,6.224503899226834,1.1910229655596039,11.049906733589753,0.0076562284453028,ppf025_xy050_0
826,616,130.61261261261262,0.46507749839143314,1.162691471513561,10.530459318374584,0.0076562284453028,ppf025_xy050_0
827,627,130.61261261261262,0.9886653770911146,1.12981777320246,9.943405385564867,0.0076562284453028,ppf025_xy050_0
828,638,130.8108108108108,1.5097048103886597,1.0916899613954028,9.297699279473623,0.007644628099173554,ppf025_xy050_0
829,649,131.009009009009,2.0309844631370555,1.0519472460140442,8.646140882998107,0.007633062852427453,ppf025_xy050_0
830,660,131.40540540540542,2.545071180081286,1.0105118632319507,8.002566423542218,0.007610037021801727,ppf025_xy050_0
831,671,131.6036036036036,3.060559771045895,0.96704390593794,7.339954886808139,0.0075985761226725086,ppf025_xy050_0
832,682,131.8018018018018,3.574708651392699,0.9200751282877105,6.654281259601035,0.0075871496924128515,ppf025_xy050_0
833,693,132.0,4.0893348959530265,0.869129562865049,5.946702336598294,0.007575757575757576,ppf025_xy050_0
834,0,79.08108108108108,2.0940125129515987,0.6766788252555113,2.2128405094032653,0.012645249487354751,ppf025_xy051_0
835,11,78.68468468468468,2.942889498628846,0.7308450850548956,2.568344120000342,0.012708953514998855,ppf025_xy051_0
836,22,78.28828828828829,3.800227021008287,0.7800459448411323,2.911048939897188,0.012773302646720368,ppf025_xy051_0
837,33,78.28828828828829,4.675081811221413,0.8232928714943614,3.24278271913061,0.012773302646720368,ppf025_xy051_0
838,44,78.28828828828829,5.547951180615285,0.8618977024583571,3.5540258793334,0.012773302646720368,ppf025_xy051_0
839,55,78.68468468468468,0.143097090902558,0.8908500948510595,3.81603027970324,0.012708953514998855,ppf025_xy051_0
840,66,78.88288288288288,1.0163483980297718,0.9150726926096792,4.03651255037183,0.01267702147099132,ppf025_xy051_0
841,77,79.27927927927928,1.8891110336612325,0.9348458286863642,4.234011415579498,0.012613636363636363,ppf025_xy051_0
842,88,80.07207207207207,2.757282089548197,0.950371118675687,4.419568494529538,0.012488748874887488,ppf025_xy051_0
843,99,80.86486486486487,3.615305251433262,0.9623203970969241,4.576269468366197,0.012366310160427807,ppf025_xy051_0
844,110,81.65765765765767,4.465034398357249,0.9714926074981008,4.70964595674562,0.012246248896734332,ppf025_xy051_0
845,121,82.64864864864865,5.307518510537432,0.9780390096740336,4.831260483357587,0.01209941137998692,ppf025_xy051_0
846,132,83.83783783783784,6.14013269489728,0.9884283986422355,5.005446696877741,0.011927788523533205,ppf025_xy051_0
847,143,85.02702702702703,0.6763442162187056,1.0026267316879036,5.223335179796111,0.011760966306420852,ppf025_xy051_0
848,154,86.41441441441441,1.4865635795889636,1.0183054902848567,5.4758898572848045,0.011572143452877399,ppf025_xy051_0
849,165,88.1981981981982,2.2829095381203905,1.0306762809399281,5.725542181619257,0.011338100102145046,ppf025_xy051_0
850,176,89.78378378378379,3.0653675004768273,1.0440206991736887,5.98037565265689,0.011137868753762792,ppf025_xy051_0
851,187,91.56756756756756,3.8379983570086544,1.0616370755571074,6.306758101302172,0.010920897284533649,ppf025_xy051_0
852,198,93.54954954954955,4.598141784767383,1.0836119567568552,6.712767721494298,0.010689522342064715,ppf025_xy051_0
853,209,96.12612612612612,5.348167803392466,1.1080886296231687,7.212781561184404,0.010402999062792878,ppf025_xy051_0
854,220,99.49549549549549,6.089440527353255,1.1342208831617882,7.821878034482865,0.010050706265845708,ppf025_xy051_0
855,231,103.06306306306307,0.5504133264647202,1.184057757336776,8.830009334479499,0.009702797202797202,ppf025_xy051_0
856,242,104.05405405405405,1.222067467980005,1.2170239703710362,9.418236936405835,0.00961038961038961,ppf025_xy051_0
857,253,104.64864864864865,1.880521760100548,1.2436731881308658,9.891416974788898,0.009555785123966943,ppf025_xy051_0
858,264,105.63963963963964,2.5391990036886107,1.2623115794077726,10.286612625292392,0.009466143612485076,ppf025_xy051_0
859,275,106.82882882882883,3.1923834976678394,1.2911351929527386,10.882890198040394,0.009360769101028841,ppf025_xy051_0
860,286,107.22522522522523,3.828478140627142,1.3044455927940242,11.149650367111784,0.009326163669971433,ppf025_xy051_0
861,297,107.81981981981983,4.465158424073046,1.3018019401966499,11.166080971970317,0.009274732620320855,ppf025_xy051_0
862,308,108.21621621621621,5.095969767653134,1.295436619924507,11.097803384458869,0.009240759240759242,ppf025_xy051_0
863,319,108.8108108108108,5.724479537962267,1.2868874437595739,11.011982576771263,0.009190263288623945,ppf025_xy051_0
864,330,109.2072072072072,0.06450155556616158,1.269283935332395,10.751800809801445,0.009156904801187924,ppf025_xy051_0
865,341,110.0,0.6873055043329119,1.234563108089015,10.24546366164734,0.00909090909090909,ppf025_xy051_0
866,352,110.990990990991,1.3050330785984168,1.2038059947653625,9.82908463472578,0.00900974025974026,ppf025_xy051_0
867,363,111.38738738738739,1.9122039735688097,1.171350580178771,9.339468330186893,0.008977677127143318,ppf025_xy051_0
868,374,111.58558558558559,2.519762133722263,1.1304233084213744,8.713700858744431,0.008961730986597772,ppf025_xy051_0
869,385,111.98198198198199,3.127375735173698,1.07620687812974,7.92596259963193,0.008930008045052293,ppf025_xy051_0
870,396,113.17117117117117,3.720957972796533,1.0224622065907516,7.230072972825032,0.008836172583983443,ppf025_xy051_0
871,407,114.16216216216216,4.302624035565722,0.9763104268839675,6.649827547602008,0.008759469696969698,ppf025_xy051_0
872,418,114.16216216216216,4.896031870254639,0.9250340409276651,5.969664958451532,0.008759469696969698,ppf025_xy051_0
873,429,114.36036036036036,5.485539825126772,0.8605662793709371,5.17554997559961,0.008744288640302505,ppf025_xy051_0
874,33,81.65765765765767,3.4347592671822067,0.3717779004121678,1.090021819968074,0.012246248896734332,ppf025_xy052_0
875,44,79.47747747747748,4.196351003131827,0.3973316674896437,1.2117738247072478,0.012582180911357968,ppf025_xy052_0
876,55,76.9009009009009,4.970902343767984,0.4236729437333246,1.3331039676852419,0.013003748828491098,ppf025_xy052_0
877,66,74.52252252252252,5.773053937913793,0.4573342994122158,1.5053109743424167,0.013418762088974854,ppf025_xy052_0
878,77,72.34234234234233,0.3111567417141001,0.4983742278268867,1.735301134845104,0.013823163138231632,ppf025_xy052_0
879,88,69.56756756756756,1.1161400650410809,0.551719559330742,2.0451007715301612,0.014374514374514376,ppf025_xy052_0
880,99,57.873873873873876,1.3250034415437115,0.6688598913543146,2.5004835060670176,0.01727895392278954,ppf025_xy052_0
881,110,60.648648648648646,2.637928523387785,0.7281794743587752,3.1057688325879025,0.01648841354723708,ppf025_xy052_0
882,121,61.24324324324324,3.7845759425460854,0.7875031020023039,3.6680382899361574,0.016328331862312445,ppf025_xy052_0
883,132,61.63963963963964,4.908105351693253,0.8346536040333256,4.147092953578929,0.01622332651271558,ppf025_xy052_0
884,143,62.234234234234236,6.023731099632941,0.8673289747034624,4.521350683177451,0.016068326577880716,ppf025_xy052_0
885,154,63.027027027027025,0.8435537592289212,0.8868979845586824,4.787902420609312,0.015866209262435677,ppf025_xy052_0
886,165,63.81981981981982,1.9289282658107476,0.8970980653653348,4.96028404609555,0.015669113495200452,ppf025_xy052_0
887,176,64.8108108108108,2.9960974691440994,0.8990454357377538,5.059200236476569,0.015429524603836531,ppf025_xy052_0
888,187,66.0,4.041468874004012,0.8950248349413994,5.106052085996616,0.015151515151515152,ppf025_xy052_0
889,198,67.38738738738738,5.062922276724425,0.887839905339237,5.1300201876931455,0.01483957219251337,ppf025_xy052_0
890,209,68.97297297297297,6.059630100130309,0.8806495959134427,5.166023281288899,0.014498432601880879,ppf025_xy052_0
891,220,70.95495495495496,0.7473218603458576,0.8759185163979458,5.257524143943974,0.01409344845099035,ppf025_xy052_0
892,231,73.33333333333334,1.6944538956029032,0.877076534019195,5.448131008283182,0.013636363636363634,ppf025_xy052_0
893,242,76.30630630630631,2.6298444404843235,0.8847404731258408,5.76850607057557,0.013105076741440376,ppf025_xy052_0
894,253,81.06306306306305,3.596943403369881,0.9032260868268328,6.386855454304022,0.012336074683262949,ppf025_xy052_0
895,264,92.16216216216216,4.809736534230052,0.9090356347084707,7.355049568615364,0.010850439882697948,ppf025_xy052_0
896,275,90.57657657657657,5.4996171823114155,0.9743319747271333,8.304260130481184,0.0110403819375373,ppf025_xy052_0
897,286,90.77477477477477,6.256785435691771,1.0261876100459102,9.231873530211027,0.011016276300119095,ppf025_xy052_0
898,297,90.37837837837839,0.7100622125425364,1.0736819497183034,10.062061824481143,0.011064593301435405,ppf025_xy052_0
899,308,90.37837837837839,1.4577239577910583,1.1047557591922865,10.652909215381253,0.011064593301435405,ppf025_xy052_0
900,319,90.97297297297297,2.214338088797727,1.1255159481759545,11.129786326685997,0.010992275698158051,ppf025_xy052_0
901,330,91.56756756756756,2.9608984132978833,1.1419159699562433,11.531375215990119,0.010920897284533649,ppf025_xy052_0
902,341,91.96396396396396,3.697747227927082,1.146411291903747,11.672657042022,0.010873824451410658,ppf025_xy052_0
903,352,92.55855855855856,4.433307597141141,1.1394679875435205,11.606251371339654,0.010803971189410162,ppf025_xy052_0
904,363,93.35135135135135,5.159540083174958,1.1295420588873202,11.502614240298856,0.010712217718587144,ppf025_xy052_0
905,374,93.94594594594595,5.876476644202511,1.1064678459175095,11.107767275603926,0.010644418872266973,ppf025_xy052_0
906,385,94.73873873873875,0.3045699507801071,1.071054712915581,10.495957040911765,0.010555344237352604,ppf025_xy052_0
907,396,95.53153153153153,1.0081532702162581,1.0331571321463495,9.848058714094158,0.01046774801961524,ppf025_xy052_0
908,407,96.32432432432432,1.6988120808681342,0.9862130999905803,9.047917627032408,0.010381593714927048,ppf025_xy052_0
909,418,97.31531531531532,2.380235667086352,0.9277260278187965,8.088943633922236,0.010275874837992964,ppf025_xy052_0
910,429,98.70270270270271,3.04054027541779,0.8705227537668503,7.2237121508585185,0.01013143483023001,ppf025_xy052_0
911,0,95.53153153153153,2.4029446101556355,0.5396840108574742,2.2219815205207722,0.01046774801961524,ppf025_xy054_0
912,11,95.33333333333333,3.1128791897526145,0.5757369183428209,2.5235245592671998,0.01048951048951049,ppf025_xy054_0
913,22,95.33333333333333,3.8298132904586826,0.6078873216189467,2.813232002567546,0.01048951048951049,ppf025_xy054_0
914,33,95.33333333333333,4.546384995887922,0.636092704439252,3.080351004718199,0.01048951048951049,ppf025_xy054_0
915,44,95.33333333333333,5.262568264512613,0.6601913657633756,3.3181732529144914,0.01048951048951049,ppf025_xy054_0
916,55,95.33333333333333,5.978098722849398,0.6798018408064992,3.5182285654267784,0.01048951048951049,ppf025_xy054_0
917,66,95.33333333333333,0.41022037063337996,0.6944916318434146,3.671921704084679,0.01048951048951049,ppf025_xy054_0
918,77,95.33333333333333,1.126116411189774,0.7042538085854819,3.775876547352193,0.01048951048951049,ppf025_xy054_0
919,88,95.13513513513513,1.842549311713741,0.710210065368384,3.832032510457559,0.010511363636363636,ppf025_xy054_0
920,99,94.73873873873875,2.561431072409774,0.7127558566616872,3.843472581782799,0.010555344237352604,ppf025_xy054_0
921,110,94.54054054054055,3.284186906727755,0.710624605203452,3.8125290550469018,0.010577472841623784,ppf025_xy054_0
922,121,93.94594594594595,4.012239342010485,0.7067655853812921,3.747515446694281,0.010644418872266973,ppf025_xy054_0
923,132,93.35135135135135,4.746569531122722,0.7007823062257074,3.6610146318806702,0.010712217718587144,ppf025_xy054_0
924,143,92.75675675675676,5.487179623209082,0.6942393438965117,3.5700853533600054,0.01078088578088578,ppf025_xy054_0
925,154,91.96396396396396,6.23408460705544,0.6891163033668645,3.487525016721519,0.010873824451410658,ppf025_xy054_0
926,165,91.17117117117117,0.7037849378277989,0.686207189382491,3.4283303304663577,0.010968379446640317,ppf025_xy054_0
927,176,90.18018018018019,1.461058515937126,0.6882361599433352,3.4111488564717933,0.011088911088911088,ppf025_xy054_0
928,187,89.1891891891892,2.2222769654748022,0.6962988769376797,3.4531719518664192,0.011212121212121211,ppf025_xy054_0
929,198,88.0,2.983385385863845,0.7124981945094447,3.567506786913034,0.011363636363636364,ppf025_xy054_0
930,209,86.8108108108108,3.7479766532188634,0.7370796743226128,3.766320573703141,0.011519302615193027,ppf025_xy054_0
931,220,85.22522522522522,4.506076804017946,0.7722777272035868,4.059100242895307,0.011733615221987317,ppf025_xy054_0
932,231,83.63963963963964,5.272060440423465,0.8155628385767366,4.442644987137589,0.011956053425247738,ppf025_xy054_0
933,242,82.25225225225225,6.058213122176273,0.8626149768191321,4.887608220236569,0.012157721796276014,ppf025_xy054_0
934,253,81.65765765765767,0.5973947496818883,0.9050850021643115,5.34183235707376,0.012246248896734332,ppf025_xy054_0
935,264,81.65765765765767,1.4383591980236963,0.9404691719210035,5.767673212347149,0.012246248896734332,ppf025_xy054_0
936,275,82.25225225225225,2.2865138367816527,0.9682314603245317,6.157731923800602,0.012157721796276014,ppf025_xy054_0
937,286,83.04504504504504,3.1285901774946168,0.9915831430153236,6.52058551302094,0.012041657626383163,ppf025_xy054_0
938,297,84.03603603603604,3.9621667307605657,1.0119443496125378,6.8721624583744445,0.011899656946826757,ppf025_xy054_0
939,308,85.22522522522522,4.785807130432913,1.0309360106861138,7.233461541966723,0.011733615221987317,ppf025_xy054_0
940,319,86.61261261261261,5.599057799769396,1.0500681128868457,7.626594917666186,0.01154566257541086,ppf025_xy054_0
941,330,88.0,0.11713090244393956,1.0717793257727377,8.072499419926007,0.011363636363636364,ppf025_xy054_0
942,341,89.58558558558559,0.9091228555523396,1.0955780123961272,8.586958255525285,0.011162510056315366,ppf025_xy054_0
943,352,91.17117117117117,1.6906344555599149,1.1233310067867972,9.187294259309844,0.010968379446640317,ppf025_xy054_0
944,363,92.55855855855856,2.4583736204598265,1.155925889668927,9.876229284886657,0.010803971189410162,ppf025_xy054_0
945,374,94.14414414414415,3.21874440407237,1.1898690228379123,10.644033373873915,0.01062200956937799,ppf025_xy054_0
946,385,95.53153153153153,3.9660501481337795,1.226183425278618,11.47023253624052,0.01046774801961524,ppf025_xy054_0
947,396,96.72072072072072,4.6997041213736095,1.263828480571562,12.337023716540129,0.010339046199701937,ppf025_xy054_0
948,407,97.71171171171171,5.420719277228643,1.3011014756579502,13.20941424165731,0.010234187718974736,ppf025_xy054_0
949,418,98.50450450450451,6.130726376184697,1.3363971808636648,14.048882878396155,0.01015182001097494,ppf025_xy054_0
950,429,99.29729729729729,0.5504695314077928,1.3681813283963096,14.843603534015593,0.010070767555797496,ppf025_xy054_0
951,440,100.09009009009009,1.246358531012564,1.3955317693012677,15.566290641199926,0.009990999099909992,ppf025_xy054_0
952,451,100.48648648648648,1.9326192329112981,1.4194132288437877,16.167391605772146,0.009951586874663798,ppf025_xy054_0
953,462,101.08108108108108,2.615817569144848,1.4364363858660711,16.655484581677662,0.009893048128342246,ppf025_xy054_0
954,473,101.27927927927928,3.292679953060448,1.4500620115351355,17.00624188690037,0.009873687955879737,ppf025_xy054_0
955,484,101.67567567567568,3.9672416506202253,1.4558109473247594,17.20844500884328,0.009835194045720362,ppf025_xy054_0
956,495,102.07207207207207,4.638307539783831,1.45581584232651,17.275650637375296,0.009796999117387467,ppf025_xy054_0
957,506,102.27027027027027,5.3067505709990375,1.4498509063096512,17.16764372490189,0.009778012684989429,ppf025_xy054_0
958,517,102.46846846846847,5.973385528321797,1.4366640188556588,16.889440960799764,0.009759099701072622,ppf025_xy054_0
959,528,102.86486486486487,0.35315853793429874,1.415629510228026,16.461934681247627,0.009721492380451918,ppf025_xy054_0
960,539,103.06306306306307,1.015335345118502,1.389410156196578,15.888342142349947,0.009702797202797202,ppf025_xy054_0
961,550,103.26126126126127,1.675417745898475,1.3565966033202026,15.175865732899513,0.009684173791659395,ppf025_xy054_0
962,561,103.45945945945947,2.3338679134494584,1.3172256440967085,14.335246285823736,0.009665621734587251,ppf025_xy054_0
963,572,103.85585585585585,2.9867154865930874,1.2712821836608543,13.403848478729245,0.009628730048577377,ppf025_xy054_0
964,583,104.05405405405405,3.640802332504335,1.2212089655998055,12.392347210540736,0.00961038961038961,ppf025_xy054_0
965,594,104.45045045045045,4.287252699799099,1.1648952972061026,11.318756074271933,0.009573917543557013,ppf025_xy054_0
966,605,104.84684684684684,4.930947728342211,1.1044441633298625,10.213098075481744,0.009537721257948101,ppf025_xy054_0
967,616,105.44144144144144,5.564348904859997,1.0404924994831963,9.115990032222603,0.009483937115516063,ppf025_xy054_0
968,627,106.03603603603604,6.192258714399596,0.9745183864461064,8.041705388544253,0.009430756159728122,ppf025_xy054_0
969,638,106.63063063063063,0.5318348691932028,0.9067342458802728,7.000944172691574,0.009378168300101386,ppf025_xy054_0
970,649,107.62162162162163,1.132293203296303,0.836707807650244,6.016747335238705,0.009291813159216473,ppf025_xy054_0
971,0,115.54954954954955,3.265136300500028,0.36272599618643064,1.1128876572093986,0.00865429596132855,ppf025_xy055_0
972,11,114.75675675675676,3.8294508115190866,0.39199219706249805,1.2907995779064365,0.008714083843617522,ppf025_xy055_0
973,22,112.57657657657657,4.362616865976724,0.41916650534656813,1.447927732113199,0.008882842509603073,ppf025_xy055_0
974,33,110.1981981981982,4.91942819384851,0.4566670225230655,1.6822847191536097,0.00907455853499019,ppf025_xy055_0
975,44,109.009009009009,5.517863741888104,0.5062871554138256,2.0454172539503666,0.009173553719008265,ppf025_xy055_0
976,55,108.41441441441441,6.12592963817019,0.5500146990129243,2.400829535579227,0.00922386571381087,ppf025_xy055_0
977,66,107.62162162162163,0.44835016052329973,0.58955192036271,2.738226398473044,0.009291813159216473,ppf025_xy055_0
978,77,106.23423423423424,1.0503973980744954,0.6315092847397292,3.1013421150222507,0.009413161465400272,ppf025_xy055_0
979,88,105.04504504504504,1.6709171669854246,0.6846940589359007,3.604909741148945,0.009519725557461407,ppf025_xy055_0
980,99,104.45045045045045,2.307284457294897,0.742546986320482,4.215837878831786,0.009573917543557013,ppf025_xy055_0
981,110,103.65765765765765,2.937426874443515,0.7941993930607527,4.786148808076197,0.009647140622284027,ppf025_xy055_0
982,121,102.66666666666667,3.571010067210528,0.8447774030230254,5.3633945122749145,0.00974025974025974,ppf025_xy055_0
983,132,101.47747747747748,4.212709689695989,0.9035251334538861,6.0642324987668506,0.009854403409090908,ppf025_xy055_0
984,143,100.88288288288288,4.874318986413385,0.9664357098009476,6.897458984225998,0.009912484372209323,ppf025_xy055_0
985,154,100.68468468468468,5.544485949928132,1.0273790151759379,7.779478781039705,0.009931997136721547,ppf025_xy055_0
986,165,100.28828828828829,6.215189793685361,1.0799519492112313,8.562188582023746,0.009971254042400287,ppf025_xy055_0
987,176,99.89189189189189,0.6066336023227666,1.1288804656398064,9.318625514820804,0.010010822510822512,ppf025_xy055_0
988,187,99.69369369369369,1.2915993017484555,1.1800922201588955,10.163078646192968,0.010030724742454365,ppf025_xy055_0
989,198,99.89189189189189,1.9802147219046318,1.2333009146599148,11.122285795292848,0.010010822510822512,ppf025_xy055_0
990,209,100.48648648648648,2.6688775850996778,1.2769098395322125,11.993717995383701,0.009951586874663798,ppf025_xy055_0
991,220,100.88288288288288,3.351408432682111,1.3116715628803068,12.705547827402448,0.009912484372209323,ppf025_xy055_0
992,231,100.88288288288288,4.028161598030734,1.3368408521104234,13.197832318038728,0.009912484372209323,ppf025_xy055_0
993,242,101.27927927927928,4.711104001109584,1.3612718358331053,13.738395839015137,0.009873687955879737,ppf025_xy055_0
994,253,101.47747747747748,5.383322018341263,1.3890977912117974,14.333789068748539,0.009854403409090908,ppf025_xy055_0
995,264,101.87387387387388,6.05638515789246,1.4045703488198062,14.712128780492195,0.009816059426954368,ppf025_xy055_0
996,275,102.07207207207207,0.4437371343220416,1.4142748959745024,14.94515077674333,0.009796999117387467,ppf025_xy055_0
997,286,102.66666666666667,1.1133602114603147,1.4133697854730796,15.012975376276481,0.00974025974025974,ppf025_xy055_0
998,297,103.06306306306307,1.7775109147201142,1.4161777443364112,15.130883257562438,0.009702797202797202,ppf025_xy055_0
999,308,103.85585585585585,2.4423278300451776,1.408720652962556,15.087123912145188,0.009628730048577377,ppf025_xy055_0
1000,319,104.45045045045045,3.0983111065552587,1.4002515173010976,14.991604827362748,0.009573917543557013,ppf025_xy055_0
1001,330,105.04504504504504,3.746752102187604,1.3833666998722671,14.715530080832451,0.009519725557461407,ppf025_xy055_0
1002,341,105.44144144144144,4.395689604956629,1.3539916821454623,14.150410273278439,0.009483937115516063,ppf025_xy055_0
1003,352,106.23423423423424,5.038436400103123,1.3223243197751733,13.597722292875753,0.009413161465400272,ppf025_xy055_0
1004,363,107.02702702702703,5.673133834061549,1.2910990437945933,13.059852908489518,0.009343434343434343,ppf025_xy055_0
1005,374,107.42342342342343,0.019428092892864457,1.2511399718002463,12.309388871197497,0.009308956725930895,ppf025_xy055_0
1006,385,107.81981981981983,0.6493869949779152,1.1938858676450872,11.249932824662414,0.009274732620320855,ppf025_xy055_0
1007,396,108.8108108108108,1.2664892408801431,1.1398965056168626,10.349719887061246,0.009190263288623945,ppf025_xy055_0
1008,407,109.8018018018018,1.8747405245193915,1.090013818210704,9.549907798990208,0.009107318674105677,ppf025_xy055_0
1009,418,110.5945945945946,2.4737514123245,1.0370984578183844,8.707622294454064,0.009042033235581623,ppf025_xy055_0
1010,429,110.7927927927928,3.0842970931100107,0.9722103872315268,7.6658043060372005,0.009025857863067165,ppf025_xy055_0
1011,440,112.18018018018019,3.6627137794595352,0.8991249432056312,6.638682974411313,0.008914230645679408,ppf025_xy055_0
1012,0,68.57657657657657,0.8848616106578165,0.46983927954729837,1.1867913587695593,0.014582238570677879,ppf025_xy056_0
1013,11,67.58558558558559,1.826637243387352,0.530165267478128,1.4892806849747464,0.0147960543854972,ppf025_xy056_0
1014,22,66.7927927927928,2.8007719161933533,0.5884535830529779,1.8132344301298564,0.014971675209063933,ppf025_xy056_0
1015,33,66.0,3.792790845710356,0.6443248896470768,2.148095980770445,0.015151515151515152,ppf025_xy056_0
1016,44,65.4054054054054,4.808871937178269,0.6951538706368028,2.4778525737437676,0.015289256198347107,ppf025_xy056_0
1017,55,65.00900900900902,5.844503628333622,0.7389151463729883,2.782675820814126,0.015382483370288245,ppf025_xy056_0
1018,66,64.61261261261262,0.6071628127462827,0.7763786445461177,3.0532642656242026,0.015476854433909646,ppf025_xy056_0
1019,77,64.41441441441441,1.6657458927312558,0.806261334110154,3.2827261864396036,0.015524475524475525,ppf025_xy056_0
1020,88,64.21621621621622,2.7292876494694047,0.8294079297539331,3.4632274059691515,0.015572390572390571,ppf025_xy056_0
1021,99,64.21621621621622,3.798143689301972,0.8445051851871367,3.5904533137043377,0.015572390572390571,ppf025_xy056_0
1022,110,64.61261261261262,4.867333566876946,0.8511152576522268,3.6693909461859984,0.015476854433909646,ppf025_xy056_0
1023,121,65.00900900900902,5.9285346149186475,0.852725997034155,3.705889653633979,0.015382483370288245,ppf025_xy056_0
1024,132,65.8018018018018,0.6931495727444926,0.8477544885498243,3.7074722783880634,0.015197152245345017,ppf025_xy056_0
1025,143,66.7927927927928,1.7228027954612688,0.8394558876286641,3.6899908789595393,0.014971675209063933,ppf025_xy056_0
1026,154,105.04504504504504,4.896189638082027,0.6805877659775846,3.8145541003595596,0.009519725557461407,ppf025_xy056_0
1027,165,104.64864864864865,5.543019873795255,0.7294392348006501,4.365276867218363,0.009555785123966943,ppf025_xy056_0
1028,176,104.05405405405405,6.1841449618461946,0.77267779571624,4.870300976360569,0.00961038961038961,ppf025_xy056_0
1029,187,103.06306306306307,0.5377436014713288,0.8174082003201698,5.398597597861555,0.009702797202797202,ppf025_xy056_0
1030,198,102.07207207207207,1.1859932759458094,0.8707338080591225,6.067051428145086,0.009796999117387467,ppf025_xy056_0
1031,209,101.27927927927928,1.8399126117543463,0.9369616473341355,6.970503692415419,0.009873687955879737,ppf025_xy056_0
1032,220,100.88288288288288,2.5035421426921776,0.9962218297899945,7.8492746093677495,0.009912484372209323,ppf025_xy056_0
1033,231,100.48648648648648,3.1781203341545385,1.0493503014031509,8.674582373939518,0.009951586874663798,ppf025_xy056_0
1034,242,99.49549549549549,3.833764947013604,1.0989803229083104,9.420700196843656,0.010050706265845708,ppf025_xy056_0
1035,253,98.90090090090091,4.508489429291512,1.140984102458992,10.093908538590972,0.010111131353616323,ppf025_xy056_0
1036,264,98.90090090090091,5.200089377204737,1.187274337166596,10.929551476445864,0.010111131353616323,ppf025_xy056_0
1037,275,98.70270270270271,5.8864799446386264,1.2284635050593393,11.677597279285523,0.01013143483023001,ppf025_xy056_0
1038,286,98.30630630630631,0.28348381255294447,1.2610029850818858,12.2550062959275,0.010172287390029325,ppf025_xy056_0
1039,297,98.50450450450451,0.9766462126009507,1.28107325540323,12.673715415363421,0.01015182001097494,ppf025_xy056_0
1040,308,98.90090090090091,1.6718581429481458,1.2952996615175665,13.008903215733623,0.010111131353616323,ppf025_xy056_0
1041,319,99.0990990990991,2.358230787778397,1.312329753904629,13.379983821078678,0.01009090909090909,ppf025_xy056_0
1042,330,99.29729729729729,3.0425574168242364,1.3160237255194873,13.482325145624294,0.010070767555797496,ppf025_xy056_0
1043,341,99.89189189189189,3.730677880391896,1.3135811163278344,13.512756859918403,0.010010822510822512,ppf025_xy056_0
1044,352,100.48648648648648,4.408575100004196,1.3022372517516576,13.359426700509237,0.009951586874663798,ppf025_xy056_0
1045,363,100.68468468468468,5.086282245871594,1.2795291441485694,12.92301087923494,0.009931997136721547,ppf025_xy056_0
1046,374,101.27927927927928,5.758386133900638,1.2484985498918606,12.376464987645383,0.009873687955879737,ppf025_xy056_0
1047,385,102.07207207207207,0.13812199700790467,1.2139304746988773,11.792190602373033,0.009796999117387467,ppf025_xy056_0
1048,396,102.27027027027027,0.8016605342172709,1.170598232030251,10.986644251753079,0.009778012684989429,ppf025_xy056_0
1049,407,102.86486486486487,1.457878137314641,1.111569104187033,9.964142389887106,0.009721492380451918,ppf025_xy056_0
1050,418,103.85585585585585,2.101681086083199,1.0543006138569406,9.050234632109008,0.009628730048577377,ppf025_xy056_0
1051,429,104.84684684684684,2.731545281264882,0.9989712988389278,8.202784962273613,0.009537721257948101,ppf025_xy056_0
1052,440,105.24324324324324,3.367819961867788,0.9381916394636092,7.262351598693365,0.009501797637390858,ppf025_xy056_0
1053,0,64.61261261261262,4.184323575947527,0.5511374667540995,1.4373231503390356,0.015476854433909646,ppf025_xy057_0
1054,11,64.21621621621622,5.225956378263424,0.6271324956649154,1.8496117219876012,0.015572390572390571,ppf025_xy057_0
1055,22,64.01801801801801,0.002627585518845791,0.6994986327921494,2.293998932300321,0.01562060230790881,ppf025_xy057_0
1056,33,64.21621621621622,1.0819323410113912,0.7639791296910807,2.744890023907657,0.015572390572390571,ppf025_xy057_0
1057,44,64.61261261261262,2.160367840451576,0.8192659338033083,3.17602814653641,0.015476854433909646,ppf025_xy057_0
1058,55,65.2072072072072,3.2316374183642513,0.864012992589947,3.5649495936338074,0.015335728101685549,ppf025_xy057_0
1059,66,66.1981981981982,4.293840856448193,0.8965858526822859,3.897150516964263,0.015106151333696244,ppf025_xy057_0
1060,77,67.1891891891892,5.333481506054887,0.9203040459228427,4.167535519634333,0.01488334674175382,ppf025_xy057_0
1061,88,68.57657657657657,0.07026576193486059,0.9341461130392067,4.382507520661019,0.014582238570677879,ppf025_xy057_0
1062,99,70.16216216216216,1.0651233770030453,0.9418554707876465,4.558151340826331,0.014252696456086287,ppf025_xy057_0
1063,110,71.94594594594594,2.0345447131909196,0.9462851919099915,4.718105656970329,0.013899323816679191,ppf025_xy057_0
1064,121,73.72972972972974,2.9789040515262686,0.9516878154539016,4.890450946616496,0.013563049853372432,ppf025_xy057_0
1065,132,75.90990990990991,3.901417274627911,0.9582310253441819,5.104534924616513,0.013173510562544505,ppf025_xy057_0
1066,143,78.28828828828829,4.804664828237578,0.9694518794104471,5.38848351560298,0.012773302646720368,ppf025_xy057_0
1067,154,80.86486486486487,5.6922776652018845,0.9868338293750836,5.767202094471157,0.012366310160427807,ppf025_xy057_0
1068,165,83.63963963963964,0.28413286875636107,1.0104977297756912,6.254607833028234,0.011956053425247738,ppf025_xy057_0
1069,176,86.21621621621621,1.1396212565731563,1.041481559616409,6.848719441292026,0.011598746081504702,ppf025_xy057_0
1070,187,88.7927927927928,1.978039455084969,1.07733909397788,7.547442314264773,0.011262175324675324,ppf025_xy057_0
1071,198,90.77477477477477,2.7850821869405595,1.1178546531599944,8.307170133207844,0.011016276300119095,ppf025_xy057_0
1072,209,92.55855855855856,3.5706052208973604,1.1590417127672772,9.106090493174683,0.010803971189410162,ppf025_xy057_0
1073,220,93.94594594594595,4.3323199625446165,1.200318994723073,9.91262434765722,0.010644418872266973,ppf025_xy057_0
1074,231,95.13513513513513,5.077356606886305,1.2389099455377468,10.693938081203589,0.010511363636363636,ppf025_xy057_0
1075,242,96.12612612612612,5.809540574153972,1.2743623557712358,11.432588077243146,0.010402999062792878,ppf025_xy057_0
1076,253,96.91891891891892,0.24777398384409755,1.3071386664228768,12.127439916528699,0.010317902955939765,ppf025_xy057_0
1077,264,97.71171171171171,0.9624822163498346,1.3367060175007919,12.786028693045598,0.010234187718974736,ppf025_xy057_0
1078,275,98.50450450450451,1.6702658505260408,1.363887887352665,13.419325360059537,0.01015182001097494,ppf025_xy057_0
1079,286,99.0990990990991,2.3713857038983854,1.387081153547242,13.963384446758665,0.01009090909090909,ppf025_xy057_0
1080,297,99.49549549549549,3.0641552234518157,1.410193097727426,14.490315302673535,0.010050706265845708,ppf025_xy057_0
1081,308,100.09009009009009,3.75499914681301,1.4268835935438622,14.924006039140451,0.009990999099909992,ppf025_xy057_0
1082,319,100.68468468468468,4.442809850367909,1.4415549562620054,15.322974140129556,0.009931997136721547,ppf025_xy057_0
1083,330,101.08108108108108,5.124858024270901,1.4562902671162146,15.699398711733044,0.009893048128342246,ppf025_xy057_0
1084,341,101.47747747747748,5.802718986459123,1.4660934171188718,15.973871908729679,0.009854403409090908,ppf025_xy057_0
1085,352,101.87387387387388,0.19546903259763496,1.4717964009645221,16.1612720623081,0.009816059426954368,ppf025_xy057_0
1086,363,102.46846846846847,0.8681615812861605,1.4746590759412017,16.318895012242766,0.009759099701072622,ppf025_xy057_0
1087,374,102.86486486486487,1.5361162039904814,1.474071734305952,16.368977213122008,0.009721492380451918,ppf025_xy057_0
1088,385,103.26126126126127,2.2017217225286494,1.4672814109711112,16.2810160120778,0.009684173791659395,ppf025_xy057_0
1089,396,103.65765765765765,2.864867799940439,1.4575198035509283,16.126776480704486,0.009647140622284027,ppf025_xy057_0
1090,407,104.05405405405405,3.523425518639854,1.4440001835229535,15.88951895471732,0.00961038961038961,ppf025_xy057_0
1091,418,104.25225225225225,4.179834302073918,1.42454443178089,15.493683935848424,0.009592118907708261,ppf025_xy057_0
1092,429,104.64864864864865,4.833322836878365,1.3975307330975026,14.968338852734592,0.009555785123966943,ppf025_xy057_0
1093,440,105.04504504504504,5.484269867676112,1.3681135551579178,14.399158441044301,0.009519725557461407,ppf025_xy057_0
1094,451,105.44144144144144,6.1295093150997095,1.3343957003156302,13.749846482144,0.009483937115516063,ppf025_xy057_0
1095,462,105.63963963963964,0.4913785502124168,1.2953310675044623,12.980927427163563,0.009466143612485076,ppf025_xy057_0
1096,473,105.83783783783784,1.1356792830376783,1.249253096977083,12.096481781780989,0.009448416751787538,ppf025_xy057_0
1097,484,106.43243243243244,1.7703032223869404,1.1981311225326925,11.18922311528499,0.009395632300660234,ppf025_xy057_0
1098,495,106.82882882882883,2.4036573855832977,1.1464402091441737,10.282732398151408,0.009360769101028841,ppf025_xy057_0
1099,506,107.22522522522523,3.0319092068363327,1.0898547529866944,9.327203652182266,0.009326163669971433,ppf025_xy057_0
1100,517,107.62162162162163,3.657648238944307,1.0270942099108253,8.314523031281885,0.009291813159216473,ppf025_xy057_0
1101,528,108.41441441441441,4.26973937444914,0.9603979567638034,7.323298396430985,0.00922386571381087,ppf025_xy057_0
1102,539,109.4054054054054,4.866138271621747,0.8964876307835423,6.439388541675618,0.009140316205533598,ppf025_xy057_0
1103,550,110.3963963963964,5.452597137619719,0.8329701578364581,5.60958882751887,0.009058266688428268,ppf025_xy057_0
1104,22,72.93693693693695,0.15101145367365007,0.44247344332218624,1.1179039062167095,0.013710474308300394,ppf025_xy060_0
1105,33,71.94594594594594,1.025007925860026,0.5144854516271152,1.490853801261257,0.013899323816679191,ppf025_xy060_0
1106,44,71.54954954954955,1.9585064981701732,0.5867075033455623,1.9281140604430296,0.013976328380760513,ppf025_xy060_0
1107,55,71.15315315315316,2.898472700613174,0.6587536427027382,2.4172565349931623,0.014054190934413775,ppf025_xy060_0
1108,66,71.15315315315316,3.864798667750111,0.7270273998388875,2.9442741148944904,0.014054190934413775,ppf025_xy060_0
1109,77,71.35135135135135,4.837394034381415,0.7902601068349329,3.4883885587266525,0.014015151515151515,ppf025_xy060_0
1110,88,71.74774774774775,5.811582591414325,0.846450647430674,4.024334654591951,0.013937719738824711,ppf025_xy060_0
1111,99,72.14414414414415,0.49451406989325214,0.8960107791981515,4.5342982940512755,0.01386113886113886,ppf025_xy060_0
1112,110,72.54054054054055,1.4524078954433572,0.9388818854869788,5.005935393628535,0.013785394932935915,ppf025_xy060_0
1113,121,73.13513513513513,2.4052681570999184,0.9738015831421231,5.429371434141731,0.013673318551367332,ppf025_xy060_0
1114,132,73.92792792792793,3.3499846513934983,1.0009033791750728,5.797962174600486,0.013526687789422374,ppf025_xy060_0
1115,143,74.72072072072072,4.282238323146522,1.0216066902044472,6.105075537842648,0.013383168555582348,ppf025_xy060_0
1116,154,75.51351351351352,5.202513096754982,1.0379044201234937,6.368276824235264,0.013242662848962061,ppf025_xy060_0
1117,165,76.5045045045045,6.111248028481118,1.0499173460973275,6.602064478005344,0.013071125765426284,ppf025_xy060_0
1118,176,77.69369369369369,0.7235305588076574,1.0587066389604813,6.817412536716889,0.012871057513914657,ppf025_xy060_0
1119,187,78.88288288288288,1.6043070329530935,1.0663251407772067,7.0217377363571245,0.01267702147099132,ppf025_xy060_0
1120,198,80.07207207207207,2.470700480515629,1.073408271814576,7.2225985346631445,0.012488748874887488,ppf025_xy060_0
1121,209,81.65765765765767,3.324027972893379,1.0789755174031213,7.442222188081598,0.012246248896734332,ppf025_xy060_0
1122,220,83.04504504504504,4.161917428450325,1.0892237891376118,7.7131272053785045,0.012041657626383163,ppf025_xy060_0
1123,231,84.82882882882883,4.986630137119588,1.1010477377614798,8.050786354881996,0.011788445199660153,ppf025_xy060_0
1124,242,86.8108108108108,5.7979854262189034,1.1163048004862506,8.468801043696493,0.011519302615193027,ppf025_xy060_0
1125,253,88.7927927927928,0.315890519278424,1.1373131303936197,8.991255836957684,0.011262175324675324,ppf025_xy060_0
1126,264,90.57657657657657,1.1024412418682707,1.1623703265110807,9.580484314472878,0.0110403819375373,ppf025_xy060_0
1127,275,92.16216216216216,1.8734641991107286,1.1943524733938813,10.292010352648097,0.010850439882697948,ppf025_xy060_0
1128,286,93.54954954954955,2.6307906093878124,1.226646117850358,11.019523387786364,0.010689522342064715,ppf025_xy060_0
1129,297,94.93693693693693,3.3765543057060103,1.2599787756183518,11.798972999886653,0.010533308028088823,ppf025_xy060_0
1130,308,96.12612612612612,4.105991727144046,1.2912917535124107,12.54794853003276,0.010402999062792878,ppf025_xy060_0
1131,319,96.91891891891892,4.821210262626347,1.317700456993861,13.174207126348103,0.010317902955939765,ppf025_xy060_0
1132,330,97.90990990990991,5.5328122998027585,1.3394281748772994,13.751435750000363,0.01021347073978653,ppf025_xy060_0
1133,341,98.70270270270271,6.231831783288034,1.3590695485902347,14.27233205222867,0.01013143483023001,ppf025_xy060_0
1134,352,99.0990990990991,0.6378682211503346,1.369725230168977,14.55523260604252,0.01009090909090909,ppf025_xy060_0
1135,363,99.89189189189189,1.3245676639034643,1.3677406229294702,14.62918942476795,0.010010822510822512,ppf025_xy060_0
1136,374,100.48648648648648,2.005455555149142,1.3624181500194292,14.601956003001515,0.009951586874663798,ppf025_xy060_0
1137,385,101.08108108108108,2.677970662233846,1.349255090347331,14.405904833330352,0.009893048128342246,ppf025_xy060_0
1138,396,101.47747747747748,3.3475672926003237,1.3248315901184777,13.943556032394088,0.009854403409090908,ppf025_xy060_0
1139,407,102.27027027027027,4.011514255895677,1.2904256545688713,13.33208008171606,0.009778012684989429,ppf025_xy060_0
1140,418,102.86486486486487,4.669136800962548,1.2533680581198885,12.650475153073335,0.009721492380451918,ppf025_xy060_0
1141,429,103.26126126126127,5.323016662128771,1.2075900267226396,11.78851209610167,0.009684173791659395,ppf025_xy060_0
1142,440,103.85585585585585,5.970299618869497,1.1505658167926094,10.763077216315573,0.009628730048577377,ppf025_xy060_0
1143,451,104.64864864864865,0.32600140112539316,1.090839598761705,9.748503397876414,0.009555785123966943,ppf025_xy060_0
1144,462,105.63963963963964,0.9484235516844679,1.0296928089626698,8.768489848891988,0.009466143612485076,ppf025_xy060_0
1145,473,106.23423423423424,1.5733360796636844,0.9636185773109083,7.722489966629493,0.009413161465400272,ppf025_xy060_0
1146,484,106.82882882882883,2.19756744913319,0.8891792680833577,6.612255957771239,0.009360769101028841,ppf025_xy060_0
1147,0,57.873873873873876,2.814283624888966,0.5212468488999383,1.2093231283474046,0.01727895392278954,ppf025_xy061_0
1148,11,57.67567567567568,3.988572604100171,0.5820212192632135,1.5025995280389894,0.01733833177132146,ppf025_xy061_0
1149,22,57.873873873873876,5.18186475975238,0.632808179745733,1.7823772993645504,0.01727895392278954,ppf025_xy061_0
1150,33,58.270270270270274,0.08800327896490669,0.6719448098631662,2.0234252271224036,0.017161410018552873,ppf025_xy061_0
1151,44,59.26126126126126,1.2708570310308283,0.696642167167938,2.211888992918278,0.01687442991790818,ppf025_xy061_0
1152,55,60.648648648648646,2.426350501607043,0.7094250623932463,2.347508118622304,0.01648841354723708,ppf025_xy061_0
1153,66,62.234234234234236,3.545767303177041,0.7143620041044998,2.442524700889172,0.016068326577880716,ppf025_xy061_0
1154,77,64.41441441441441,4.62799901669054,0.7132937352840775,2.5205354081227123,0.015524475524475525,ppf025_xy061_0
1155,88,106.82882882882883,1.9106088788606104,0.5778020036212101,2.7429600004177117,0.009360769101028841,ppf025_xy061_0
1156,99,105.04504504504504,2.5002619291332655,0.6391082994269646,3.299874373277249,0.009519725557461407,ppf025_xy061_0
1157,110,104.05405405405405,3.1134439589145613,0.699573320493058,3.916502451636804,0.00961038961038961,ppf025_xy061_0
1158,121,102.46846846846847,3.711326069398926,0.7554544107793396,4.4975881894118,0.009759099701072622,ppf025_xy061_0
1159,132,100.09009009009009,4.299888440223246,0.8189629534153573,5.162885735343146,0.009990999099909992,ppf025_xy061_0
1160,143,98.10810810810811,4.917883300531811,0.8957440876215909,6.054046073902626,0.010192837465564738,ppf025_xy061_0
1161,154,97.51351351351352,5.591210834500803,0.969827177382593,7.053853333017411,0.010254988913525498,ppf025_xy061_0
1162,165,96.72072072072072,6.268095228257763,1.0326242814062918,7.931897807158619,0.010339046199701937,ppf025_xy061_0
1163,176,96.12612612612612,0.6776042790925498,1.0907701922010513,8.795912158881915,0.010402999062792878,ppf025_xy061_0
1164,187,95.72972972972973,1.38393070065502,1.1518248343043183,9.767707123060983,0.010446075663466968,ppf025_xy061_0
1165,198,96.12612612612612,2.1041432194215757,1.208214365463089,10.792010299494407,0.010402999062792878,ppf025_xy061_0
1166,209,96.32432432432432,2.816978571245741,1.2527537253427843,11.626267132245749,0.010381593714927048,ppf025_xy061_0
1167,220,95.92792792792793,3.5152339796561574,1.2863281378994171,12.207353568377341,0.010424492862509393,ppf025_xy061_0
1168,231,96.32432432432432,4.233609462859331,1.3197078421764252,12.902221293240853,0.010381593714927048,ppf025_xy061_0
1169,242,96.32432432432432,4.942711984528395,1.3488041668330142,13.477417730109625,0.010381593714927048,ppf025_xy061_0
1170,253,96.32432432432432,5.644592741613739,1.3707746839391526,13.920057901624178,0.010381593714927048,ppf025_xy061_0
1171,264,96.72072072072072,0.07526150057260424,1.3804317648561166,14.17497601538426,0.010339046199701937,ppf025_xy061_0
1172,275,96.91891891891892,0.78363351981502,1.3860338045807847,14.31954196819597,0.010317902955939765,ppf025_xy061_0
1173,286,97.11711711711712,1.4880936502131672,1.3855060296537458,14.337899854027182,0.010296846011131726,ppf025_xy061_0
1174,297,97.51351351351352,2.196452275563232,1.3691227888334392,14.057967133863606,0.010254988913525498,ppf025_xy061_0
1175,308,97.90990990990991,2.8961970042361007,1.3526454287753524,13.77740768014299,0.01021347073978653,ppf025_xy061_0
1176,319,97.90990990990991,3.5943780216413543,1.3300625253302707,13.321210343107245,0.01021347073978653,ppf025_xy061_0
1177,330,97.90990990990991,4.293765745990077,1.2920123886029102,12.569931967623697,0.01021347073978653,ppf025_xy061_0
1178,341,98.30630630630631,4.989815593050333,1.2523978573710202,11.858750467068118,0.010172287390029325,ppf025_xy061_0
1179,352,98.70270270270271,5.680508417484242,1.2129694555854664,11.168676059798049,0.01013143483023001,ppf025_xy061_0
1180,363,98.70270270270271,0.08748462848925004,1.167080333077164,10.339593536502518,0.01013143483023001,ppf025_xy061_0
1181,374,98.50450450450451,0.7834241414692573,1.1051746804063363,9.253176886654243,0.01015182001097494,ppf025_xy061_0
1182,385,99.0990990990991,1.4657816096821799,1.040655434685212,8.25384938885319,0.01009090909090909,ppf025_xy061_0
1183,396,100.09009009009009,2.128874015728451,0.9809244127910777,7.406876216703788,0.009990999099909992,ppf025_xy061_0
1184,407,100.48648648648648,2.7962057254208323,0.9211561168914758,6.557632317162564,0.009951586874663798,ppf025_xy061_0
1185,418,100.48648648648648,3.4743872253332353,0.8515355620375488,5.603845604524568,0.009951586874663798,ppf025_xy061_0
1186,0,63.81981981981982,3.1090990172715407,0.48580967338212916,1.0597375896841792,0.015669113495200452,ppf025_xy062_0
1187,11,63.027027027027025,4.140570597292151,0.5457045641627645,1.3205426842952932,0.015866209262435677,ppf025_xy062_0
1188,22,62.630630630630634,5.210383249319985,0.6008357386358825,1.59077496816632,0.015966628308400458,ppf025_xy062_0
1189,33,62.234234234234236,0.006809612077276289,0.6508570893951093,1.8548597567944871,0.016068326577880716,ppf025_xy062_0
1190,44,62.03603603603604,1.101867450213942,0.6932299226163045,2.0975343879292194,0.016119663084519315,ppf025_xy062_0
1191,55,61.83783783783784,2.2016911614605017,0.7279184114314315,2.3053143508702783,0.016171328671328672,ppf025_xy062_0
1192,66,62.03603603603604,3.3114474166854655,0.751955058525059,2.4679608118547285,0.016119663084519315,ppf025_xy062_0
1193,77,112.97297297297297,2.583762686987629,0.5900394584235641,2.7672418587218073,0.008851674641148326,ppf025_xy062_0
1194,88,112.18018018018019,3.1767921555041445,0.6371351895343047,3.203979782146969,0.008914230645679408,ppf025_xy062_0
1195,99,111.58558558558559,3.772933548509212,0.6856217015864235,3.690520799964387,0.008961730986597772,ppf025_xy062_0
1196,110,110.990990990991,4.370172052578557,0.7318082125726616,4.182083851479335,0.00900974025974026,ppf025_xy062_0
1197,121,110.3963963963964,4.973955708846232,0.7770734681980589,4.690179979111568,0.009058266688428268,ppf025_xy062_0
1198,132,109.6036036036036,5.577890824665943,0.8255818817344921,5.256002816750349,0.009123787604800263,ppf025_xy062_0
1199,143,108.8108108108108,6.185704192511431,0.8788158255015726,5.912596388107218,0.009190263288623945,ppf025_xy062_0
1200,154,108.21621621621621,0.5181206986207035,0.9304105360046722,6.591010954472957,0.009240759240759242,ppf025_xy062_0
1201,165,107.22522522522523,1.1280017483337148,0.9812701835277684,7.264146962837542,0.009326163669971433,ppf025_xy062_0
1202,176,106.23423423423424,1.7468167776912256,1.0337521112464645,7.987442781114075,0.009413161465400272,ppf025_xy062_0
1203,187,105.44144144144144,2.3769896563223476,1.089394746382152,8.8042494060945,0.009483937115516063,ppf025_xy062_0
1204,198,104.84684684684684,3.014544120972295,1.142929791080579,9.636180565055886,0.009537721257948101,ppf025_xy062_0
1205,209,104.25225225225225,3.6568772672660814,1.192107618046364,10.423818050171008,0.009592118907708261,ppf025_xy062_0
1206,220,103.65765765765765,4.304656490762076,1.238719522741337,11.190714209965032,0.009647140622284027,ppf025_xy062_0
1207,231,103.06306306306307,4.958616864437692,1.2848097174359001,11.969916483768912,0.009702797202797202,ppf025_xy062_0
1208,242,102.86486486486487,5.621856587887109,1.3300834523937983,12.803694111225523,0.009721492380451918,ppf025_xy062_0
1209,253,102.86486486486487,0.004582823107328745,1.3672150720809653,13.52854790721472,0.009721492380451918,ppf025_xy062_0
1210,264,102.66666666666667,0.6694416503835628,1.399152468605677,14.140670322247866,0.00974025974025974,ppf025_xy062_0
1211,275,102.66666666666667,1.339361052052606,1.4231378295469432,14.62964666976758,0.00974025974025974,ppf025_xy062_0
1212,286,102.46846846846847,2.0057011099153046,1.4466785860732698,15.088455990236529,0.009759099701072622,ppf025_xy062_0
1213,297,102.46846846846847,2.6731977744075865,1.462531840419597,15.420957986628718,0.009759099701072622,ppf025_xy062_0
1214,308,102.27027027027027,3.341960808095459,1.4753476072413445,15.66204856431847,0.009778012684989429,ppf025_xy062_0
1215,319,102.46846846846847,4.01324878527499,1.4837117894064331,15.870835473801941,0.009759099701072622,ppf025_xy062_0
1216,330,102.46846846846847,4.682996825121149,1.4893950238945743,15.992652160191739,0.009759099701072622,ppf025_xy062_0
1217,341,102.27027027027027,5.351261039218995,1.4912441240962995,16.00137649581414,0.009778012684989429,ppf025_xy062_0
1218,352,102.27027027027027,6.022128029141249,1.4868362296871345,15.906920953249264,0.009778012684989429,ppf025_xy062_0
1219,363,102.46846846846847,0.4099545154806229,1.4801797922535038,15.795363909371025,0.009759099701072622,ppf025_xy062_0
1220,374,102.46846846846847,1.0806920641043183,1.468545465772162,15.548034220580442,0.009759099701072622,ppf025_xy062_0
1221,385,102.46846846846847,1.752504609478145,1.4517745164914617,15.194941487075688,0.009759099701072622,ppf025_xy062_0
1222,396,102.46846846846847,2.4233539356801574,1.4321347821437533,14.786605270189524,0.009759099701072622,ppf025_xy062_0
1223,407,102.46846846846847,3.093225374261723,1.4078451770018203,14.289284698006771,0.009759099701072622,ppf025_xy062_0
1224,418,102.46846846846847,3.7632444023141014,1.374559601886444,13.621591318265573,0.009759099701072622,ppf025_xy062_0
1225,429,102.46846846846847,4.43513243276589,1.340273850522071,12.950537181813692,0.009759099701072622,ppf025_xy062_0
1226,440,102.66666666666667,5.102031358245407,1.3043036066966962,12.288455510045772,0.00974025974025974,ppf025_xy062_0
1227,451,102.66666666666667,5.769848158437446,1.265323166070822,11.56492524282753,0.00974025974025974,ppf025_xy062_0
1228,462,102.66666666666667,0.15339446362093495,1.2194271139030457,10.741170382979766,0.00974025974025974,ppf025_xy062_0
1229,473,102.86486486486487,0.8169512315820109,1.1668085019941972,9.85318595433577,0.009721492380451918,ppf025_xy062_0
1230,484,103.26126126126127,1.4745911858898064,1.1127454356174793,8.995794330300448,0.009684173791659395,ppf025_xy062_0
1231,495,103.45945945945947,2.1324083543327363,1.0584885680966132,8.155545183176192,0.009665621734587251,ppf025_xy062_0
1232,506,103.65765765765765,2.7855744106398097,0.9984350627269174,7.270285877259989,0.009647140622284027,ppf025_xy062_0
1233,517,104.05405405405405,3.4317407024772635,0.9329962980509301,6.372785425349788,0.00961038961038961,ppf025_xy062_0
1234,528,104.84684684684684,4.061471950279784,0.8671204857056037,5.546572785504351,0.009537721257948101,ppf025_xy062_0
1235,0,66.5945945945946,2.216593510626011,0.5162779959888933,1.3338569586051157,0.015016233766233766,ppf025_xy063_0
1236,11,66.0,3.215754035057701,0.5791672430738031,1.6636231887610675,0.015151515151515152,ppf025_xy063_0
1237,22,65.6036036036036,4.237521497080464,0.6384388559347861,2.0094137297119152,0.01524306509200769,ppf025_xy063_0
1238,33,65.4054054054054,5.275148176809984,0.6917012357188588,2.351547702919029,0.015289256198347107,ppf025_xy063_0
1239,44,65.4054054054054,0.039007395839859196,0.7370548979779636,2.670031365887445,0.015289256198347107,ppf025_xy063_0
1240,55,65.6036036036036,1.089393032290963,0.7733034301925389,2.9480213009457485,0.01524306509200769,ppf025_xy063_0
1241,66,66.0,2.1373533854951328,0.8001321583054951,3.175195240403742,0.015151515151515152,ppf025_xy063_0
1242,77,66.5945945945946,3.1775188114379533,0.817966993396187,3.3482169168232985,0.015016233766233766,ppf025_xy063_0
1243,88,67.38738738738738,4.20522837114115,0.8280016949933396,3.4717154238608816,0.01483957219251337,ppf025_xy063_0
1244,99,68.57657657657657,5.216797435614626,0.8309823416827572,3.558462875442455,0.014582238570677879,ppf025_xy063_0
1245,110,69.76576576576576,6.20874756714105,0.8318037306294469,3.6273306147110054,0.014333677685950414,ppf025_xy063_0
1246,121,71.15315315315316,0.8972069276164187,0.831861148077563,3.69997577864921,0.014054190934413775,ppf025_xy063_0
1247,132,72.93693693693695,1.8478532131592895,0.8323747439439821,3.7974175875588707,0.013710474308300394,ppf025_xy063_0
1248,143,74.91891891891892,2.778885356102032,0.8368018205537346,3.9422102499510037,0.013347763347763348,ppf025_xy063_0
1249,154,77.29729729729729,3.6931913585766476,0.8464660160590559,4.161849877524603,0.012937062937062939,ppf025_xy063_0
1250,165,105.83783783783784,5.871457003340397,0.7625699444546467,4.6249109562479225,0.009448416751787538,ppf025_xy063_0
1251,176,104.25225225225225,0.17250723138868826,0.8302831595970352,5.400586830290507,0.009592118907708261,ppf025_xy063_0
1252,187,102.07207207207207,0.7424938263084089,0.9011248139391376,6.228448487519984,0.009796999117387467,ppf025_xy063_0
1253,198,100.09009009009009,1.3399724618809798,0.9748003449880097,7.1470278880363685,0.009990999099909992,ppf025_xy063_0
1254,209,99.0990990990991,1.992311113003695,1.0468294495273114,8.16064748482925,0.01009090909090909,ppf025_xy063_0
1255,220,99.0990990990991,2.6824761151541505,1.1131378411224395,9.22721517323732,0.01009090909090909,ppf025_xy063_0
1256,231,99.0990990990991,3.373324290769733,1.1715122284714008,10.220365021384305,0.01009090909090909,ppf025_xy063_0
1257,242,99.29729729729729,4.0684069875178945,1.2232036009057137,11.164466575801999,0.010070767555797496,ppf025_xy063_0
1258,253,99.49549549549549,4.7633154076737725,1.2714554031978123,12.086727497767578,0.010050706265845708,ppf025_xy063_0
1259,264,99.69369369369369,5.455545232853993,1.3163348631341512,12.980861097072518,0.010030724742454365,ppf025_xy063_0
1260,275,99.69369369369369,6.140679461766664,1.3527621787682484,13.709248234583649,0.010030724742454365,ppf025_xy063_0
1261,286,100.09009009009009,0.5491374208367019,1.3832919425031684,14.3920222843439,0.009990999099909992,ppf025_xy063_0
1262,297,100.28828828828829,1.2348972322013434,1.4132939161352922,15.052833084155823,0.009971254042400287,ppf025_xy063_0
1263,308,100.28828828828829,1.9170375071632622,1.4373979508494614,15.570670334376185,0.009971254042400287,ppf025_xy063_0
1264,319,100.48648648648648,2.599318183051111,1.4531031588658534,15.944231935743117,0.009951586874663798,ppf025_xy063_0
1265,330,100.68468468468468,3.282441409659949,1.4667957020153164,16.278175256497473,0.009931997136721547,ppf025_xy063_0
1266,341,100.88288288288288,3.962558131922252,1.475492886948967,16.50421121425506,0.009912484372209323,ppf025_xy063_0
1267,352,101.08108108108108,4.640021327385531,1.4773332116156883,16.57791271687291,0.009893048128342246,ppf025_xy063_0
1268,363,101.08108108108108,5.319541710291412,1.473504222547978,16.49208998455771,0.009893048128342246,ppf025_xy063_0
1269,374,101.27927927927928,5.997089231106028,1.464049570143396,16.31305172244904,0.009873687955879737,ppf025_xy063_0
1270,385,101.27927927927928,0.39052179254922903,1.4477425562124593,15.951676426876567,0.009873687955879737,ppf025_xy063_0
1271,396,101.47747747747748,1.0663339665493317,1.4235718491353773,15.453665011454662,0.009854403409090908,ppf025_xy063_0
1272,407,101.47747747747748,1.743923945424827,1.3976402500040537,14.895788921652384,0.009854403409090908,ppf025_xy063_0
1273,418,101.67567567567568,2.416633680565127,1.366149367540176,14.259900201967133,0.009835194045720362,ppf025_xy063_0
1274,429,101.47747747747748,3.0936080177996463,1.3297759809326706,13.484339540153707,0.009854403409090908,ppf025_xy063_0
1275,440,101.47747747747748,3.769121626114072,1.2842297512945433,12.576452789434901,0.009854403409090908,ppf025_xy063_0
1276,451,101.67567567567568,4.442091537658907,1.2345698692540061,11.645320944359257,0.009835194045720362,ppf025_xy063_0
1277,462,101.67567567567568,5.116636506437175,1.1842425839377257,10.715229143024349,0.009835194045720362,ppf025_xy063_0
1278,473,101.67567567567568,5.789839186192798,1.1283820034365564,9.728198357507436,0.009835194045720362,ppf025_xy063_0
1279,484,101.67567567567568,0.18044245246114127,1.0657412800486987,8.67808083376578,0.009835194045720362,ppf025_xy063_0
1280,495,101.87387387387388,0.8501004444819739,0.9994591600076338,7.647086002171604,0.009816059426954368,ppf025_xy063_0
1281,506,102.27027027027027,1.5100834295772185,0.9336291059329312,6.698864860235468,0.009778012684989429,ppf025_xy063_0
1282,517,102.46846846846847,2.1705026411114754,0.8669025638337564,5.786738643604807,0.009759099701072622,ppf025_xy063_0
1283,22,73.33333333333334,5.1038455916983265,0.43472863151063557,1.0796203394787964,0.013636363636363634,ppf025_xy064_0
1284,33,72.14414414414415,5.958478648310576,0.5033609448911457,1.4239451532242422,0.01386113886113886,ppf025_xy064_0
1285,44,71.15315315315316,0.5657102592146539,0.574357322600874,1.8284859136327907,0.014054190934413775,ppf025_xy064_0
1286,55,70.55855855855856,1.498630575203024,0.6443872036693746,2.2823206450756413,0.014172625127681308,ppf025_xy064_0
1287,66,69.96396396396396,2.4424799710022547,0.7125478507728904,2.7671685940418085,0.014293072366726759,ppf025_xy064_0
1288,77,69.76576576576576,3.414299288383991,0.7744989863885283,3.2599971214757493,0.014333677685950414,ppf025_xy064_0
1289,88,69.36936936936937,4.38274639832276,0.8314198323230833,3.735439006961403,0.014415584415584416,ppf025_xy064_0
1290,99,69.36936936936937,5.369324877527769,0.8784011896803909,4.169526329377529,0.014415584415584416,ppf025_xy064_0
1291,110,69.17117117117118,0.06933232929847129,0.918126702323073,4.542171305565025,0.014456889815056002,ppf025_xy064_0
1292,121,69.17117117117118,1.0593959189971043,0.9476527617192811,4.839012431583945,0.014456889815056002,ppf025_xy064_0
1293,132,68.97297297297297,2.048571423640339,0.969836166230017,5.053692818271882,0.014498432601880879,ppf025_xy064_0
1294,143,68.97297297297297,3.0418418362809767,0.9824156524032264,5.185643253727881,0.014498432601880879,ppf025_xy064_0
1295,154,69.17117117117118,4.035612591570903,0.9861948604189765,5.240632940977103,0.014456889815056002,ppf025_xy064_0
1296,165,69.36936936936937,5.027036047288183,0.9835423924365828,5.22741593098593,0.014415584415584416,ppf025_xy064_0
1297,176,69.76576576576576,6.013321874914925,0.9742895234947524,5.1588342487426315,0.014333677685950414,ppf025_xy064_0
1298,187,70.36036036036036,0.7073616565288093,0.9599270504519893,5.050538185246259,0.014212548015364916,ppf025_xy064_0
1299,198,70.95495495495496,1.674339656440456,0.9436682987360553,4.922147272662738,0.01409344845099035,ppf025_xy064_0
1300,209,72.14414414414415,2.6200586737771667,0.9238757887911908,4.7969081356565,0.01386113886113886,ppf025_xy064_0
1301,220,73.33333333333334,3.5498832004886585,0.9072269302154162,4.701824736662925,0.013636363636363634,ppf025_xy064_0
1302,231,112.97297297297297,0.28822117471859393,0.7536950071170707,4.999182344873277,0.008851674641148326,ppf025_xy064_0
1303,242,112.18018018018019,0.8783891698835601,0.8007539302397457,5.60334592598199,0.008914230645679408,ppf025_xy064_0
1304,253,111.38738738738739,1.469979221742982,0.8492863771321915,6.258604053071861,0.008977677127143318,ppf025_xy064_0
1305,264,110.5945945945946,2.0658519142655183,0.8985066780807426,6.955200646976758,0.009042033235581623,ppf025_xy064_0
1306,275,109.6036036036036,2.660122211212856,0.9502859722978924,7.710217224812611,0.009123787604800263,ppf025_xy064_0
1307,286,108.61261261261261,3.2614512472167267,1.0045966142244303,8.538799665829153,0.009207033842070339,ppf025_xy064_0
1308,297,107.62162162162163,3.868186773449794,1.061974457011315,9.454984416634145,0.009291813159216473,ppf025_xy064_0
1309,308,107.02702702702703,4.491167289706884,1.1161302520229606,10.386192428475926,0.009343434343434343,ppf025_xy064_0
1310,319,106.43243243243244,5.119543603104403,1.1678840380850317,11.308541001441313,0.009395632300660234,ppf025_xy064_0
1311,330,106.03603603603604,5.7565900811268795,1.2156480989122405,12.206815435925206,0.009430756159728122,ppf025_xy064_0
1312,341,105.83783783783784,0.1168294109761187,1.2593407577291993,13.075569733315566,0.009448416751787538,ppf025_xy064_0
1313,352,106.03603603603604,0.7682012818932401,1.2961297183867204,13.87661581439572,0.009430756159728122,ppf025_xy064_0
1314,363,106.23423423423424,1.4183701428009818,1.329157642110048,14.620109340877505,0.009413161465400272,ppf025_xy064_0
1315,374,106.43243243243244,2.0658686923429803,1.3569281055781963,15.265843550446425,0.009395632300660234,ppf025_xy064_0
1316,385,106.63063063063063,2.712092033997944,1.3799681922452223,15.818062009620231,0.009378168300101386,ppf025_xy064_0
1317,396,106.82882882882883,3.3566921481135683,1.3997999122871283,16.306228911797415,0.009360769101028841,ppf025_xy064_0
1318,407,107.22522522522523,3.999461151549223,1.41485941032509,16.720785903548357,0.009326163669971433,ppf025_xy064_0
1319,418,107.42342342342343,4.638382979949118,1.4259402508720462,17.015111084602022,0.009308956725930895,ppf025_xy064_0
1320,429,107.62162162162163,5.276326896942617,1.4328939031066394,17.213165516719222,0.009291813159216473,ppf025_xy064_0
1321,440,108.01801801801803,5.912641857449309,1.4358088660835158,17.346929340638628,0.009257714762301918,ppf025_xy064_0
1322,451,108.21621621621621,0.26268569918370105,1.436379025206287,17.39256350527436,0.009240759240759242,ppf025_xy064_0
1323,462,108.41441441441441,0.8936731005588671,1.4316618590782781,17.31016000046473,0.00922386571381087,ppf025_xy064_0
1324,473,108.8108108108108,1.5227709841922263,1.4209664103253865,17.114838839078036,0.009190263288623945,ppf025_xy064_0
1325,484,109.009009009009,2.151112104666976,1.4087833424851355,16.85326116783607,0.009173553719008265,ppf025_xy064_0
1326,495,109.2072072072072,2.7769224537596697,1.3921539967565049,16.487659186148065,0.009156904801187924,ppf025_xy064_0
1327,506,109.4054054054054,3.4015622005673705,1.369394844238379,15.981932800191213,0.009140316205533598,ppf025_xy064_0
1328,517,109.6036036036036,4.0252311242167735,1.3420704753393502,15.378310363083877,0.009123787604800263,ppf025_xy064_0
1329,528,109.8018018018018,4.647159778439588,1.310515226512422,14.690167675749402,0.009107318674105677,ppf025_xy064_0
1330,539,110.0,5.267328164261275,1.2733822301326785,13.89451522223435,0.00909090909090909,ppf025_xy064_0
1331,550,110.1981981981982,5.88736123871229,1.2308729246350998,13.005710259511469,0.00907455853499019,ppf025_xy064_0
1332,561,110.5945945945946,0.2182694551975906,1.1851549910168993,12.100890865902231,0.009042033235581623,ppf025_xy064_0
1333,572,110.7927927927928,0.8332990202795073,1.1373902693961457,11.165127078768933,0.009025857863067165,ppf025_xy064_0
1334,583,110.990990990991,1.446133334928316,1.0853417490200479,10.184832493433406,0.00900974025974026,ppf025_xy064_0
1335,594,111.38738738738739,2.051964442221495,1.0282493814261122,9.174155035728463,0.008977677127143318,ppf025_xy064_0
1336,605,111.78378378378379,2.6566718289200453,0.9694415360307568,8.183803559253008,0.008945841392649903,ppf025_xy064_0
1337,616,112.57657657657657,3.2429403674922734,0.9092590065261167,7.250307137722843,0.008882842509603073,ppf025_xy064_0
1338,11,59.26126126126126,2.997350779807875,0.5140941727420504,1.0516070830702666,0.01687442991790818,ppf025_xy065_0
1339,22,59.06306306306306,4.14454784087828,0.5696367018538481,1.2867943416488519,0.01693105552165955,ppf025_xy065_0
1340,33,58.86486486486486,5.296022673465775,0.6183311834805132,1.5111086784631824,0.016988062442607896,ppf025_xy065_0
1341,44,59.06306306306306,0.17853239375085592,0.656166553484077,1.707424052466503,0.01693105552165955,ppf025_xy065_0
1342,55,59.45945945945946,1.3403926584555248,0.683136044605794,1.863084738431279,0.01681818181818182,ppf025_xy065_0
1343,66,60.252252252252255,2.4931345925942687,0.6982298468068252,1.9722744759615791,0.01659688995215311,ppf025_xy065_0
1344,77,110.3963963963964,1.2754694039613024,0.5257754420063399,2.049050875025779,0.009058266688428268,ppf025_xy065_0
1345,88,109.6036036036036,1.8760724919722969,0.567462764338999,2.369718843457734,0.009123787604800263,ppf025_xy065_0
1346,99,108.8108108108108,2.48375979031275,0.6161602425645303,2.773681826081725,0.009190263288623945,ppf025_xy065_0
1347,110,108.21621621621621,3.0973036236551708,0.6682293222866797,3.2444467624562967,0.009240759240759242,ppf025_xy065_0
1348,121,107.81981981981983,3.7194216861359823,0.7193997341319108,3.7465919670132632,0.009274732620320855,ppf025_xy065_0
1349,132,107.22522522522523,4.338104179094033,0.7707877956400401,4.2772425274205,0.009326163669971433,ppf025_xy065_0
1350,143,106.43243243243244,4.9557917938544485,0.8247765021130614,4.861203438956045,0.009395632300660234,ppf025_xy065_0
1351,154,105.83783783783784,5.5853988115523245,0.881910028430566,5.52696572320137,0.009448416751787538,ppf025_xy065_0
1352,165,105.63963963963964,6.228308005476967,0.9413935383212271,6.285887252792774,0.009466143612485076,ppf025_xy065_0
1353,176,105.63963963963964,0.5940919135576844,0.9967620646236138,7.04704691801592,0.009466143612485076,ppf025_xy065_0
1354,187,105.63963963963964,1.2441446025184209,1.0487970089768175,7.802019676629987,0.009466143612485076,ppf025_xy065_0
1355,198,105.44144144144144,1.891357199420152,1.1010086648877573,8.582030585584386,0.009483937115516063,ppf025_xy065_0
1356,209,105.63963963963964,2.548169040339243,1.1508645610063424,9.394476724289042,0.009466143612485076,ppf025_xy065_0
1357,220,105.83783783783784,3.202023674362531,1.1979845891356575,10.198602654212122,0.009448416751787538,ppf025_xy065_0
1358,231,106.43243243243244,3.8576005836270992,1.2412159898824102,11.009458560054002,0.009395632300660234,ppf025_xy065_0
1359,242,106.82882882882883,4.508116799023869,1.2803945375013848,11.759079931857578,0.009360769101028841,ppf025_xy065_0
1360,253,107.22522522522523,5.155925486155139,1.316641002694106,12.480413325203394,0.009326163669971433,ppf025_xy065_0
1361,264,107.81981981981983,5.803439186559558,1.3514150190079501,13.221274860843645,0.009274732620320855,ppf025_xy065_0
1362,275,108.41441441441441,0.16193404147525747,1.3874642425705888,14.012895299440219,0.00922386571381087,ppf025_xy065_0
1363,286,109.009009009009,0.8019340453954236,1.4134685804213014,14.622847799823852,0.009173553719008265,ppf025_xy065_0
1364,297,109.6036036036036,1.4386455894876626,1.4382576330449421,15.22283213664393,0.009123787604800263,ppf025_xy065_0
1365,308,109.8018018018018,2.063384409826804,1.4597133165293983,15.70875826733542,0.009107318674105677,ppf025_xy065_0
1366,319,110.0,2.687978685724549,1.4768409141429317,16.108583996480508,0.00909090909090909,ppf025_xy065_0
1367,330,110.5945945945946,3.313048479530145,1.491113882843627,16.510216880533463,0.009042033235581623,ppf025_xy065_0
1368,341,110.990990990991,3.9342317237696944,1.502519064038138,16.823833479199568,0.00900974025974026,ppf025_xy065_0
1369,352,110.990990990991,4.54773781634666,1.5116316154301856,17.02852032272371,0.00900974025974026,ppf025_xy065_0
1370,363,111.58558558558559,5.1650610432776265,1.5148412306741559,17.192521698494442,0.008961730986597772,ppf025_xy065_0
1371,374,111.78378378378379,5.778380407048485,1.5146854143177064,17.219516096563236,0.008945841392649903,ppf025_xy065_0
1372,385,111.98198198198199,0.10609472595453148,1.5094817072693394,17.13172555545289,0.008930008045052293,ppf025_xy065_0
1373,396,112.37837837837839,0.718297726009196,1.4945073516297185,16.852957372623717,0.008898508898508899,ppf025_xy065_0
1374,407,112.57657657657657,1.3271502099388983,1.4787948396846318,16.529554186481548,0.008882842509603073,ppf025_xy065_0
1375,418,112.77477477477477,1.933713978928729,1.4587928265346672,16.11374387961477,0.00886723118709059,ppf025_xy065_0
1376,429,112.97297297297297,2.5380113807594777,1.429504673005878,15.500402169834446,0.008851674641148326,ppf025_xy065_0
1377,440,112.97297297297297,3.1466016219559463,1.3936643672848181,14.732898614431534,0.008851674641148326,ppf025_xy065_0
1378,451,113.36936936936937,3.749796817076441,1.3549934636016572,13.975500856915874,0.008820724729815639,ppf025_xy065_0
1379,462,113.56756756756756,4.351383601595774,1.315493789871355,13.195601098107907,0.008805330794859591,ppf025_xy065_0
1380,473,113.36936936936937,4.958182815308038,1.2721359098307417,12.318561749703974,0.008820724729815639,ppf025_xy065_0
1381,484,113.36936936936937,5.562068330309749,1.2197658933467632,11.325201869563289,0.008820724729815639,ppf025_xy065_0
1382,495,113.36936936936937,6.169441434953306,1.163575416481278,10.305808183983771,0.008820724729815639,ppf025_xy065_0
1383,506,113.76576576576576,0.48231362858335086,1.1073615703007844,9.366724353123958,0.008789990497307571,ppf025_xy065_0
1384,517,113.76576576576576,1.0845699705941652,1.0514751192635285,8.44513984394682,0.008789990497307571,ppf025_xy065_0
1385,528,113.56756756756756,1.6922302305323664,0.9910705825811458,7.489636576702765,0.008805330794859591,ppf025_xy065_0
1386,539,113.36936936936937,2.303307718484487,0.9237337231186152,6.495111015567462,0.008820724729815639,ppf025_xy065_0
1387,0,68.37837837837839,2.9810394373367495,0.49558514093262945,1.0751387883052452,0.014624505928853754,ppf025_xy066_0
1388,11,67.78378378378378,3.9509318825582955,0.5604398748011886,1.3629911725904211,0.014752791068580543,ppf025_xy066_0
1389,22,67.38738738738738,4.943082395116264,0.6222921222229502,1.6706151122416324,0.01483957219251337,ppf025_xy066_0
1390,33,67.1891891891892,5.950956226763647,0.6786341564097257,1.9809796276434244,0.01488334674175382,ppf025_xy066_0
1391,44,66.990990990991,0.6795316741025842,0.7280579038063528,2.2733035203774805,0.014927380311995695,ppf025_xy066_0
1392,55,66.7927927927928,1.6956276144464106,0.7694930831516739,2.5319097661673706,0.014971675209063933,ppf025_xy066_0
1393,66,66.5945945945946,2.7163243283800624,0.8023183673905845,2.744363463824691,0.015016233766233766,ppf025_xy066_0
1394,77,66.3963963963964,3.741920460904134,0.826481353702613,2.9034864867295687,0.015061058344640435,ppf025_xy066_0
1395,88,66.1981981981982,4.772864070739226,0.8426142199031882,3.0089357691593355,0.015106151333696244,ppf025_xy066_0
1396,99,66.1981981981982,5.810181948907485,0.8508670954649024,3.0681656767741665,0.015106151333696244,ppf025_xy066_0
1397,110,66.0,0.5670137079396869,0.8552299369166506,3.0904299592906077,0.015151515151515152,ppf025_xy066_0
1398,121,110.5945945945946,5.968543367329324,0.667779268500839,3.1572498071001047,0.009042033235581623,ppf025_xy066_0
1399,132,110.1981981981982,0.3025112174778746,0.709517123491879,3.5514805149251654,0.00907455853499019,ppf025_xy066_0
1400,143,110.0,0.928871303893573,0.7569819321741313,4.035272734652811,0.00909090909090909,ppf025_xy066_0
1401,154,109.8018018018018,1.550473843419559,0.8070769502545934,4.578766909316448,0.009107318674105677,ppf025_xy066_0
1402,165,109.6036036036036,2.1732107030447705,0.8523587786914011,5.0977541926390915,0.009123787604800263,ppf025_xy066_0
1403,176,109.2072072072072,2.796326024778546,0.8975906214260558,5.632706126302683,0.009156904801187924,ppf025_xy066_0
1404,187,108.41441441441441,3.4140345286083766,0.9498437558824561,6.261819617086926,0.00922386571381087,ppf025_xy066_0
1405,198,108.01801801801803,4.0421420931350305,1.005388409214546,6.989934928261859,0.009257714762301918,ppf025_xy066_0
1406,209,107.62162162162163,4.668959648282018,1.0581821277972308,7.71488676957311,0.009291813159216473,ppf025_xy066_0
1407,220,107.22522522522523,5.299820280454705,1.1073845420166368,8.417886411830395,0.009326163669971433,ppf025_xy066_0
1408,231,106.43243243243244,5.9275723983472774,1.1590921828661283,9.154173128452646,0.009395632300660234,ppf025_xy066_0
1409,242,105.83783783783784,0.2818991446393355,1.2154255626807082,10.009372955081115,0.009448416751787538,ppf025_xy066_0
1410,253,105.44144144144144,0.922946882137437,1.2685530153756215,10.86269932375456,0.009483937115516063,ppf025_xy066_0
1411,264,105.24324324324324,1.5738644217513558,1.316706884012067,11.681042813097967,0.009501797637390858,ppf025_xy066_0
1412,275,104.64864864864865,2.216355903574979,1.357091480926279,12.33846272302871,0.009555785123966943,ppf025_xy066_0
1413,286,104.45045045045045,2.8699905828662167,1.3887423787531157,12.89623310914412,0.009573917543557013,ppf025_xy066_0
1414,297,104.25225225225225,3.5256606332880343,1.418724901998504,13.433556612144995,0.009592118907708261,ppf025_xy066_0
1415,308,103.65765765765765,4.174418453266487,1.447254911083342,13.899546639028506,0.009647140622284027,ppf025_xy066_0
1416,319,103.26126126126127,4.829557622556082,1.4656991425859924,14.201567201268679,0.009684173791659395,ppf025_xy066_0
1417,330,103.06306306306307,5.489704541643322,1.4742044757873027,14.339290947822917,0.009702797202797202,ppf025_xy066_0
1418,341,103.26126126126127,6.152378543983829,1.4799151552766185,14.478389000664153,0.009684173791659395,ppf025_xy066_0
1419,352,103.06306306306307,0.530106411717186,1.4813823579341028,14.479266526819101,0.009702797202797202,ppf025_xy066_0
1420,363,102.86486486486487,1.1901652672802925,1.4730280962843778,14.288883696304309,0.009721492380451918,ppf025_xy066_0
1421,374,102.66666666666667,1.8533970624893616,1.4542990569942709,13.901001400331884,0.00974025974025974,ppf025_xy066_0
1422,385,102.86486486486487,2.5176343443246925,1.432076172139521,13.505431907058922,0.009721492380451918,ppf025_xy066_0
1423,396,102.86486486486487,3.1830519377284254,1.4041336812047076,12.983541011803288,0.009721492380451918,ppf025_xy066_0
1424,407,103.06306306306307,3.847513045937896,1.3674993106611129,12.338616275819762,0.009702797202797202,ppf025_xy066_0
1425,418,103.26126126126127,4.5120372720203585,1.3283212275516616,11.66414290177542,0.009684173791659395,ppf025_xy066_0
1426,429,103.45945945945947,5.171388235052493,1.2825283868359074,10.894651888658283,0.009665621734587251,ppf025_xy066_0
1427,440,103.26126126126127,5.839394968994228,1.2320262871074863,10.034287821943645,0.009684173791659395,ppf025_xy066_0
1428,451,103.45945945945947,0.21795704864627952,1.173618769231602,9.122911841376796,0.009665621734587251,ppf025_xy066_0
1429,462,103.85585585585585,0.8727427708408182,1.1148631021357729,8.263865756257958,0.009628730048577377,ppf025_xy066_0
1430,473,103.85585585585585,1.5329704889170022,1.0549663746990534,7.399756079487947,0.009628730048577377,ppf025_xy066_0
1431,484,103.65765765765765,2.2001863341495085,0.9891007523125959,6.492196191634638,0.009647140622284027,ppf025_xy066_0
1432,495,103.85585585585585,2.8579522967203457,0.9183287656974071,5.607077333872286,0.009628730048577377,ppf025_xy066_0
1433,0,92.55855855855856,2.8665978317713923,0.6926750644549728,2.831044210314353,0.010803971189410162,ppf025_xy067_0
1434,11,92.55855855855856,3.614126824051246,0.761122509920295,3.4181937547082555,0.010803971189410162,ppf025_xy067_0
1435,22,92.55855855855856,4.359852175391499,0.8294135187140471,4.059100117489886,0.010803971189410162,ppf025_xy067_0
1436,33,92.75675675675676,5.1120001861351945,0.8956447191199292,4.743381501116212,0.01078088578088578,ppf025_xy067_0
1437,44,93.15315315315316,5.867711821536309,0.9587480302727924,5.458552487422183,0.010735009671179884,ppf025_xy067_0
1438,55,93.35135135135135,0.3281791466601947,1.0198574307387305,6.189712815838419,0.010712217718587144,ppf025_xy067_0
1439,66,93.74774774774775,1.0740185266357687,1.0760929451075398,6.920402787332416,0.010666922929079376,ppf025_xy067_0
1440,77,93.94594594594595,1.809946257152802,1.1289468726438172,7.633013222339436,0.010644418872266973,ppf025_xy067_0
1441,88,94.14414414414415,2.5428466444019913,1.176673363623645,8.309523450815927,0.01062200956937799,ppf025_xy067_0
1442,99,94.34234234234235,3.273028598674892,1.218702986256228,8.932507029820858,0.010599694423223834,ppf025_xy067_0
1443,110,94.54054054054055,4.000910440003885,1.2545677516397844,9.485872482491272,0.010577472841623784,ppf025_xy067_0
1444,121,94.73873873873875,4.726973812186282,1.2839444356524492,9.956140550696174,0.010555344237352604,ppf025_xy067_0
1445,132,94.73873873873875,5.449814139196799,1.308115023848119,10.334522786225032,0.010555344237352604,ppf025_xy067_0
1446,143,94.73873873873875,6.1728786461437455,1.325739955774024,10.614883958460073,0.010555344237352604,ppf025_xy067_0
1447,154,94.54054054054055,0.6125665099147044,1.3384358939255658,10.796529910119201,0.010577472841623784,ppf025_xy067_0
1448,165,94.34234234234235,1.3375269237852883,1.3452033949439783,10.88312269603614,0.010599694423223834,ppf025_xy067_0
1449,176,94.14414414414415,2.064910024554359,1.3467651863539662,10.88549131903948,0.01062200956937799,ppf025_xy067_0
1450,187,93.94594594594595,2.795036761514127,1.3438687830764682,10.81590182414774,0.010644418872266973,ppf025_xy067_0
1451,198,93.74774774774775,3.5282113755870044,1.3373118062670848,10.68801763039415,0.010666922929079376,ppf025_xy067_0
1452,209,93.35135135135135,4.26528580485499,1.3293942498752633,10.517176500598252,0.010712217718587144,ppf025_xy067_0
1453,220,92.95495495495496,5.00614740292385,1.3195578587867889,10.318115406811708,0.01075789881760031,ppf025_xy067_0
1454,231,92.55855855855856,5.750712155312289,1.3085557088017237,10.103503048533105,0.010803971189410162,ppf025_xy067_0
1455,242,92.16216216216216,0.21566689621055063,1.2969337433772743,9.88232644191379,0.010850439882697948,ppf025_xy067_0
1456,253,91.96396396396396,0.9662786198681601,1.2836254776210763,9.659736966749904,0.010873824451410658,ppf025_xy067_0
1457,264,91.56756756756756,1.720931736488603,1.271509646311904,9.437391191868498,0.010920897284533649,ppf025_xy067_0
1458,275,91.17117117117117,2.4784666518897813,1.259070642011945,9.21358591787113,0.010968379446640317,ppf025_xy067_0
1459,286,90.97297297297297,3.2373701562234216,1.2446624504692558,8.984347148095216,0.010992275698158051,ppf025_xy067_0
1460,297,90.57657657657657,3.999826945120751,1.2305932520139875,8.744116234045778,0.0110403819375373,ppf025_xy067_0
1461,308,90.37837837837839,4.762967308982863,1.2137654860416958,8.487994196168634,0.011064593301435405,ppf025_xy067_0
1462,319,90.18018018018019,5.5279857243569674,1.195188517820865,8.212112389699493,0.011088911088911088,ppf025_xy067_0
1463,330,89.98198198198199,0.011757849798415296,1.1746058687713146,7.914269755899967,0.011113336003203843,ppf025_xy067_0
1464,341,89.78378378378379,0.78086055045575,1.1520067223518835,7.595893938254047,0.011137868753762792,ppf025_xy067_0
1465,352,89.38738738738739,1.5547834132725218,1.128841451660938,7.261278638224035,0.011187260632936907,ppf025_xy067_0
1466,363,89.1891891891892,2.3293782934540093,1.1030936726419374,6.918436577694548,0.011212121212121211,ppf025_xy067_0
1467,374,159.35135135135135,2.8235525984478373,0.8088778941528106,6.646494436157788,0.006275440976933514,ppf025_xy067_0
1468,385,157.96396396396398,3.238293474042668,0.8203918528626248,6.777533336025129,0.006330557773468689,ppf025_xy067_0
1469,396,157.17117117117118,3.6660104883953486,0.8265168895494671,6.844588069018451,0.006362489969047346,ppf025_xy067_0
1470,407,156.18018018018017,4.098311713777028,0.8319422107154018,6.891015084769617,0.00640286109829257,ppf025_xy067_0
1471,418,155.78378378378378,4.539395194533828,0.8371021401242076,6.959052515448397,0.006419153365718251,ppf025_xy067_0
1472,429,154.7927927927928,4.978948865784238,0.8421920532264556,6.999128638148702,0.006460249097893144,ppf025_xy067_0
1473,440,153.6036036036036,5.419468388662816,0.8440663964117747,6.976307052042913,0.006510263929618769,ppf025_xy067_0
1474,451,152.018018018018,5.862955078162752,0.8445286223430138,6.911857460913802,0.006578167595116748,ppf025_xy067_0
1475,462,150.63063063063063,0.029181602093454617,0.8432946627987634,6.82877744534446,0.0066387559808612434,ppf025_xy067_0
1476,473,149.04504504504504,0.48309839447791475,0.8440110249089502,6.768380151261562,0.006709381044487427,ppf025_xy067_0
1477,484,147.06306306306305,0.9376385779741808,0.8495054449748097,6.765609109283816,0.006799803969615291,ppf025_xy067_0
1478,495,145.0810810810811,1.3957982212132858,0.8567905765308732,6.789395478880479,0.006892697466467958,ppf025_xy067_0
1479,506,142.7027027027027,1.8568012363392805,0.8659456758876147,6.821571814643429,0.007007575757575758,ppf025_xy067_0
1480,517,140.72072072072072,2.3261498311180833,0.8733976457607308,6.843102512225962,0.007106274007682458,ppf025_xy067_0
1481,528,138.93693693693695,2.80508578457865,0.8792338485114577,6.846955092909092,0.007197510050577097,ppf025_xy067_0
1482,539,137.54954954954957,3.2951575580551786,0.8837259471945046,6.848025153725654,0.0072701074141996325,ppf025_xy067_0
1483,550,136.55855855855856,3.7924486813529725,0.8863294558988619,6.83880547388605,0.007322865813431851,ppf025_xy067_0
1484,561,135.36936936936937,4.2950385088151535,0.8891347776538711,6.822233225928242,0.007387195527751897,ppf025_xy067_0
1485,572,134.18018018018017,4.802692100026063,0.8904183447865981,6.781839849894824,0.007452665502887069,ppf025_xy067_0
1486,583,132.59459459459458,5.317741362141712,0.8893276391803422,6.685291687132272,0.007541785568691399,ppf025_xy067_0
1487,594,131.009009009009,5.840600336725261,0.8859126592985613,6.554716883134688,0.007633062852427453,ppf025_xy067_0
1488,605,129.02702702702703,0.09077567031015397,0.8821494306513172,6.400825214607854,0.007750314201927105,ppf025_xy067_0
1489,616,127.04504504504504,0.6349982970927988,0.876752795276383,6.2256257706353,0.007871223939866686,ppf025_xy067_0
1490,627,125.26126126126127,1.1893357609867863,0.8689078877083194,6.02886030466048,0.007983314154200229,ppf025_xy067_0
1491,638,123.27927927927928,1.7567215318305573,0.8589266826970888,5.797933592261152,0.00811166325635779,ppf025_xy067_0
1492,649,121.89189189189189,2.3290136674016964,0.8425199045478573,5.515769624784298,0.008203991130820399,ppf025_xy067_0
1493,660,121.89189189189189,2.886995076452862,0.8168360961085169,5.184604365251784,0.008203991130820399,ppf025_xy067_0
1494,671,122.28828828828829,3.437091577132267,0.7870486170309927,4.829019372067282,0.008177397966701047,ppf025_xy067_0
1495,682,122.88288288288288,3.9787687555011084,0.7538181485484847,4.4513888231846,0.008137829912023461,ppf025_xy067_0
1496,693,123.27927927927928,4.521658895775781,0.7180959143753647,4.052527397532769,0.00811166325635779,ppf025_xy067_0
1497,704,123.67567567567568,5.061143651456053,0.6793136047424881,3.6382779783725554,0.008085664335664336,ppf025_xy067_0
1498,715,124.66666666666667,5.580711727406184,0.6388965068693767,3.244011133773877,0.00802139037433155,ppf025_xy067_0
1499,726,125.65765765765767,6.09447136210298,0.5984113605595278,2.8685312192671,0.007958130197877831,ppf025_xy067_0
1500,737,126.84684684684684,0.31032147577253566,0.5583578893718402,2.521018026790359,0.007883522727272727,ppf025_xy067_0
1501,0,113.17117117117117,3.1129737410311136,0.3823681834134741,1.2951221305100016,0.008836172583983443,ppf025_xy068_0
1502,11,112.37837837837839,3.6939952343516027,0.4168054449234583,1.5281322703145506,0.008898508898508899,ppf025_xy068_0
1503,22,111.58558558558559,4.274903568090472,0.4499811954946519,1.7685129566302047,0.008961730986597772,ppf025_xy068_0
1504,33,110.5945945945946,4.857868377926231,0.48182679453064964,2.009681408069477,0.009042033235581623,ppf025_xy068_0
1505,44,109.4054054054054,5.445037636956625,0.5164568678152803,2.2841168229388353,0.009140316205533598,ppf025_xy068_0
1506,55,108.41441441441441,6.0460921740242455,0.5563998531012122,2.627074932084094,0.00922386571381087,ppf025_xy068_0
1507,66,107.81981981981983,0.37721149766450485,0.5971681684214971,3.0095621776063086,0.009274732620320855,ppf025_xy068_0
1508,77,107.22522522522523,0.9958160052185598,0.6353114182534546,3.3875187482241556,0.009326163669971433,ppf025_xy068_0
1509,88,106.23423423423424,1.6091881773692405,0.6749254415426954,3.787804093400803,0.009413161465400272,ppf025_xy068_0
1510,99,105.44144144144144,2.238085620809171,0.7185434061325393,4.261169106052624,0.009483937115516063,ppf025_xy068_0
1511,110,104.64864864864865,2.8681199367994603,0.7642045433142609,4.783703721994137,0.009555785123966943,ppf025_xy068_0
1512,121,104.25225225225225,3.5131447571201186,0.8087521237433029,5.337375196587581,0.009592118907708261,ppf025_xy068_0
1513,132,103.45945945945947,4.152333794109893,0.8530588827571561,5.893043444945786,0.009665621734587251,ppf025_xy068_0
1514,143,102.86486486486487,4.803790341073068,0.8974000456275832,6.484114169313589,0.009721492380451918,ppf025_xy068_0
1515,154,102.46846846846847,5.464695549441596,0.9443624497546449,7.152849444865881,0.009759099701072622,ppf025_xy068_0
1516,165,102.27027027027027,6.1297714625092095,0.9902092777607865,7.849008593888072,0.009778012684989429,ppf025_xy068_0
1517,176,102.46846846846847,0.5206073760202861,1.0301636327487758,8.511656566845142,0.009759099701072622,ppf025_xy068_0
1518,187,102.46846846846847,1.1920153039908694,1.0677742172232898,9.14451178389299,0.009759099701072622,ppf025_xy068_0
1519,198,102.46846846846847,1.8646887958028366,1.1053316915101568,9.799116206341518,0.009759099701072622,ppf025_xy068_0
1520,209,102.86486486486487,2.5416174391922515,1.1408478702601106,10.479340467018634,0.009721492380451918,ppf025_xy068_0
1521,220,103.26126126126127,3.213897818595802,1.1745120308770294,11.149715437558804,0.009684173791659395,ppf025_xy068_0
1522,231,103.45945945945947,3.8825898551405107,1.2044611090298434,11.748087888561722,0.009665621734587251,ppf025_xy068_0
1523,242,103.85585585585585,4.550581935534561,1.2310555720714018,12.31963168513856,0.009628730048577377,ppf025_xy068_0
1524,253,104.25225225225225,5.217139986169678,1.2570131095455424,12.893667867976989,0.009592118907708261,ppf025_xy068_0
1525,264,104.64864864864865,5.880700621793485,1.284750247929122,13.520179687748554,0.009555785123966943,ppf025_xy068_0
1526,275,104.84684684684684,0.25649803590974607,1.3047398683565035,13.970587154822333,0.009537721257948101,ppf025_xy068_0
1527,286,105.04504504504504,0.915025404456408,1.3234209657920106,14.400680376343658,0.009519725557461407,ppf025_xy068_0
1528,297,105.24324324324324,1.5680901772480145,1.342780141891485,14.853043796441003,0.009501797637390858,ppf025_xy068_0
1529,308,105.24324324324324,2.217718474634093,1.3577132801176683,15.185243966634456,0.009501797637390858,ppf025_xy068_0
1530,319,105.44144144144144,2.869802332811971,1.3680026942914874,15.44531103434731,0.009483937115516063,ppf025_xy068_0
1531,330,105.63963963963964,3.52145300632811,1.3772519398551901,15.68429908214386,0.009466143612485076,ppf025_xy068_0
1532,341,105.63963963963964,4.171369194901511,1.3843275482195119,15.845868687675178,0.009466143612485076,ppf025_xy068_0
1533,352,105.83783783783784,4.821998785944705,1.3861169426845394,15.916666685412432,0.009448416751787538,ppf025_xy068_0
1534,363,106.03603603603604,5.4716531505265955,1.3856115086204195,15.934845844864755,0.009430756159728122,ppf025_xy068_0
1535,374,105.83783783783784,6.119540291219963,1.3806295145761527,15.790892769184513,0.009448416751787538,ppf025_xy068_0
1536,385,105.83783783783784,0.4846429908763301,1.3674504894742314,15.490862525337109,0.009448416751787538,ppf025_xy068_0
1537,396,105.83783783783784,1.1354026142070528,1.349850398154052,15.09467113868036,0.009448416751787538,ppf025_xy068_0
1538,407,105.83783783783784,1.7848858880179563,1.3307236414545762,14.66993274671115,0.009448416751787538,ppf025_xy068_0
1539,418,105.63963963963964,2.434313319736212,1.3072104811084342,14.129583894819847,0.009466143612485076,ppf025_xy068_0
1540,429,105.44144144144144,3.0848288513386595,1.2755431214811566,13.428052891661332,0.009483937115516063,ppf025_xy068_0
1541,440,105.24324324324324,3.739255603975659,1.2379293061069618,12.624010015719003,0.009501797637390858,ppf025_xy068_0
1542,451,105.24324324324324,4.390698118249874,1.1991513463354442,11.845506641121375,0.009501797637390858,ppf025_xy068_0
1543,462,105.04504504504504,5.045550695881444,1.1574162776536858,11.014534868088987,0.009519725557461407,ppf025_xy068_0
1544,473,104.84684684684684,5.700570688586319,1.108961874904218,10.092529424285773,0.009537721257948101,ppf025_xy068_0
1545,484,104.64864864864865,0.07568203829898325,1.0535763454835505,9.092369283001851,0.009555785123966943,ppf025_xy068_0
1546,495,104.84684684684684,0.7258835750423246,0.9955988983659683,8.134588857729643,0.009537721257948101,ppf025_xy068_0
1547,506,105.04504504504504,1.372066728760897,0.938803337153748,7.246632538554601,0.009519725557461407,ppf025_xy068_0
1548,517,105.04504504504504,2.024023625189016,0.8793612532041344,6.358016367165911,0.009519725557461407,ppf025_xy068_0
1549,528,104.84684684684684,2.6819414242357973,0.8139793927321642,5.437429173394322,0.009537721257948101,ppf025_xy068_0
0,0,81.45945945945945,2.8393569057534,0.7262754883084879,2.3517548378915127,0.012276045122760452,ppf025_xy069_0
1,11,81.26126126126127,3.6747321925392082,0.7886410964545975,2.766241650667535,0.012305986696230597,ppf025_xy069_0
2,22,81.26126126126127,4.519144268087206,0.8466642882114739,3.188260441273022,0.012305986696230597,ppf025_xy069_0
3,33,81.45945945945945,5.368201243833855,0.8989624002534358,3.603066907793787,0.012276045122760452,ppf025_xy069_0
4,44,81.85585585585585,6.218419769535127,0.9444058207770651,3.995901848864415,0.012216596962359674,ppf025_xy069_0
5,55,82.25225225225225,0.7795662874246164,0.9839597270429401,4.3586319052337155,0.012157721796276014,ppf025_xy069_0
6,66,82.84684684684684,1.621136010903508,1.0169454336317572,4.68941893868425,0.012070465419747716,ppf025_xy069_0
7,77,83.63963963963964,2.4570614662567962,1.0436519815430283,4.986218493842539,0.011956053425247738,ppf025_xy069_0
8,88,84.43243243243244,3.2828167750318684,1.0656997216206399,5.24839791061272,0.011843790012804096,ppf025_xy069_0
9,99,85.22522522522522,4.098377872114935,1.0836803427030728,5.477952939367713,0.011733615221987317,ppf025_xy069_0
10,110,86.41441441441441,4.905965470574406,1.095685048302186,5.678131028206294,0.011572143452877399,ppf025_xy069_0
11,121,87.4054054054054,5.700840232345316,1.1071174287847538,5.863722578856279,0.011440940012368584,ppf025_xy069_0
12,132,88.7927927927928,0.20246778037821891,1.1156640619751934,6.04912211198295,0.011262175324675324,ppf025_xy069_0
13,143,90.18018018018019,0.9742643367030993,1.12518713996177,6.248968947167692,0.011088911088911088,ppf025_xy069_0
14,154,91.76576576576576,1.7341142010100732,1.1352628856501996,6.473234218107749,0.010897310033379149,ppf025_xy069_0
15,165,93.54954954954955,2.4829392893766786,1.1468889635953037,6.7349161942620945,0.010689522342064715,ppf025_xy069_0
16,176,95.33333333333333,3.2196120655078984,1.1603089535610915,7.024894615797282,0.01048951048951049,ppf025_xy069_0
17,187,97.31531531531532,3.9465281217483943,1.1768149617491122,7.376414363364562,0.010275874837992964,ppf025_xy069_0
18,198,99.29729729729729,4.662103013445742,1.198541849636934,7.80713307166928,0.010070767555797496,ppf025_xy069_0
19,209,101.47747747747748,5.368984991208326,1.2228078620629081,8.304889452402278,0.009854403409090908,ppf025_xy069_0
20,220,103.65765765765765,6.062984745455591,1.2520759261592094,8.894273292576893,0.009647140622284027,ppf025_xy069_0
21,231,106.43243243243244,0.46865247515049674,1.2817978372169292,9.57107688119062,0.009395632300660234,ppf025_xy069_0
22,242,108.41441441441441,1.1362466544273464,1.3170821080229334,10.293438561331522,0.00922386571381087,ppf025_xy069_0
23,253,110.1981981981982,1.7908968670836392,1.3531494177158438,11.04367841389486,0.00907455853499019,ppf025_xy069_0
24,264,111.58558558558559,2.4303958659466915,1.3909427150949116,11.816104783029218,0.008961730986597772,ppf025_xy069_0
25,275,112.57657657657657,3.0560515689434085,1.4313978750104406,12.62456789052371,0.008882842509603073,ppf025_xy069_0
26,286,113.17117117117117,3.6651415492676924,1.4726640577978858,13.43355424362097,0.008836172583983443,ppf025_xy069_0
27,297,113.96396396396396,4.275078330050629,1.5014526468284284,14.061724165973269,0.008774703557312254,ppf025_xy069_0
28,308,114.55855855855856,4.8796556297916895,1.527264651111864,14.625269872476236,0.008729160113243158,ppf025_xy069_0
29,319,115.35135135135135,5.481965624300601,1.552908689030811,15.225174355121831,0.00866916588566073,ppf025_xy069_0
30,330,115.74774774774775,6.074680401899111,1.5753154121440218,15.721549273942086,0.00863947696139477,ppf025_xy069_0
31,341,116.14414414414415,0.3830856067120555,1.5856662390687954,15.983380020338462,0.008609990691901954,ppf025_xy069_0
32,352,116.54054054054055,0.9738394824225183,1.5909431728060661,16.144853583764004,0.008580705009276436,ppf025_xy069_0
33,363,116.73873873873875,1.56190294601145,1.593931258430877,16.2331170504827,0.008566136749498379,ppf025_xy069_0
34,374,117.13513513513513,2.1468010162134243,1.5913762959333495,16.236061985105756,0.00853714813105676,ppf025_xy069_0
35,385,117.13513513513513,2.7310700516740147,1.5822736177517236,16.05085253692546,0.00853714813105676,ppf025_xy069_0
36,396,117.33333333333333,3.3155385603906407,1.5647710829960821,15.724280425012836,0.008522727272727274,ppf025_xy069_0
37,407,117.72972972972973,3.8990892971082696,1.5434430377210093,15.350237780641658,0.008494031221303948,ppf025_xy069_0
38,418,117.92792792792793,4.479866794962451,1.519618113237098,14.905046626517473,0.008479755538579069,ppf025_xy069_0
39,429,117.72972972972973,5.062537837457645,1.488707295016208,14.280799710577105,0.008494031221303948,ppf025_xy069_0
40,440,117.72972972972973,5.644958539616141,1.4486138544347815,13.521944965841419,0.008494031221303948,ppf025_xy069_0
41,451,117.72972972972973,6.2296420070530205,1.4064006662024344,12.745357510473761,0.008494031221303948,ppf025_xy069_0
42,462,117.92792792792793,0.5264226148421572,1.3626527082940318,11.984910172738225,0.008479755538579069,ppf025_xy069_0
43,473,117.72972972972973,1.1108611911888406,1.3167461607769673,11.172182378771534,0.008494031221303948,ppf025_xy069_0
44,484,117.33333333333333,1.7003048980443554,1.2641922531484266,10.263498099934193,0.008522727272727274,ppf025_xy069_0
45,495,117.13513513513513,2.289630646646385,1.2026511454107347,9.27287209756005,0.00853714813105676,ppf025_xy069_0
46,506,117.13513513513513,2.878354149517598,1.1419619898859312,8.36061506673264,0.00853714813105676,ppf025_xy069_0
47,517,117.33333333333333,3.4593790939118585,1.0835421837176848,7.539816982411469,0.008522727272727274,ppf025_xy069_0
48,528,117.53153153153153,4.038081967186176,1.0235430835547485,6.739293948120709,0.008508355051356739,ppf025_xy069_0
49,539,117.53153153153153,4.621086793135754,0.9602973692136492,5.932170457109578,0.008508355051356739,ppf025_xy069_0
50,550,117.33333333333333,5.213684717963965,0.8924704558671465,5.11513209255809,0.008522727272727274,ppf025_xy069_0
51,0,111.58558558558559,3.4598067261988708,0.6814034922324744,2.34674695811214,0.008961730986597772,ppf025_xy070_0
52,11,112.97297297297297,4.1325805855523114,0.7426382207371449,2.8221403504029845,0.008851674641148326,ppf025_xy070_0
53,22,112.97297297297297,4.742598036247858,0.8042647724112795,3.3099551382014263,0.008851674641148326,ppf025_xy070_0
54,33,112.57657657657657,5.343432608787338,0.8728802371412854,3.885141277618256,0.008882842509603073,ppf025_xy070_0
55,44,112.97297297297297,5.971529723697752,0.9478969871440557,4.597760026407457,0.008851674641148326,ppf025_xy070_0
56,55,113.96396396396396,0.32481115493934215,1.0186592221955364,5.356422751455357,0.008774703557312254,ppf025_xy070_0
57,66,114.75675675675676,0.9463562887816956,1.080842312369697,6.072288516512185,0.008714083843617522,ppf025_xy070_0
58,77,114.75675675675676,1.5443048693193626,1.1397757012370004,6.752529816621054,0.008714083843617522,ppf025_xy070_0
59,88,114.55855855855856,2.1400733135702863,1.1989929548803677,7.459509298110548,0.008729160113243158,ppf025_xy070_0
60,99,114.55855855855856,2.7427481471903894,1.2669545644217088,8.329119212564176,0.008729160113243158,ppf025_xy070_0
61,110,115.15315315315316,3.348724094549032,1.3349449106104494,9.295055324087508,0.00868408699734001,ppf025_xy070_0
62,121,115.94594594594595,3.95052809994638,1.3882029422643554,10.120709188174148,0.008624708624708625,ppf025_xy070_0
63,132,116.14414414414415,4.540491708052106,1.4318735792708277,10.78589345566258,0.008609990691901954,ppf025_xy070_0
64,143,115.94594594594595,5.130747771702474,1.4724087885482586,11.385754801494741,0.008624708624708625,ppf025_xy070_0
65,154,115.74774774774775,5.724272680218723,1.5167687176504305,12.061483634867624,0.00863947696139477,ppf025_xy070_0
66,165,115.74774774774775,0.03285410623434147,1.561493804411965,12.78328691671889,0.00863947696139477,ppf025_xy070_0
67,176,115.94594594594595,0.6219563195279426,1.5939596241659402,13.343189606028979,0.008624708624708625,ppf025_xy070_0
68,187,115.94594594594595,1.211749661092341,1.613207719479675,13.66739064812965,0.008624708624708625,ppf025_xy070_0
69,198,115.54954954954955,1.805130918937415,1.6297203998313368,13.900931942588596,0.00865429596132855,ppf025_xy070_0
70,209,115.15315315315316,2.404508790545027,1.6514622354261983,14.225337699799407,0.00868408699734001,ppf025_xy070_0
71,220,114.95495495495496,3.001796393095881,1.674491001359608,14.599661556906675,0.008699059561128526,ppf025_xy070_0
72,231,114.95495495495496,3.5964156834855854,1.6861494821630423,14.803666724696921,0.008699059561128526,ppf025_xy070_0
73,242,115.15315315315316,4.203179156195688,1.6770473895561027,14.66952194024114,0.00868408699734001,ppf025_xy070_0
74,253,114.95495495495496,4.803572458634984,1.6757476296639662,14.621582525100294,0.008699059561128526,ppf025_xy070_0
75,264,114.55855855855856,5.400399730394429,1.6680195929587176,14.437077653448318,0.008729160113243158,ppf025_xy070_0
76,275,114.16216216216216,6.000196836232129,1.6518890999035654,14.110208041540705,0.008759469696969698,ppf025_xy070_0
77,286,113.96396396396396,0.3224652433868614,1.6250873404324686,13.632340266484418,0.008774703557312254,ppf025_xy070_0
78,297,113.56756756756756,0.9280901182850948,1.6116941022049076,13.36192451580318,0.008805330794859591,ppf025_xy070_0
79,308,113.17117117117117,1.5320534594964057,1.5960251361454105,13.057640895278894,0.008836172583983443,ppf025_xy070_0
80,319,112.57657657657657,2.13740174062834,1.5723269048525719,12.60617077635661,0.008882842509603073,ppf025_xy070_0
81,330,111.78378378378379,2.7472744590445006,1.5344339783205647,11.921329078435642,0.008945841392649903,ppf025_xy070_0
82,341,111.38738738738739,3.3646684692064244,1.499135362684958,11.33880200264038,0.008977677127143318,ppf025_xy070_0
83,352,111.38738738738739,3.9799649544777687,1.4674039979408575,10.86387775817768,0.008977677127143318,ppf025_xy070_0
84,363,111.1891891891892,4.596213472394011,1.434441983623247,10.3628209762405,0.00899368011667477,ppf025_xy070_0
85,374,110.7927927927928,5.2125486379257495,1.3948300499973267,9.763455629795205,0.009025857863067165,ppf025_xy070_0
86,385,109.8018018018018,5.8372648303729475,1.3404599309056393,8.93648223900247,0.009107318674105677,ppf025_xy070_0
87,396,109.009009009009,0.18590941635426678,1.2679218042664386,7.937738528355875,0.009173553719008265,ppf025_xy070_0
88,407,109.2072072072072,0.8122639190767682,1.2002374549015946,7.125824273760265,0.009156904801187924,ppf025_xy070_0
89,418,110.0,1.4253135479112575,1.141601758722484,6.493388688988701,0.00909090909090909,ppf025_xy070_0
90,429,110.7927927927928,2.025414181014638,1.0870650370461037,5.930236620448278,0.009025857863067165,ppf025_xy070_0
91,440,110.990990990991,2.634118896316997,1.0294054412028673,5.327336192728852,0.00900974025974026,ppf025_xy070_0
92,451,111.1891891891892,3.241207427815844,0.9597370412353664,4.638916267543897,0.00899368011667477,ppf025_xy070_0
93,0,110.990990990991,5.581837104563519,0.4993320939119361,1.727398710218487,0.00900974025974026,ppf025_xy071_0
94,11,109.009009009009,6.130619424066079,0.5700989728267988,2.211509499417995,0.009173553719008265,ppf025_xy071_0
95,22,108.41441441441441,0.4505976795888954,0.6325362059833892,2.70759502610568,0.00922386571381087,ppf025_xy071_0
96,33,108.01801801801803,1.0602147095160506,0.6919494239689735,3.2282771279982545,0.009257714762301918,ppf025_xy071_0
97,44,107.42342342342343,1.668773453665107,0.7467934827908497,3.7396066869223477,0.009308956725930895,ppf025_xy071_0
98,55,106.43243243243244,2.276255274750442,0.8043185720889323,4.297897779888212,0.009395632300660234,ppf025_xy071_0
99,66,105.83783783783784,2.904620487272771,0.8700813320801433,5.001342091840307,0.009448416751787538,ppf025_xy071_0
100,77,106.82882882882883,3.5728545874025586,0.9384681174242927,5.8729109222186695,0.009360769101028841,ppf025_xy071_0
101,88,107.81981981981983,4.226367920278841,0.9961484375101012,6.678402939642828,0.009274732620320855,ppf025_xy071_0
102,99,108.41441441441441,4.867552568437924,1.042360197142452,7.35272913969113,0.00922386571381087,ppf025_xy071_0
103,110,108.41441441441441,5.500401740974919,1.0874481022166722,8.00257970510307,0.00922386571381087,ppf025_xy071_0
104,121,108.41441441441441,6.1351367336571325,1.136973405883681,8.748096036770157,0.00922386571381087,ppf025_xy071_0
105,132,108.8108108108108,0.48671779643720375,1.1872630786107488,9.573965801878403,0.009190263288623945,ppf025_xy071_0
106,143,110.1981981981982,1.1209137138430287,1.2359592981609795,10.507725826359826,0.00907455853499019,ppf025_xy071_0
107,154,110.990990990991,1.7441429332594673,1.2696968432179765,11.168985042458758,0.00900974025974026,ppf025_xy071_0
108,165,111.58558558558559,2.3624360301245013,1.2957134251580424,11.693699107293321,0.008961730986597772,ppf025_xy071_0
109,176,111.78378378378379,2.979731240911275,1.3237779471009414,12.22742451445009,0.008945841392649903,ppf025_xy071_0
110,187,112.18018018018019,3.597322162285266,1.3610092856569393,12.970723764901514,0.008914230645679408,ppf025_xy071_0
111,198,112.97297297297297,4.207944948465682,1.3969275554162601,13.76094397672907,0.008851674641148326,ppf025_xy071_0
112,209,113.76576576576576,4.811349835022391,1.421946322985961,14.358328993452105,0.008789990497307571,ppf025_xy071_0
113,220,113.96396396396396,5.414576747793973,1.4273127643930918,14.492114168304113,0.008774703557312254,ppf025_xy071_0
114,231,114.16216216216216,6.012989691956618,1.4470686677465372,14.9219770070661,0.008759469696969698,ppf025_xy071_0
115,242,114.75675675675676,0.33484138310155015,1.4514463281337304,15.090586826280804,0.008714083843617522,ppf025_xy071_0
116,253,115.54954954954955,0.9384515586924292,1.4567819412098637,15.306759398391105,0.00865429596132855,ppf025_xy071_0
117,264,115.74774774774775,1.5294806204256293,1.45432224990453,15.281280471382411,0.00863947696139477,ppf025_xy071_0
118,275,115.74774774774775,2.1208299074398096,1.4409855828841547,15.002295696387046,0.00863947696139477,ppf025_xy071_0
119,286,116.34234234234235,2.717429134810883,1.4139291703187196,14.518408526460327,0.008595322905374013,ppf025_xy071_0
120,297,117.13513513513513,3.307575917685495,1.3964915648119318,14.259021279248342,0.00853714813105676,ppf025_xy071_0
121,308,117.33333333333333,3.889239923257773,1.3804272474930563,13.956430441243759,0.008522727272727274,ppf025_xy071_0
122,319,116.93693693693693,4.470394047079806,1.3524271397959076,13.350740946062304,0.008551617873651772,ppf025_xy071_0
123,330,116.93693693693693,5.052819446320788,1.303421130741805,12.40072649786713,0.008551617873651772,ppf025_xy071_0
124,341,117.72972972972973,5.6373636716538265,1.24893880880723,11.462896452339459,0.008494031221303948,ppf025_xy071_0
125,352,118.72072072072072,6.211815510793824,1.210577823115752,10.860200730671616,0.008423129458187888,ppf025_xy071_0
126,363,119.11711711711712,0.4973711127778279,1.1758134626366883,10.279616941597267,0.008395099077295416,ppf025_xy071_0
127,374,119.11711711711712,1.065978568439172,1.1317265771375924,9.523204367708455,0.008395099077295416,ppf025_xy071_0
128,385,118.91891891891892,1.641263499676372,1.070443793167063,8.505592846437546,0.00840909090909091,ppf025_xy071_0
129,396,119.90990990990991,2.202106761164681,0.99842116787483,7.4611975242660025,0.008339594290007513,ppf025_xy071_0
130,407,121.49549549549549,2.7369613709659935,0.944132562708593,6.760083031003677,0.008230757822927481,ppf025_xy071_0
131,418,122.09009009009009,3.2778574938059015,0.8952475371663433,6.107909375612463,0.008190672963400236,ppf025_xy071_0
132,0,74.32432432432432,2.2371988286417994,0.6447555800450019,1.9456295410637476,0.013454545454545455,ppf025_xy073_0
133,11,73.53153153153153,3.122365836694055,0.7120698159416888,2.347781781509241,0.013599607939230582,ppf025_xy073_0
134,22,73.13513513513513,4.038567486705584,0.7745976682848349,2.7632323322579317,0.013673318551367332,ppf025_xy073_0
135,33,72.93693693693695,4.968349442733089,0.8312596511183868,3.1736562496955303,0.013710474308300394,ppf025_xy073_0
136,44,72.73873873873873,5.901573561327448,0.8810657675930965,3.5556694867587404,0.013747832548922468,ppf025_xy073_0
137,55,72.73873873873873,0.5597410572771465,0.9222620053613078,3.895949904008032,0.013747832548922468,ppf025_xy073_0
138,66,72.73873873873873,1.501089577868958,0.9559444198848456,4.185718467343673,0.013747832548922468,ppf025_xy073_0
139,77,73.13513513513513,2.4464433353127566,0.9794308739061871,4.4178667319917855,0.013673318551367332,ppf025_xy073_0
140,88,73.33333333333334,3.384683119650426,0.9968725587320043,4.58901705243394,0.013636363636363634,ppf025_xy073_0
141,99,73.72972972972974,4.31952386894444,1.0062739043281383,4.701257351283109,0.013563049853372432,ppf025_xy073_0
142,110,74.32432432432432,5.247620062402633,1.009230072709222,4.767056494643468,0.013454545454545455,ppf025_xy073_0
143,121,75.11711711711712,6.165521684383705,1.006987391917055,4.796516479904554,0.013312544974814104,ppf025_xy073_0
144,132,75.90990990990991,0.7885577834820711,1.0020148193785363,4.799386529803782,0.013173510562544505,ppf025_xy073_0
145,143,77.0990990990991,1.6793661648354976,0.9927583388183314,4.784927410683689,0.012970320168263612,ppf025_xy073_0
146,154,78.28828828828829,2.5555976174040866,0.9834205347501919,4.767759122078813,0.012773302646720368,ppf025_xy073_0
147,165,79.67567567567568,3.414734815202409,0.9746235305326174,4.7658295201479275,0.012550881953867029,ppf025_xy073_0
148,176,81.45945945945945,4.253136819194595,0.9673013110854173,4.799588894618744,0.012276045122760452,ppf025_xy073_0
149,187,83.83783783783784,5.0712283101975775,0.9631521307282794,4.897436480454785,0.011927788523533205,ppf025_xy073_0
150,198,117.33333333333333,0.8750439927403612,0.854151808307158,5.390518006682306,0.008522727272727274,ppf025_xy073_0
151,209,115.74774774774775,1.4155119259947284,0.9198709384049982,6.1674453360389565,0.00863947696139477,ppf025_xy073_0
152,220,114.75675675675676,1.9782967509611924,0.9948781132288351,7.152485437606296,0.008714083843617522,ppf025_xy073_0
153,231,113.76576576576576,2.542278950713267,1.0640511918283342,8.111022431542173,0.008789990497307571,ppf025_xy073_0
154,242,112.77477477477477,3.1151745799289063,1.1289659300954078,9.051334260948572,0.00886723118709059,ppf025_xy073_0
155,253,111.78378378378379,3.697864841569836,1.1931050521432593,10.0201711243008,0.008945841392649903,ppf025_xy073_0
156,264,110.0,4.261454596923205,1.2466943080686166,10.765931234523583,0.00909090909090909,ppf025_xy073_0
157,275,110.0,4.882257165580969,1.2993157598439953,11.693945368159428,0.00909090909090909,ppf025_xy073_0
158,286,110.1981981981982,5.506003854538131,1.3447902493407666,12.549388367271595,0.00907455853499019,ppf025_xy073_0
159,297,109.8018018018018,6.114066185369882,1.3892429196599876,13.344577060295562,0.009107318674105677,ppf025_xy073_0
160,308,109.8018018018018,0.4467173254153828,1.4192857711029339,13.927979773950925,0.009107318674105677,ppf025_xy073_0
161,319,110.0,1.0675641311637862,1.4409124813453795,14.38158838799783,0.00909090909090909,ppf025_xy073_0
162,330,110.5945945945946,1.6889404194189552,1.4606837957858396,14.858853021251178,0.009042033235581623,ppf025_xy073_0
163,341,110.7927927927928,2.3030698357023716,1.4723945504976168,15.125121630235688,0.009025857863067165,ppf025_xy073_0
164,352,110.990990990991,2.913741285033318,1.4734253294681299,15.173401685172019,0.00900974025974026,ppf025_xy073_0
165,363,111.58558558558559,3.529139141190195,1.4657551873803931,15.096279904770478,0.008961730986597772,ppf025_xy073_0
166,374,112.18018018018019,4.13606716902311,1.450715359080552,14.866868990664994,0.008914230645679408,ppf025_xy073_0
167,385,112.37837837837839,4.74133025864308,1.4317632714411497,14.506550652742918,0.008898508898508899,ppf025_xy073_0
168,396,112.77477477477477,5.344391153991801,1.398004288683334,13.879312008864561,0.00886723118709059,ppf025_xy073_0
169,407,113.56756756756756,5.942122098862272,1.3578878770662446,13.186244042739368,0.008805330794859591,ppf025_xy073_0
170,418,113.96396396396396,0.2541628074817981,1.3169327723592725,12.446112450709862,0.008774703557312254,ppf025_xy073_0
171,429,114.36036036036036,0.8439629848296288,1.26676821334624,11.556033512891597,0.008744288640302505,ppf025_xy073_0
172,440,114.55855855855856,1.4380931490112026,1.2099063847855105,10.560148868575855,0.008729160113243158,ppf025_xy073_0
173,451,115.54954954954955,2.0143596666202077,1.1456509046765573,9.550185881080575,0.00865429596132855,ppf025_xy073_0
174,462,116.34234234234235,2.585257231053496,1.0866343468872786,8.65054805311104,0.008595322905374013,ppf025_xy073_0
175,473,116.73873873873875,3.1589636732180066,1.0251783876963618,7.72596691290988,0.008566136749498379,ppf025_xy073_0
176,484,116.93693693693693,3.7368976776287606,0.9560211026999166,6.730163799237486,0.008551617873651772,ppf025_xy073_0
177,495,117.92792792792793,4.29104674857892,0.8776510781854556,5.720044562093919,0.008479755538579069,ppf025_xy073_0
178,0,156.77477477477478,3.0063354805482367,0.46890767582796244,2.0810211065927553,0.006378577175037352,ppf025_xy074_0
179,11,153.2072072072072,3.391451172297212,0.5259409918453909,2.5584613082963275,0.006527108079501353,ppf025_xy074_0
180,22,152.018018018018,3.8089558494941853,0.5643975243697896,2.9234177646621085,0.006578167595116748,ppf025_xy074_0
181,33,150.23423423423424,4.218188229268188,0.5904216185886134,3.1616881038744227,0.006656272487407052,ppf025_xy074_0
182,44,146.66666666666669,4.615948557949565,0.6137446673403473,3.3352815463842687,0.006818181818181817,ppf025_xy074_0
183,55,141.31531531531533,5.018428001870087,0.6550544211295731,3.6607461276152367,0.007076373836542139,ppf025_xy074_0
184,66,138.54054054054055,5.468429401763187,0.7114876125786211,4.233866691088355,0.007218103784627389,ppf025_xy074_0
185,77,137.15315315315314,5.9317837346671975,0.750412419644928,4.662635203399692,0.0072911192853389395,ppf025_xy074_0
186,88,135.17117117117118,0.10914372451975438,0.7779904553745143,4.9392184007400095,0.0073980271927486,ppf025_xy074_0
187,99,132.3963963963964,0.5734002215482716,0.8078010691621561,5.215676267198834,0.007553075666848122,ppf025_xy074_0
188,110,128.43243243243245,1.0459610410018207,0.8568899132496999,5.693120611152954,0.0077861952861952854,ppf025_xy074_0
189,121,126.45045045045045,1.5419231542412566,0.9001602726821885,6.185654806139446,0.007908235964662298,ppf025_xy074_0
190,132,124.66666666666667,2.0473537286648416,0.935571435115777,6.587640180983949,0.00802139037433155,ppf025_xy074_0
191,143,121.69369369369369,2.549121409101589,0.9686279828508657,6.8929909964495755,0.008217352679893397,ppf025_xy074_0
192,154,119.11711711711712,3.0714961554583833,1.008000267253046,7.306696763771964,0.008395099077295416,ppf025_xy074_0
193,165,115.74774774774775,3.609923587154527,1.084506252400092,8.21868404394693,0.00863947696139477,ppf025_xy074_0
194,176,114.36036036036036,4.173431086379176,1.1380414761842186,8.94164268776574,0.008744288640302505,ppf025_xy074_0
195,187,114.16216216216216,4.757807968098538,1.1845536287423448,9.670685411666666,0.008759469696969698,ppf025_xy074_0
196,198,113.56756756756756,5.341670974550364,1.219060811723791,10.188979314304348,0.008805330794859591,ppf025_xy074_0
197,209,112.57657657657657,5.933666748300753,1.2506963501656911,10.631080780175864,0.008882842509603073,ppf025_xy074_0
198,220,111.1891891891892,0.23128967006330994,1.2934494717833473,11.230190267231222,0.00899368011667477,ppf025_xy074_0
199,231,110.7927927927928,0.8427205640884093,1.30860143073959,11.45386096298881,0.009025857863067165,ppf025_xy074_0
200,242,110.7927927927928,1.4612905533997667,1.3162502614361995,11.588148881948413,0.009025857863067165,ppf025_xy074_0
201,253,111.1891891891892,2.08373781147429,1.3289472114592265,11.85505680135936,0.00899368011667477,ppf025_xy074_0
202,264,110.990990990991,2.6997725796946663,1.3241218643130699,11.748143919183779,0.00900974025974026,ppf025_xy074_0
203,275,110.7927927927928,3.317701090881573,1.3110554406220178,11.496859912224137,0.009025857863067165,ppf025_xy074_0
204,286,110.5945945945946,3.9347390207604453,1.2934935201613715,11.170896583970157,0.009042033235581623,ppf025_xy074_0
205,297,109.4054054054054,4.5476326153834,1.2675053581734457,10.61118785329813,0.009140316205533598,ppf025_xy074_0
206,308,108.8108108108108,5.169515925711041,1.2264535643278611,9.880976840030959,0.009190263288623945,ppf025_xy074_0
207,319,108.8108108108108,5.795320137168757,1.179334736073955,9.136331369085896,0.009190263288623945,ppf025_xy074_0
208,330,109.4054054054054,0.13239624837793673,1.1346969134021125,8.504017441022805,0.009140316205533598,ppf025_xy074_0
209,341,110.1981981981982,0.7471827370289732,1.09129805559853,7.922949209883169,0.00907455853499019,ppf025_xy074_0
210,352,110.990990990991,1.3489104489545212,1.0481932550406377,7.362004287145048,0.00900974025974026,ppf025_xy074_0
211,363,111.1891891891892,1.9553462827680381,0.9975075635855633,6.6791404127866985,0.00899368011667477,ppf025_xy074_0
212,374,111.38738738738739,2.565405444900112,0.9289283041610804,5.802645309772458,0.008977677127143318,ppf025_xy074_0
213,385,112.77477477477477,3.1500301497761165,0.8648908015936274,5.092841267699506,0.00886723118709059,ppf025_xy074_0
214,396,114.55855855855856,3.707208746747358,0.8135138886898222,4.577023049909481,0.008729160113243158,ppf025_xy074_0
215,407,115.54954954954955,4.2675211067269485,0.764297314347889,4.074914861386794,0.00865429596132855,ppf025_xy074_0
216,418,115.74774774774775,4.844702055726178,0.70230032814367,3.4465446351114206,0.00863947696139477,ppf025_xy074_0
217,0,66.990990990991,2.782812363071198,0.5340704507219332,1.2148456460101769,0.014927380311995695,ppf025_xy075_0
218,11,67.78378378378378,3.8330708522689316,0.5766394539172921,1.4329865530485852,0.014752791068580543,ppf025_xy075_0
219,22,69.76576576576576,4.895096895833091,0.6078396719979061,1.6388078999655846,0.014333677685950414,ppf025_xy075_0
220,33,72.54054054054055,5.934164794190465,0.6315050037656803,1.8392551431912783,0.013785394932935915,ppf025_xy075_0
221,44,75.71171171171171,0.6581744847281881,0.6534899031653257,2.0556464767903586,0.013207996192289385,ppf025_xy075_0
222,55,78.68468468468468,1.6283088550113998,0.6790607375828983,2.3068271283743527,0.012708953514998855,ppf025_xy075_0
223,66,81.65765765765767,2.5747163002026157,0.7095685849717763,2.613925928857795,0.012246248896734332,ppf025_xy075_0
224,77,84.82882882882883,3.508752170480408,0.7457108612460306,2.9991073273109587,0.011788445199660153,ppf025_xy075_0
225,88,88.0,4.425277569871115,0.7891099108242418,3.483896685844933,0.011363636363636364,ppf025_xy075_0
226,99,91.36936936936937,5.329542926727988,0.8396791707478936,4.0957645927191,0.01094458686649576,ppf025_xy075_0
227,110,94.73873873873875,6.209443560881598,0.8961563862437576,4.837297593958937,0.010555344237352604,ppf025_xy075_0
228,121,98.10810810810811,0.7759014563500377,0.9555615562703252,5.695473542402056,0.010192837465564738,ppf025_xy075_0
229,132,100.09009009009009,1.5420126082197878,1.0180907667470278,6.595863771170415,0.009990999099909992,ppf025_xy075_0
230,143,100.88288288288288,2.2509311723735532,1.0812812471469047,7.498983982898074,0.009912484372209323,ppf025_xy075_0
231,154,101.27927927927928,2.942144129900958,1.1448034547030757,8.438982075528711,0.009873687955879737,ppf025_xy075_0
232,165,101.87387387387388,3.632322395377229,1.2060949281549198,9.421789628267977,0.009816059426954368,ppf025_xy075_0
233,176,102.66666666666667,4.318518937016773,1.26114450257917,10.381659091369427,0.00974025974025974,ppf025_xy075_0
234,187,103.26126126126127,4.993503618786113,1.3090893369454424,11.250804952394256,0.009684173791659395,ppf025_xy075_0
235,198,103.45945945945947,5.659827447782295,1.3522734352340744,12.028371635772702,0.009665621734587251,ppf025_xy075_0
236,209,103.65765765765765,0.04205844304422763,1.3917710621076969,12.765698856604148,0.009647140622284027,ppf025_xy075_0
237,220,104.05405405405405,0.7080433847824936,1.4330273539518674,13.58549809240841,0.00961038961038961,ppf025_xy075_0
238,231,104.45045045045045,1.3682988908222782,1.4666868736883194,14.285410588156847,0.009573917543557013,ppf025_xy075_0
239,242,104.84684684684684,2.0247436773469554,1.492606728142906,14.85093384691473,0.009537721257948101,ppf025_xy075_0
240,253,104.84684684684684,2.6750492568441557,1.5218811636949607,15.439188061709283,0.009537721257948101,ppf025_xy075_0
241,264,105.04504504504504,3.328696538586208,1.5355368448200855,15.747211286195046,0.009519725557461407,ppf025_xy075_0
242,275,105.24324324324324,3.98306766389364,1.5443850684639922,15.959269584471262,0.009501797637390858,ppf025_xy075_0
243,286,105.63963963963964,4.637470737014439,1.553027465849321,16.199170763915205,0.009466143612485076,ppf025_xy075_0
244,297,105.63963963963964,5.287918007072065,1.551078747307877,16.15854325436193,0.009466143612485076,ppf025_xy075_0
245,308,105.63963963963964,5.9387025946133445,1.54523985199306,16.03711749136999,0.009466143612485076,ppf025_xy075_0
246,319,105.83783783783784,0.30572463607275185,1.5349753317516404,15.854456527411015,0.009448416751787538,ppf025_xy075_0
247,330,105.83783783783784,0.9529467358534709,1.5206400976815455,15.559707730125957,0.009448416751787538,ppf025_xy075_0
248,341,105.63963963963964,1.6019096231798757,1.4998304250112302,15.108412344496632,0.009466143612485076,ppf025_xy075_0
249,352,105.63963963963964,2.253247584938213,1.4686813494826938,14.487373952994707,0.009466143612485076,ppf025_xy075_0
250,363,105.83783783783784,2.903620104548027,1.440733112557777,13.967402040039675,0.009448416751787538,ppf025_xy075_0
251,374,106.03603603603604,3.550953242249346,1.4126472057975983,13.45329028633505,0.009430756159728122,ppf025_xy075_0
252,385,105.83783783783784,4.199341510233148,1.3808259129325224,12.829992890582183,0.009448416751787538,ppf025_xy075_0
253,396,105.83783783783784,4.845651747232275,1.3391216451809824,12.066702860828249,0.009448416751787538,ppf025_xy075_0
254,407,105.83783783783784,5.495498125740995,1.2915443520269219,11.224505260195217,0.009448416751787538,ppf025_xy075_0
255,418,106.23423423423424,6.137389041165952,1.2436571149900777,10.446562549116324,0.009413161465400272,ppf025_xy075_0
256,429,106.23423423423424,0.49811257708400425,1.1961964453773557,9.664449173052047,0.009413161465400272,ppf025_xy075_0
257,440,106.03603603603604,1.1449914368412135,1.141508338191725,8.784544758578072,0.009430756159728122,ppf025_xy075_0
258,451,106.03603603603604,1.7898481648457323,1.0764317766480205,7.811493995560728,0.009430756159728122,ppf025_xy075_0
259,462,106.63063063063063,2.4211642798240045,1.0105357494552074,6.922977838782826,0.009378168300101386,ppf025_xy075_0
260,473,107.22522522522523,3.043721227653942,0.9511689811840079,6.1676528988345645,0.009326163669971433,ppf025_xy075_0
261,484,107.81981981981983,3.658893194458922,0.8898570717604817,5.4280859232482905,0.009274732620320855,ppf025_xy075_0
262,0,136.36036036036035,2.0761332391144984,0.6616037000685753,5.955132729223245,0.0073335095137420725,ppf025_xy076_0
263,11,135.36936936936937,2.5494634733732093,0.7026276540023308,6.667735102783474,0.007387195527751897,ppf025_xy076_0
264,22,134.3783783783784,3.02782270929901,0.7428678198257365,7.398777065794814,0.00744167337087691,ppf025_xy076_0
265,33,134.3783783783784,3.535128386860658,0.7828686179644618,8.217025203587225,0.00744167337087691,ppf025_xy076_0
266,44,133.7837837837838,4.030847032191757,0.8191303150771334,8.95605861713003,0.0074747474747474734,ppf025_xy076_0
267,55,133.38738738738738,4.533994768839669,0.8529168563661523,9.681343198248253,0.00749696069161151,ppf025_xy076_0
268,66,132.990990990991,5.040798365688622,0.8852999572304523,10.399454598404503,0.007519306327055953,ppf025_xy076_0
269,77,132.7927927927928,5.552176648503762,0.9154334728818856,11.102877189734436,0.007530529172320217,ppf025_xy076_0
270,88,132.3963963963964,6.060708588960673,0.9386768941886591,11.639005528524716,0.007553075666848122,ppf025_xy076_0
271,99,132.59459459459458,0.2937573118183837,0.9598164678281187,12.187360797721778,0.007541785568691399,ppf025_xy076_0
272,110,132.59459459459458,0.8082969772026836,0.976814257424722,12.62284513656735,0.007541785568691399,ppf025_xy076_0
273,121,132.59459459459458,1.3216862585742182,0.9903387029146377,12.974803162318043,0.007541785568691399,ppf025_xy076_0
274,132,132.59459459459458,1.8385646593806082,1.0019023540996692,13.279571708348422,0.007541785568691399,ppf025_xy076_0
275,143,132.59459459459458,2.3540288538976863,1.0103280636976844,13.503865612566708,0.007541785568691399,ppf025_xy076_0
276,154,132.7927927927928,2.8688076445757367,1.013908051175417,13.62006256826183,0.007530529172320217,ppf025_xy076_0
277,165,132.7927927927928,3.3831436330052327,1.0137905889374,13.616906955960186,0.007530529172320217,ppf025_xy076_0
278,176,132.3963963963964,3.9020661097893243,1.0098212393034018,13.47015585695235,0.007553075666848122,ppf025_xy076_0
279,187,132.3963963963964,4.418794296625416,1.0029413158383953,13.287236456008426,0.007553075666848122,ppf025_xy076_0
280,198,132.3963963963964,4.935496968322939,0.9931541351727804,13.02917536489605,0.007553075666848122,ppf025_xy076_0
281,209,132.1981981981982,5.455200424080137,0.9831285286790601,12.74833854286823,0.007564399618372631,ppf025_xy076_0
282,220,132.1981981981982,5.973480680915079,0.9687779916687872,12.378884725368051,0.007564399618372631,ppf025_xy076_0
283,231,131.8018018018018,0.21470556542402497,0.9512080458543429,11.898160749850692,0.0075871496924128515,ppf025_xy076_0
284,242,131.40540540540542,0.7410952195613277,0.9329440737765823,11.411215462692756,0.007610037021801727,ppf025_xy076_0
285,253,131.2072072072072,1.2664201778233637,0.91271256241624,10.905189136826682,0.007621532546003845,ppf025_xy076_0
286,264,130.61261261261262,1.8016350032443949,0.8946776635265353,10.430995570745464,0.0076562284453028,ppf025_xy076_0
287,275,130.2162162162162,2.334162989000282,0.8725367853279441,9.890995791362569,0.007679535076795352,ppf025_xy076_0
288,286,129.81981981981983,2.8698918581512034,0.8494704542234102,9.346413968798736,0.007702984038861901,ppf025_xy076_0
289,297,129.02702702702703,3.4151872548006916,0.8274651395735626,8.814294519762262,0.007750314201927105,ppf025_xy076_0
290,308,128.23423423423424,3.965416839896855,0.8064551208232762,8.32092955190611,0.007798229591119854,ppf025_xy076_0
291,319,127.63963963963964,4.511891506082004,0.7844791383876111,7.837107821555534,0.007834556747600226,ppf025_xy076_0
292,330,126.84684684684684,5.065358151467908,0.7635967348963867,7.379301518152988,0.007883522727272727,ppf025_xy076_0
293,341,126.05405405405405,5.621869304732678,0.7460767258844668,7.000535410323874,0.007933104631217838,ppf025_xy076_0
294,352,125.06306306306307,6.182622412288551,0.7294596249333133,6.639555933007003,0.00799596599913557,ppf025_xy076_0
295,363,124.07207207207207,0.46373376492610724,0.7145471325318316,6.3203808898576606,0.008059831542259657,ppf025_xy076_0
296,374,123.08108108108108,1.0297697693900207,0.699400464883274,6.006902599855223,0.008124725516029864,ppf025_xy076_0
297,385,121.89189189189189,1.6017216168396862,0.6892303176919619,5.777115070204685,0.008203991130820399,ppf025_xy076_0
298,396,120.90090090090091,2.17556668194864,0.6814627560711272,5.601718005096867,0.00827123695976155,ppf025_xy076_0
299,407,119.90990990990991,2.751269087637233,0.6765006509485614,5.475187153677804,0.008339594290007513,ppf025_xy076_0
300,418,118.72072072072072,3.3295715438793634,0.6733391056065458,5.370338423060839,0.008423129458187888,ppf025_xy076_0
301,429,117.53153153153153,3.9128402816794075,0.6703754225751938,5.269847132639856,0.008508355051356739,ppf025_xy076_0
302,440,116.54054054054055,4.500209833131111,0.6668391526597034,5.170430021792228,0.008580705009276436,ppf025_xy076_0
303,451,115.54954954954955,5.094449070830985,0.6644232557070793,5.0893856532438075,0.00865429596132855,ppf025_xy076_0
304,462,114.95495495495496,5.692224738089381,0.6603612047507055,5.001476729624211,0.008699059561128526,ppf025_xy076_0
305,473,114.16216216216216,0.011247166646678184,0.6571561882594096,4.918886977461495,0.008759469696969698,ppf025_xy076_0
306,484,113.56756756756756,0.615789321152276,0.6527700409733518,4.828166149626114,0.008805330794859591,ppf025_xy076_0
307,495,112.97297297297297,1.223425064859694,0.6467739313029183,4.715057858287383,0.008851674641148326,ppf025_xy076_0
308,506,112.37837837837839,1.8340456243254981,0.6386677355813682,4.573410339218304,0.008898508898508899,ppf025_xy076_0
309,517,111.98198198198199,2.4480963888984237,0.6284464051276939,4.412574968494798,0.008930008045052293,ppf025_xy076_0
310,528,111.58558558558559,3.065796957406933,0.6174463897519441,4.2443780772418345,0.008961730986597772,ppf025_xy076_0
311,539,111.1891891891892,3.686045821295117,0.6041383807805151,4.048954275274397,0.00899368011667477,ppf025_xy076_0
312,550,110.7927927927928,4.308210910458653,0.5893000522529577,3.8387685110191128,0.009025857863067165,ppf025_xy076_0
313,561,110.3963963963964,4.932624216591383,0.5721862282720575,3.6060949128341724,0.009058266688428268,ppf025_xy076_0
314,572,110.0,5.560083486988558,0.55254489652626,3.350697978803272,0.00909090909090909,ppf025_xy076_0
315,583,109.8018018018018,6.188539036081426,0.5314808830764122,3.094512327908183,0.009107318674105677,ppf025_xy076_0
316,594,109.4054054054054,0.5409968499447221,0.5091186631138519,2.8293343318047346,0.009140316205533598,ppf025_xy076_0
317,605,109.2072072072072,1.173606637895885,0.48479154999715396,2.5607597692903092,0.009156904801187924,ppf025_xy076_0
318,616,109.2072072072072,1.803199876961522,0.45814672504382326,2.2870092879241493,0.009156904801187924,ppf025_xy076_0
319,627,109.009009009009,2.43974250622679,0.43085221968823484,2.0189544250847216,0.009173553719008265,ppf025_xy076_0
320,638,108.61261261261261,3.0867891403732077,0.4026972063825838,1.7572961140663683,0.009207033842070339,ppf025_xy076_0
321,649,108.61261261261261,3.721130493154349,0.3728578991391152,1.5065183000041595,0.009207033842070339,ppf025_xy076_0
322,660,108.8108108108108,4.348050253221153,0.3430941796448018,1.2779274598171046,0.009190263288623945,ppf025_xy076_0
323,671,109.6036036036036,4.942633651309466,0.31316661515127897,1.0724651891491457,0.009123787604800263,ppf025_xy076_0
324,0,93.74774774774775,4.020629952932116,0.515064205207365,1.7587216677419573,0.010666922929079376,ppf025_xy077_0
325,11,92.95495495495496,4.716509702643923,0.5772921347886912,2.190672006940737,0.01075789881760031,ppf025_xy077_0
326,22,92.55855855855856,5.43784434341757,0.6400933078503829,2.6817401171582844,0.010803971189410162,ppf025_xy077_0
327,33,92.36036036036036,6.172054257807665,0.7010604318342271,3.2100371874514426,0.010827155676941085,ppf025_xy077_0
328,44,91.96396396396396,0.6183446679496319,0.7619119821560109,3.7752074597094465,0.010873824451410658,ppf025_xy077_0
329,55,91.76576576576576,1.3600933845337968,0.8233818965160461,4.399434477720387,0.010897310033379149,ppf025_xy077_0
330,66,91.96396396396396,2.1144825115940584,0.8824567208501659,5.0642839193333975,0.010873824451410658,ppf025_xy077_0
331,77,92.36036036036036,2.8707816332202456,0.9366797935572798,5.730354036593412,0.010827155676941085,ppf025_xy077_0
332,88,92.55855855855856,3.6183979252781833,0.9870630558021448,6.377051289668372,0.010803971189410162,ppf025_xy077_0
333,99,92.75675675675676,4.364784393454244,1.0342450185506327,7.016264674124,0.01078088578088578,ppf025_xy077_0
334,110,92.95495495495496,5.1085001025118295,1.0789643524019035,7.652445942124946,0.01075789881760031,ppf025_xy077_0
335,121,93.54954954954955,5.854800418274154,1.119938451304706,8.297429000751286,0.010689522342064715,ppf025_xy077_0
336,132,94.14414414414415,0.31140729637882786,1.1556850250343595,8.891720776640593,0.01062200956937799,ppf025_xy077_0
337,143,94.54054054054055,1.0452375803917897,1.1878332287092213,9.432841873315224,0.010577472841623784,ppf025_xy077_0
338,154,94.93693693693693,1.7760775209882567,1.216927876322218,9.942106880220301,0.010533308028088823,ppf025_xy077_0
339,165,95.33333333333333,2.5027334476776937,1.2466555308959648,10.477345069613692,0.01048951048951049,ppf025_xy077_0
340,176,96.12612612612612,3.227209826205017,1.2719200295097821,10.997009147351775,0.010402999062792878,ppf025_xy077_0
341,187,96.72072072072072,3.944030720974435,1.294397923881401,11.459579247381411,0.010339046199701937,ppf025_xy077_0
342,198,97.31531531531532,4.656373442961799,1.3131546119939055,11.866604105390493,0.010275874837992964,ppf025_xy077_0
343,209,97.90990990990991,5.365855891056201,1.3314742000214144,12.274553265625386,0.01021347073978653,ppf025_xy077_0
344,220,98.50450450450451,6.070478700214489,1.351120298059272,12.716209098320796,0.01015182001097494,ppf025_xy077_0
345,231,99.29729729729729,0.4859588269723888,1.370668112760266,13.192149966603369,0.010070767555797496,ppf025_xy077_0
346,242,100.09009009009009,1.178069162098955,1.3877590473920558,13.63115787288782,0.009990999099909992,ppf025_xy077_0
347,253,100.68468468468468,1.8654337708778883,1.403552601987809,14.026016145008388,0.009931997136721547,ppf025_xy077_0
348,264,101.47747747747748,2.5504634552502665,1.4180508095031699,14.430014918918923,0.009854403409090908,ppf025_xy077_0
349,275,102.07207207207207,3.229487510781708,1.4322244795837507,14.806167178409055,0.009796999117387467,ppf025_xy077_0
350,286,102.66666666666667,3.9070986271972825,1.4428699481355693,15.1146247974645,0.00974025974025974,ppf025_xy077_0
351,297,103.45945945945947,4.580590228275546,1.4551393985251302,15.49148094099983,0.009665621734587251,ppf025_xy077_0
352,308,104.05405405405405,5.244308889849503,1.4643280754386145,15.777904264946251,0.00961038961038961,ppf025_xy077_0
353,319,104.45045045045045,5.9040054204813455,1.4680881395563514,15.919451869845375,0.009573917543557013,ppf025_xy077_0
354,330,105.04504504504504,0.2790950643884843,1.4681042496975465,16.010426312218158,0.009519725557461407,ppf025_xy077_0
355,341,105.63963963963964,0.9329660076469056,1.46840377962006,16.10762207001964,0.009466143612485076,ppf025_xy077_0
356,352,106.23423423423424,1.5795743763636343,1.4649903808371174,16.12306373592257,0.009413161465400272,ppf025_xy077_0
357,363,106.43243243243244,2.222923775296924,1.4539298759165447,15.910156147017533,0.009395632300660234,ppf025_xy077_0
358,374,107.02702702702703,2.8649233547176545,1.432720176858455,15.535661457525533,0.009343434343434343,ppf025_xy077_0
359,385,107.42342342342343,3.5035910562959836,1.414134007496652,15.191255014990519,0.009308956725930895,ppf025_xy077_0
360,396,108.01801801801803,4.13505061696417,1.3913249158036471,14.786550206099813,0.009257714762301918,ppf025_xy077_0
361,407,108.21621621621621,4.764538044107577,1.3606991213895323,14.168702656154457,0.009240759240759242,ppf025_xy077_0
362,418,108.41441441441441,5.394098036718651,1.3218029960821958,13.394731887586865,0.00922386571381087,ppf025_xy077_0
363,429,109.2072072072072,6.014733734502359,1.2759728657912865,12.573254654911782,0.009156904801187924,ppf025_xy077_0
364,440,109.8018018018018,0.3485222982314009,1.232288039111602,11.790913840642034,0.009107318674105677,ppf025_xy077_0
365,451,110.1981981981982,0.960941227834591,1.1834871771540763,10.914783860997604,0.00907455853499019,ppf025_xy077_0
366,462,110.3963963963964,1.5758170956642554,1.126438111879906,9.905652808488517,0.009058266688428268,ppf025_xy077_0
367,473,111.1891891891892,2.1774081446962206,1.0603185358987146,8.839929537011374,0.00899368011667477,ppf025_xy077_0
368,484,111.98198198198199,2.770669153170334,1.0013922138515017,7.940906880812447,0.008930008045052293,ppf025_xy077_0
369,495,112.97297297297297,3.3492397920937056,0.9420054479657936,7.089162304468693,0.008851674641148326,ppf025_xy077_0
370,0,69.96396396396396,4.230481029809318,0.45314666104045415,1.163937042705969,0.014293072366726759,ppf025_xy078_0
371,11,69.36936936936937,5.1795844265635855,0.512512769045145,1.4762320863841374,0.014415584415584416,ppf025_xy078_0
372,22,68.97297297297297,6.149944275135676,0.571186438224727,1.823107319458163,0.014498432601880879,ppf025_xy078_0
373,33,69.17117117117118,0.8706437771898795,0.6241899865761715,2.1834147387370875,0.014456889815056002,ppf025_xy078_0
374,44,69.17117117117118,1.863047726729004,0.6734571753205818,2.5416901850751827,0.014456889815056002,ppf025_xy078_0
375,55,69.36936936936937,2.860843166038591,0.716903452529302,2.8884616391705302,0.014415584415584416,ppf025_xy078_0
376,66,69.96396396396396,3.862630339801697,0.7535525992981095,3.2186893710283533,0.014293072366726759,ppf025_xy078_0
377,77,70.55855855855856,4.852139710300852,0.7847757878861565,3.5206139477478215,0.014172625127681308,ppf025_xy078_0
378,88,71.35135135135135,5.832628173882313,0.8092445713304113,3.785639950699485,0.014015151515151515,ppf025_xy078_0
379,99,72.34234234234233,0.5184003413081232,0.828625616604772,4.024267032545675,0.013823163138231632,ppf025_xy078_0
380,110,73.53153153153153,1.472018725672255,0.844713729709009,4.250795693069495,0.013599607939230582,ppf025_xy078_0
381,121,74.91891891891892,2.407190833231763,0.8582196235632928,4.4706008580188765,0.013347763347763348,ppf025_xy078_0
382,132,76.70270270270271,3.323025925229235,0.8680476198736028,4.682473004635842,0.013037350246652571,ppf025_xy078_0
383,143,78.88288288288288,4.220123902311776,0.8767195358054699,4.912263513381845,0.01267702147099132,ppf025_xy078_0
384,154,81.45945945945945,5.101306193113455,0.8903648365343566,5.231847033131286,0.012276045122760452,ppf025_xy078_0
385,165,84.23423423423424,5.9693664527916805,0.9106485982354767,5.659366150591996,0.011871657754010695,ppf025_xy078_0
386,176,87.4054054054054,0.5471779145683938,0.938286881745922,6.234291348791563,0.011440940012368584,ppf025_xy078_0
387,187,91.17117117117117,1.4050845211595744,0.9732339497789991,6.996318114743738,0.010968379446640317,ppf025_xy078_0
388,198,95.33333333333333,2.2519193298572477,1.0127605367407213,7.922018147323871,0.01048951048951049,ppf025_xy078_0
389,209,98.90090090090091,3.0512102775765637,1.0540591528855061,8.902412816520645,0.010111131353616323,ppf025_xy078_0
390,220,100.09009009009009,3.765780433315806,1.0999379844648138,9.81081291167516,0.009990999099909992,ppf025_xy078_0
391,231,100.88288288288288,4.463385407800907,1.1404320431972201,10.630013622446617,0.009912484372209323,ppf025_xy078_0
392,242,100.48648648648648,5.1236538063735715,1.1897280688940206,11.523398772786182,0.009951586874663798,ppf025_xy078_0
393,253,100.88288288288288,5.801667291003943,1.2180326071219334,12.12586775945469,0.009912484372209323,ppf025_xy078_0
394,264,101.67567567567568,0.20271588390164244,1.2416057140316417,12.698779619799426,0.009835194045720362,ppf025_xy078_0
395,275,102.46846846846847,0.8760838290554043,1.2621287489208637,13.224372616390545,0.009759099701072622,ppf025_xy078_0
396,286,102.66666666666667,1.5397853519737525,1.273517926686882,13.49016001531714,0.00974025974025974,ppf025_xy078_0
397,297,103.06306306306307,2.1985554220913213,1.274013191646468,13.552780650899708,0.009702797202797202,ppf025_xy078_0
398,308,103.85585585585585,2.861574436070986,1.2701321146586093,13.57395162657727,0.009628730048577377,ppf025_xy078_0
399,319,104.45045045045045,3.5150902665835644,1.2640675971738689,13.521610728686673,0.009573917543557013,ppf025_xy078_0
400,330,104.84684684684684,4.167042801521182,1.2391695829160827,13.043507045985681,0.009537721257948101,ppf025_xy078_0
401,341,105.63963963963964,4.813032216348791,1.2104991772978813,12.541036223605484,0.009466143612485076,ppf025_xy078_0
402,352,106.23423423423424,5.453962185156581,1.1824273416168811,12.033471471026948,0.009413161465400272,ppf025_xy078_0
403,363,106.63063063063063,6.088275057447721,1.1455045633551473,11.33582516166916,0.009378168300101386,ppf025_xy078_0
404,374,107.02702702702703,0.4396963089780148,1.0953776366509322,10.403961010847485,0.009343434343434343,ppf025_xy078_0
405,385,108.01801801801803,1.066314077797004,1.0426750371466278,9.514186724527224,0.009257714762301918,ppf025_xy078_0
406,396,109.2072072072072,1.674211673014072,0.9968515964231459,8.792043583540865,0.009156904801187924,ppf025_xy078_0
407,407,109.6036036036036,2.286563545955049,0.9482906921285589,7.98519126298818,0.009123787604800263,ppf025_xy078_0
408,418,109.8018018018018,2.9026564045656094,0.886798575597732,6.995793062957421,0.009107318674105677,ppf025_xy078_0
409,429,110.990990990991,3.49639539416574,0.8194714105888949,6.0385526374613026,0.00900974025974026,ppf025_xy078_0
410,0,22.0,0.03831111096436066,5.205271872015981,6.9914687666344415,0.045454545454545456,ppf025_xy079_0
411,11,22.0,3.1413239724145234,5.8652809143502775,8.876856942416063,0.045454545454545456,ppf025_xy079_0
412,22,22.0,6.244746481226137,5.191722858367328,6.955119379692676,0.045454545454545456,ppf025_xy079_0
413,33,101.47747747747748,4.787836024319837,2.1637361753960915,5.572334527556706,0.009854403409090908,ppf025_xy079_0
414,44,101.87387387387388,5.457010048531585,2.185451249132047,5.706948755701072,0.009816059426954368,ppf025_xy079_0
415,55,102.27027027027027,6.123399928341853,2.189641747053408,5.751146604792828,0.009778012684989429,ppf025_xy079_0
416,66,102.66666666666667,0.5044993509367742,2.1794531671972526,5.719834327131559,0.00974025974025974,ppf025_xy079_0
417,77,103.06306306306307,1.1673804602273794,2.161718069404859,5.648850184991655,0.009702797202797202,ppf025_xy079_0
418,88,103.45945945945947,1.8266610767699125,2.139544059297628,5.554840320363297,0.009665621734587251,ppf025_xy079_0
419,99,103.85585585585585,2.481715947572183,2.108713493875108,5.416578591954032,0.009628730048577377,ppf025_xy079_0
420,110,104.25225225225225,3.135416490936116,2.067836488895124,5.228495529191916,0.009592118907708261,ppf025_xy079_0
421,121,104.45045045045045,3.792953950190429,2.0256191605387377,5.026721400245112,0.009573917543557013,ppf025_xy079_0
422,132,104.64864864864865,4.4500414619892625,1.9858037732053408,4.840221019387476,0.009555785123966943,ppf025_xy079_0
423,143,105.04504504504504,5.101101424500641,1.9468950673616363,4.67002888598772,0.009519725557461407,ppf025_xy079_0
424,154,105.63963963963964,5.743055142561682,1.9089472373979623,4.51516542362573,0.009466143612485076,ppf025_xy079_0
425,165,106.23423423423424,0.09996720444762719,1.86534025124472,4.335503297421395,0.009413161465400272,ppf025_xy079_0
426,176,106.63063063063063,0.7439581244100332,1.8230169450317608,4.156447451675933,0.009378168300101386,ppf025_xy079_0
427,187,106.82882882882883,1.3899767926379711,1.786051831802206,3.997012339967144,0.009360769101028841,ppf025_xy079_0
428,198,107.42342342342343,2.0282483299260656,1.7576639121673416,3.8925084698091914,0.009308956725930895,ppf025_xy079_0
429,209,108.01801801801803,2.661696550355358,1.7319465827263827,3.800354382562536,0.009257714762301918,ppf025_xy079_0
430,220,108.41441441441441,3.296306081818687,1.705170100480429,3.6972715733525416,0.00922386571381087,ppf025_xy079_0
431,231,108.8108108108108,3.929523531087072,1.680132713002497,3.6026172798646443,0.009190263288623945,ppf025_xy079_0
432,242,110.3963963963964,4.600039442131237,1.546491492486053,3.096769445093758,0.009058266688428268,ppf025_xy079_0
433,253,110.990990990991,5.2249253700345495,1.5439296191983554,3.1031418794575205,0.00900974025974026,ppf025_xy079_0
434,264,111.38738738738739,5.842929766631406,1.542127387626238,3.106958293665601,0.008977677127143318,ppf025_xy079_0
435,275,111.58558558558559,0.17194824344763188,1.5294955365401628,3.061705613087243,0.008961730986597772,ppf025_xy079_0
436,286,111.98198198198199,0.7858680643565249,1.503882046766928,2.9705345300593797,0.008930008045052293,ppf025_xy079_0
437,297,112.77477477477477,1.402503333646461,1.4781886788836347,2.890218107773191,0.00886723118709059,ppf025_xy079_0
438,308,113.36936936936937,2.0108671613421634,1.4630896413613919,2.8464037802446445,0.008820724729815639,ppf025_xy079_0
439,319,113.76576576576576,2.613147459945597,1.447249694120178,2.7948431062013834,0.008789990497307571,ppf025_xy079_0
440,330,113.96396396396396,3.2108431516608418,1.418910431520089,2.6911407684315036,0.008774703557312254,ppf025_xy079_0
441,341,114.16216216216216,3.8110116119666615,1.3790978907923162,2.5466618333182596,0.008759469696969698,ppf025_xy079_0
442,352,114.75675675675676,4.408238364809563,1.3381054291156458,2.4100044081343506,0.008714083843617522,ppf025_xy079_0
443,363,115.15315315315316,4.998460152169812,1.300944262963267,2.2858731192105353,0.00868408699734001,ppf025_xy079_0
444,374,115.15315315315316,5.58968773688163,1.2582112165966435,2.13816809572787,0.00868408699734001,ppf025_xy079_0
445,385,114.95495495495496,6.184921294805569,1.2025997766045757,1.949974081582048,0.008699059561128526,ppf025_xy079_0
446,396,115.15315315315316,0.49717631722941974,1.1348609960314588,1.739482564938684,0.00868408699734001,ppf025_xy079_0
447,407,116.34234234234235,1.071809473090522,1.0730644359683574,1.5712609306627583,0.008595322905374013,ppf025_xy079_0
448,418,117.33333333333333,1.6365296197771884,1.0202664130024999,1.4325424310241859,0.008522727272727274,ppf025_xy079_0
449,429,117.72972972972973,2.207547349387029,0.9668517992969313,1.2908175819702878,0.008494031221303948,ppf025_xy079_0
450,440,117.92792792792793,2.7803782321859636,0.9027588694372402,1.1272470342372352,0.008479755538579069,ppf025_xy079_0
451,0,71.74774774774775,2.4044477399466793,0.54266683712749,1.6696051766176816,0.013937719738824711,ppf025_xy081_0
452,11,71.74774774774775,3.3652325777405876,0.6037535401963863,2.0666484121740494,0.013937719738824711,ppf025_xy081_0
453,22,72.14414414414415,4.342280957100687,0.6609792103650918,2.4906667960532705,0.01386113886113886,ppf025_xy081_0
454,33,72.73873873873873,5.317460256519687,0.7138262138099046,2.9287998712742156,0.013747832548922468,ppf025_xy081_0
455,44,73.33333333333334,6.27948306333763,0.7625184299930824,3.36931070350491,0.013636363636363634,ppf025_xy081_0
456,55,74.32432432432432,0.9564707419601457,0.8046243674263897,3.802386651679643,0.013454545454545455,ppf025_xy081_0
457,66,75.31531531531532,1.898770223653653,0.8421263309503686,4.220624714293192,0.013277511961722487,ppf025_xy081_0
458,77,76.5045045045045,2.8272146204275694,0.874064227835211,4.618624397360567,0.013071125765426284,ppf025_xy081_0
459,88,77.69369369369369,3.736162644258498,0.9019283414756962,4.994232801271726,0.012871057513914657,ppf025_xy081_0
460,99,79.27927927927928,4.630742186171462,0.923941683093052,5.347955192173932,0.012613636363636363,ppf025_xy081_0
461,110,80.86486486486487,5.503244052066604,0.9433881367257421,5.686952906274226,0.012366310160427807,ppf025_xy081_0
462,121,83.04504504504504,0.07631804066695554,0.9583127552411834,6.026528405367152,0.012041657626383163,ppf025_xy081_0
463,132,85.62162162162161,0.913802864894423,0.9721288513647384,6.3939621262898685,0.01167929292929293,ppf025_xy081_0
464,143,88.3963963963964,1.732982564143857,0.98876295854502,6.829012110895082,0.011312678353037097,ppf025_xy081_0
465,154,91.36936936936937,2.5383115672115037,1.0100707045294701,7.366193508500292,0.01094458686649576,ppf025_xy081_0
466,165,94.14414414414415,3.326172307519597,1.0375179504664804,8.0079895149907,0.01062200956937799,ppf025_xy081_0
467,176,96.32432432432432,4.088927151310276,1.0711547146584393,8.73331900661306,0.010381593714927048,ppf025_xy081_0
468,187,97.90990990990991,4.826578191257614,1.1088268550860065,9.512464914501756,0.01021347073978653,ppf025_xy081_0
469,198,99.29729729729729,5.549027453225674,1.147112533022528,10.324961072751067,0.010070767555797496,ppf025_xy081_0
470,209,100.28828828828829,6.254288175868478,1.184898996846159,11.126327214806562,0.009971254042400287,ppf025_xy081_0
471,220,101.08108108108108,0.6647939846452169,1.2213719303322152,11.915292094498662,0.009893048128342246,ppf025_xy081_0
472,231,101.67567567567568,1.3494903868689572,1.2550916148190354,12.656303154082869,0.009835194045720362,ppf025_xy081_0
473,242,102.27027027027027,2.030428861309209,1.2851857045350965,13.348120587779391,0.009778012684989429,ppf025_xy081_0
474,253,102.66666666666667,2.7050831151473864,1.3130384664414998,13.986959128082654,0.00974025974025974,ppf025_xy081_0
475,264,103.06306306306307,3.3766733280473056,1.337625737483171,14.571733644344146,0.009702797202797202,ppf025_xy081_0
476,275,103.26126126126127,4.043938643562646,1.3593987958572882,15.078916372937034,0.009684173791659395,ppf025_xy081_0
477,286,103.45945945945947,4.71066085601081,1.376534452210098,15.491137954720855,0.009665621734587251,ppf025_xy081_0
478,297,103.45945945945947,5.375147318833021,1.3916228825494745,15.832601215551321,0.009665621734587251,ppf025_xy081_0
479,308,103.45945945945947,6.0397628275383575,1.4040278005417273,16.116122686508206,0.009665621734587251,ppf025_xy081_0
480,319,103.45945945945947,0.420063974221181,1.4135076494776497,16.334486141082706,0.009665621734587251,ppf025_xy081_0
481,330,103.45945945945947,1.0846527093989757,1.4183414482214591,16.44639586445324,0.009665621734587251,ppf025_xy081_0
482,341,103.26126126126127,1.7501481129248342,1.4216426864814076,16.491390718726375,0.009684173791659395,ppf025_xy081_0
483,352,103.26126126126127,2.4169914109558817,1.422292450567636,16.506468997247783,0.009684173791659395,ppf025_xy081_0
484,363,103.06306306306307,3.0844285878284246,1.4193757587113365,16.40728638309917,0.009702797202797202,ppf025_xy081_0
485,374,102.86486486486487,3.753316338745006,1.4143135997306377,16.259135124270273,0.009721492380451918,ppf025_xy081_0
486,385,102.66666666666667,4.42418341425576,1.4070451183562425,16.061439080729542,0.00974025974025974,ppf025_xy081_0
487,396,102.46846846846847,5.096214446841483,1.397846549850643,15.821519410542455,0.009759099701072622,ppf025_xy081_0
488,407,102.27027027027027,5.76938284378223,1.3856182685480973,15.515849215299706,0.009778012684989429,ppf025_xy081_0
489,418,102.07207207207207,0.16142537952537173,1.3701588678885455,15.142156425951315,0.009796999117387467,ppf025_xy081_0
490,429,101.87387387387388,0.8385691081825696,1.3532714419502354,14.742515754870158,0.009816059426954368,ppf025_xy081_0
491,440,101.47747747747748,1.5184450155161566,1.335860008087874,14.30969922691489,0.009854403409090908,ppf025_xy081_0
492,451,101.27927927927928,2.1979548393919153,1.3140431598960702,13.81906970621914,0.009873687955879737,ppf025_xy081_0
493,462,101.08108108108108,2.8792296698334594,1.288527481939242,13.261608262248933,0.009893048128342246,ppf025_xy081_0
494,473,100.88288288288288,3.562693697201248,1.2608050799311503,12.672209081832758,0.009912484372209323,ppf025_xy081_0
495,484,100.68468468468468,4.247412300972513,1.2310264586844653,12.056940970202437,0.009931997136721547,ppf025_xy081_0
496,495,100.48648648648648,4.933068691788296,1.198084591402342,11.397814180192633,0.009951586874663798,ppf025_xy081_0
497,506,100.28828828828829,5.619856004856413,1.1611085732001656,10.684023334613737,0.009971254042400287,ppf025_xy081_0
498,517,100.28828828828829,0.02145495550278928,1.1194332652760157,9.93083076684707,0.009971254042400287,ppf025_xy081_0
499,528,100.09009009009009,0.7118727684622482,1.077302399666415,9.179209460186259,0.009990999099909992,ppf025_xy081_0
500,539,100.09009009009009,1.3980829409505657,1.0315299385856749,8.415766943490114,0.009990999099909992,ppf025_xy081_0
501,550,100.09009009009009,2.0845053762137256,0.9826959762177493,7.6378017460243415,0.009990999099909992,ppf025_xy081_0
502,561,99.89189189189189,2.7774522998634756,0.9313952594733269,6.847581821752534,0.010010822510822512,ppf025_xy081_0
503,572,99.89189189189189,3.4659860567349896,0.8770514361426575,6.071825923934731,0.010010822510822512,ppf025_xy081_0
504,583,100.09009009009009,4.147667980267279,0.8211592135550893,5.333161875824141,0.009990999099909992,ppf025_xy081_0
505,594,100.28828828828829,4.827069096084025,0.7648984380421195,4.636568843440418,0.009971254042400287,ppf025_xy081_0
506,605,100.48648648648648,5.504171427212505,0.7073526809918615,3.973000454425035,0.009951586874663798,ppf025_xy081_0
507,22,22.0,3.1729551282046002,1.058663348803922,1.663979513862057,0.045454545454545456,ppf025_xy083_0
508,33,22.0,0.013643505769187055,1.2151880399155088,2.1923969650444857,0.045454545454545456,ppf025_xy083_0
509,44,22.0,3.142006831123797,1.2683789182623748,2.3885275187724466,0.045454545454545456,ppf025_xy083_0
510,55,22.0,6.26954743239816,1.2194914645140937,2.2079526169789037,0.045454545454545456,ppf025_xy083_0
511,66,108.8108108108108,5.731976288631647,0.5531075533254036,2.2464707254524803,0.009190263288623945,ppf025_xy083_0
512,77,108.01801801801803,0.0446909674211736,0.60802638757442,2.6949492908915964,0.009257714762301918,ppf025_xy083_0
513,88,107.42342342342343,0.6584400610786022,0.6643614328697635,3.199759618211844,0.009308956725930895,ppf025_xy083_0
514,99,106.82882882882883,1.2769448101781478,0.7236360497971027,3.775186350443716,0.009360769101028841,ppf025_xy083_0
515,110,106.63063063063063,1.914440774915207,0.7832909792177244,4.415071754044067,0.009378168300101386,ppf025_xy083_0
516,121,106.63063063063063,2.558650448042389,0.8416348140188854,5.097284798951672,0.009378168300101386,ppf025_xy083_0
517,132,106.63063063063063,3.2041795960717816,0.8977716910741368,5.79993771806423,0.009378168300101386,ppf025_xy083_0
518,143,106.63063063063063,3.850322729787835,0.9531126776444502,6.537022934804722,0.009378168300101386,ppf025_xy083_0
519,154,106.82882882882883,4.501385499720579,1.0069492017261443,7.3099285083208585,0.009360769101028841,ppf025_xy083_0
520,165,107.22522522522523,5.15374751977802,1.0608143867492783,8.143016364385407,0.009326163669971433,ppf025_xy083_0
521,176,107.62162162162163,5.802143494383616,1.1106397078219956,8.958915963832785,0.009291813159216473,ppf025_xy083_0
522,187,108.21621621621621,0.1686735882833503,1.1558876079302731,9.757377300019309,0.009240759240759242,ppf025_xy083_0
523,198,108.61261261261261,0.8115054848894914,1.1997262563335576,10.550040483931392,0.009207033842070339,ppf025_xy083_0
524,209,109.009009009009,1.4505769831055013,1.2400262807213271,11.31185186270639,0.009173553719008265,ppf025_xy083_0
525,220,109.4054054054054,2.0864096725530015,1.2810341517925252,12.116292083430492,0.009140316205533598,ppf025_xy083_0
526,231,110.0,2.7214872037065745,1.3172255811402354,12.880197910924014,0.00909090909090909,ppf025_xy083_0
527,242,110.5945945945946,3.350430367578114,1.3512197673941455,13.62684824582684,0.009042033235581623,ppf025_xy083_0
528,253,110.990990990991,3.9746554062984982,1.3823997740190574,14.314117429916799,0.00900974025974026,ppf025_xy083_0
529,264,111.58558558558559,4.598264108275515,1.4093904894133,14.958233502458677,0.008961730986597772,ppf025_xy083_0
530,275,111.98198198198199,5.216307330597521,1.4337158473853824,15.534019988407884,0.008930008045052293,ppf025_xy083_0
531,286,112.57657657657657,5.8324092884643255,1.4581716375742928,16.153806245471877,0.008882842509603073,ppf025_xy083_0
532,297,112.97297297297297,0.1598711501285319,1.4799159898174155,16.69776025720865,0.008851674641148326,ppf025_xy083_0
533,308,113.56756756756756,0.7693850374088382,1.4968610740623103,17.1722361342793,0.008805330794859591,ppf025_xy083_0
534,319,113.96396396396396,1.3763828457834406,1.5089576735492654,17.511816630963864,0.008774703557312254,ppf025_xy083_0
535,330,114.36036036036036,1.9769338692869756,1.520184257281055,17.83518075364299,0.008744288640302505,ppf025_xy083_0
536,341,114.75675675675676,2.576716755269472,1.5278498625552301,18.07794925980835,0.008714083843617522,ppf025_xy083_0
537,352,115.15315315315316,3.1730937630127762,1.5293902276258884,18.176991098510626,0.00868408699734001,ppf025_xy083_0
538,363,115.54954954954955,3.7664101463603736,1.5331720345426447,18.329877951345726,0.00865429596132855,ppf025_xy083_0
539,374,116.14414414414415,4.358540586405149,1.52676191077404,18.270460343291806,0.008609990691901954,ppf025_xy083_0
540,385,116.54054054054055,4.948480680745934,1.519630946349791,18.16196459661921,0.008580705009276436,ppf025_xy083_0
541,396,117.13513513513513,5.53352691313964,1.508499506781023,17.988173441502376,0.00853714813105676,ppf025_xy083_0
542,407,117.33333333333333,6.116893038836553,1.494473945088162,17.685105011797088,0.008522727272727274,ppf025_xy083_0
543,418,117.72972972972973,0.414134621710444,1.4724231148100944,17.225067744866962,0.008494031221303948,ppf025_xy083_0
544,429,118.32432432432432,0.9920337599215487,1.4459028791753963,16.694054102173258,0.008451347647327547,ppf025_xy083_0
545,440,118.72072072072072,1.5681188927372278,1.4198889492572127,16.15268862171444,0.008423129458187888,ppf025_xy083_0
546,451,119.11711711711712,2.1393466244319774,1.3899850615427285,15.531163016448717,0.008395099077295416,ppf025_xy083_0
547,462,119.51351351351352,2.7071430101491463,1.351615212724109,14.734408122047004,0.008367254635911352,ppf025_xy083_0
548,473,119.90990990990991,3.2748583435551795,1.309688047579342,13.880347637751033,0.008339594290007513,ppf025_xy083_0
549,484,120.30630630630631,3.8403302307241365,1.2683040197805198,13.060044879991457,0.008312116219859217,ppf025_xy083_0
550,495,121.0990990990991,4.3965214178789775,1.224077516049276,12.245267940151408,0.00825769974706145,ppf025_xy083_0
551,506,121.29729729729729,4.957396722621103,1.1789309049426169,11.377251744423008,0.00824420677361854,ppf025_xy083_0
552,517,121.69369369369369,5.511614654514637,1.128151765725167,10.452319260317669,0.008217352679893397,ppf025_xy083_0
553,528,122.09009009009009,6.065729404621097,1.0731354745300008,9.488532635953918,0.008190672963400236,ppf025_xy083_0
554,539,123.08108108108108,0.32030294103425405,1.0159572545342594,8.573372868201238,0.008124725516029864,ppf025_xy083_0
555,550,123.67567567567568,0.86182168511297,0.9634455684478678,7.747261173952695,0.008085664335664336,ppf025_xy083_0
556,561,124.27027027027027,1.3960577727181025,0.9090439209453843,6.930211918756045,0.008046976946498478,ppf025_xy083_0
557,572,124.46846846846847,1.940300947574448,0.850655452813779,6.078217892788294,0.008034163288940358,ppf025_xy083_0
558,583,125.26126126126127,2.4646492147650694,0.7904575288951011,5.2818176006517055,0.007983314154200229,ppf025_xy083_0
559,0,67.78378378378378,2.76691238790641,0.4418352042305803,1.0148715194338684,0.014752791068580543,ppf025_xy085_0
560,11,67.38738738738738,3.761102381661787,0.5044489852691393,1.3151574481316815,0.01483957219251337,ppf025_xy085_0
561,22,67.1891891891892,4.774109989893753,0.5667583286636123,1.6552357065852596,0.01488334674175382,ppf025_xy085_0
562,33,67.1891891891892,5.7999780777810885,0.6269094060062784,2.0252264761837844,0.01488334674175382,ppf025_xy085_0
563,44,67.1891891891892,0.5407894695980591,0.6843617756955656,2.4134344821210973,0.01488334674175382,ppf025_xy085_0
564,55,67.58558558558559,1.577649569641723,0.7358533139874749,2.806733676123767,0.0147960543854972,ppf025_xy085_0
565,66,67.78378378378378,2.5992699596241473,0.7836638749495373,3.192641002421708,0.014752791068580543,ppf025_xy085_0
566,77,68.37837837837839,3.624608436063954,0.823987089164252,3.5606085893200294,0.014624505928853754,ppf025_xy085_0
567,88,68.97297297297297,4.638026943649438,0.8590116874623087,3.903387937786915,0.014498432601880879,ppf025_xy085_0
568,99,69.76576576576576,5.642299121814361,0.88788538945917,4.21813824174186,0.014333677685950414,ppf025_xy085_0
569,110,70.55855855855856,0.348702512974918,0.9124928091060489,4.505813642517538,0.014172625127681308,ppf025_xy085_0
570,121,71.54954954954955,1.325185105269253,0.9324803959556878,4.771456276696997,0.013976328380760513,ppf025_xy085_0
571,132,72.73873873873873,2.286733188349794,0.9489356272524442,5.023470949480041,0.013747832548922468,ppf025_xy085_0
572,143,73.92792792792793,3.2309337021526066,0.9642854395294341,5.272108946403807,0.013526687789422374,ppf025_xy085_0
573,154,75.31531531531532,4.15898337148698,0.9783999374803836,5.5294349779855985,0.013277511961722487,ppf025_xy085_0
574,165,76.9009009009009,5.0706241333702735,0.9920002180914429,5.803895537972152,0.013003748828491098,ppf025_xy085_0
575,176,78.48648648648648,5.964619539139568,1.0069494422019711,6.103442304013414,0.012741046831955923,ppf025_xy085_0
576,187,80.07207207207207,0.5577116648121572,1.0232903550517174,6.430480903646256,0.012488748874887488,ppf025_xy085_0
577,198,81.85585585585585,1.4180103047853503,1.0398109801114173,6.787708391895324,0.012216596962359674,ppf025_xy085_0
578,209,83.83783783783784,2.2621738604000483,1.0571175917653421,7.1854056948014655,0.011927788523533205,ppf025_xy085_0
579,220,86.01801801801801,3.090441348907187,1.0755742085143358,7.631937673229265,0.011625471302890659,ppf025_xy085_0
580,231,88.1981981981982,3.9010423314253986,1.096750179004036,8.136540025586768,0.011338100102145046,ppf025_xy085_0
581,242,90.57657657657657,4.696692337949094,1.1193014710118472,8.70311406235123,0.0110403819375373,ppf025_xy085_0
582,253,92.95495495495496,5.476248402887217,1.1436426581068435,9.32433485562911,0.01075789881760031,ppf025_xy085_0
583,264,94.93693693693693,6.235781735573204,1.1719361926923806,10.00017898380986,0.010533308028088823,ppf025_xy085_0
584,275,96.52252252252252,0.6932277136889262,1.2035913920726735,10.72386735801855,0.010360276274033974,ppf025_xy085_0
585,286,97.90990990990991,1.4189283888715027,1.2342135253414994,11.438573785853778,0.01021347073978653,ppf025_xy085_0
586,297,99.0990990990991,2.1322496250058824,1.2665576076398255,12.19226030659179,0.01009090909090909,ppf025_xy085_0
587,308,99.89189189189189,2.8294923724035916,1.299354286218654,12.934511446571582,0.010010822510822512,ppf025_xy085_0
588,319,100.88288288288288,3.5231252579717367,1.326758045786069,13.619638127630921,0.009912484372209323,ppf025_xy085_0
589,330,101.67567567567568,4.208143300765309,1.352880047374099,14.272507334874483,0.009835194045720362,ppf025_xy085_0
590,341,102.46846846846847,4.885696157080445,1.377021538132029,14.901717832767387,0.009759099701072622,ppf025_xy085_0
591,352,103.06306306306307,5.555936840883836,1.3966873482560995,15.419350061360932,0.009702797202797202,ppf025_xy085_0
592,363,103.45945945945947,6.220282822639361,1.4120523528999862,15.821090940656262,0.009665621734587251,ppf025_xy085_0
593,374,104.05405405405405,0.5990211888059771,1.4260157934911424,16.228272835817272,0.00961038961038961,ppf025_xy085_0
594,385,104.64864864864865,1.2544183515026546,1.4323877317680038,16.467187637805367,0.009555785123966943,ppf025_xy085_0
595,396,105.04504504504504,1.9073211150261538,1.4316172597722283,16.511785842937506,0.009519725557461407,ppf025_xy085_0
596,407,105.44144144144144,2.5574637597956724,1.4262575087483547,16.45022514442758,0.009483937115516063,ppf025_xy085_0
597,418,105.83783783783784,3.203265934819022,1.4161295268873597,16.27839338641218,0.009448416751787538,ppf025_xy085_0
598,429,106.23423423423424,3.8449248809425636,1.397640885071636,15.915500810741676,0.009413161465400272,ppf025_xy085_0
599,440,106.63063063063063,4.485645781078077,1.3710553106412235,15.372926563037906,0.009378168300101386,ppf025_xy085_0
600,451,107.22522522522523,5.121128940228897,1.3402926031412146,14.772732470978136,0.009326163669971433,ppf025_xy085_0
601,462,107.62162162162163,5.753067979591302,1.3061542544732885,14.081635373203996,0.009291813159216473,ppf025_xy085_0
602,473,107.81981981981983,0.10119144258533729,1.2645761849398731,13.223707167517077,0.009274732620320855,ppf025_xy085_0
603,484,108.21621621621621,0.7277906448915255,1.2150670741015657,12.253424353339657,0.009240759240759242,ppf025_xy085_0
604,495,108.8108108108108,1.3475352028628056,1.1622167264110943,11.272257824271781,0.009190263288623945,ppf025_xy085_0
605,506,109.4054054054054,1.9609406453512894,1.10756534036815,10.293003426802104,0.009140316205533598,ppf025_xy085_0
606,517,109.6036036036036,2.579572968288048,1.0479395918960266,9.231280654332911,0.009123787604800263,ppf025_xy085_0
607,528,110.1981981981982,3.184618665695881,0.9821480938135262,8.152542547601891,0.00907455853499019,ppf025_xy085_0
608,539,111.1891891891892,3.773454017774742,0.915269731275737,7.14373585448424,0.00899368011667477,ppf025_xy085_0
609,0,122.09009009009009,2.974440988475312,0.3872302397161501,1.1870862280181187,0.008190672963400236,ppf025_xy086_0
610,11,120.90090090090091,3.490053834629143,0.41930368338709084,1.3783204961204663,0.00827123695976155,ppf025_xy086_0
611,22,118.72072072072072,3.985238071986117,0.451726029329601,1.570869397020717,0.008423129458187888,ppf025_xy086_0
612,33,116.54054054054055,4.505879886764077,0.4943403106367866,1.8466832188123705,0.008580705009276436,ppf025_xy086_0
613,44,115.15315315315316,5.055560057581661,0.5487250884036,2.248271685167323,0.00868408699734001,ppf025_xy086_0
614,55,114.36036036036036,5.62080375962602,0.5988063624780577,2.658959055731728,0.008744288640302505,ppf025_xy086_0
615,66,113.56756756756756,6.190660708815673,0.6457691549463334,3.0709464300970732,0.008805330794859591,ppf025_xy086_0
616,77,112.37837837837839,0.47131314669190666,0.6941787397099336,3.5114678817063796,0.008898508898508899,ppf025_xy086_0
617,88,110.990990990991,1.0402136706276794,0.7496360110536445,4.0443798074843,0.00900974025974026,ppf025_xy086_0
618,99,110.1981981981982,1.6352628676723928,0.8145816227921856,4.741404766815031,0.00907455853499019,ppf025_xy086_0
619,110,109.8018018018018,2.241204143360114,0.877162986890186,5.478143248952868,0.009107318674105677,ppf025_xy086_0
620,121,109.4054054054054,2.850780819035912,0.9337380924325636,6.185178748203172,0.009140316205533598,ppf025_xy086_0
621,132,108.61261261261261,3.4569467209767826,0.9902118488919132,6.905574586485524,0.009207033842070339,ppf025_xy086_0
622,143,108.01801801801803,4.076081522661229,1.0493442450242303,7.712505676119347,0.009257714762301918,ppf025_xy086_0
623,154,108.01801801801803,4.711407097405868,1.1114956202364388,8.653166057327654,0.009257714762301918,ppf025_xy086_0
624,165,108.21621621621621,5.347319869501035,1.1674971790201,9.564611773546348,0.009240759240759242,ppf025_xy086_0
625,176,108.21621621621621,5.978874423416415,1.2166730188709438,10.387317855289838,0.009240759240759242,ppf025_xy086_0
626,187,108.41441441441441,0.3331828502175592,1.2603771670351676,11.167382829419283,0.00922386571381087,ppf025_xy086_0
627,198,108.41441441441441,0.968115277365944,1.306116777265357,11.992628118750837,0.00922386571381087,ppf025_xy086_0
628,209,108.8108108108108,1.6059953597966536,1.3532658461453215,12.921163179058675,0.009190263288623945,ppf025_xy086_0
629,220,109.2072072072072,2.2376710128874406,1.394859887456472,13.777670485559824,0.009156904801187924,ppf025_xy086_0
630,231,109.8018018018018,2.8693074390319495,1.4269339031241484,14.497078894088645,0.009107318674105677,ppf025_xy086_0
631,242,110.0,3.4960344251354063,1.4563492321696285,15.128193464507731,0.00909090909090909,ppf025_xy086_0
632,253,110.0,4.115622744930864,1.4724277668078325,15.464077048181895,0.00909090909090909,ppf025_xy086_0
633,264,110.3963963963964,4.739988581794846,1.4960690504497545,16.02217595508082,0.009058266688428268,ppf025_xy086_0
634,275,110.7927927927928,5.360463363731793,1.513484753203358,16.456252131177138,0.009025857863067165,ppf025_xy086_0
635,286,110.990990990991,5.979234389437937,1.525496913329651,16.74841516528411,0.00900974025974026,ppf025_xy086_0
636,297,110.990990990991,0.3078759072867281,1.5290209015291572,16.825884202605774,0.00900974025974026,ppf025_xy086_0
637,308,111.38738738738739,0.9236981493950858,1.5323450194837107,16.959477267340198,0.008977677127143318,ppf025_xy086_0
638,319,111.78378378378379,1.5358721759700826,1.5281332554381386,16.926399318406567,0.008945841392649903,ppf025_xy086_0
639,330,112.37837837837839,2.1501173603995922,1.5111242504660602,16.63973607307631,0.008898508898508899,ppf025_xy086_0
640,341,112.77477477477477,2.7609874128111294,1.497097272449241,16.38986321001459,0.00886723118709059,ppf025_xy086_0
641,352,113.17117117117117,3.365064534870717,1.4789758461033815,16.05170964537715,0.008836172583983443,ppf025_xy086_0
642,363,113.17117117117117,3.968505203860864,1.4503655037659822,15.436685496020656,0.008836172583983443,ppf025_xy086_0
643,374,113.56756756756756,4.569693358409856,1.410160013806539,14.643821882965872,0.008805330794859591,ppf025_xy086_0
644,385,113.96396396396396,5.170846208076594,1.3705241184367958,13.880471997002383,0.008774703557312254,ppf025_xy086_0
645,396,114.36036036036036,5.766062076019737,1.3308233733706476,13.133475767376769,0.008744288640302505,ppf025_xy086_0
646,407,114.36036036036036,0.07906422984848897,1.285439753625714,12.25299598194134,0.008744288640302505,ppf025_xy086_0
647,418,114.36036036036036,0.6755825096575057,1.2282299678005137,11.186602766829273,0.008744288640302505,ppf025_xy086_0
648,429,114.75675675675676,1.2687270978420413,1.1628577533161004,10.062242364693837,0.008714083843617522,ppf025_xy086_0
649,440,115.54954954954955,1.8480383818891777,1.1042416514863538,9.136078617095004,0.00865429596132855,ppf025_xy086_0
650,451,115.94594594594595,2.429234230479703,1.0483862120429157,8.263451675410273,0.008624708624708625,ppf025_xy086_0
651,462,116.34234234234235,3.0037990314809435,0.9868805788353905,7.347343265473417,0.008595322905374013,ppf025_xy086_0
652,473,116.34234234234235,3.591231789072172,0.9158153762899961,6.327279035511027,0.008595322905374013,ppf025_xy086_0
653,484,117.33333333333333,4.149735535843083,0.8408033733973337,5.378654176284418,0.008522727272727274,ppf025_xy086_0
654,0,98.70270270270271,4.901628091295071,0.5470775578340249,1.728209057548899,0.01013143483023001,ppf025_xy087_0
655,11,97.90990990990991,5.562471630993889,0.6054012872812689,2.0993399198448137,0.01021347073978653,ppf025_xy087_0
656,22,97.31531531531532,6.237495795083457,0.6625629390353828,2.4992224101167633,0.010275874837992964,ppf025_xy087_0
657,33,96.52252252252252,0.6287641555157405,0.7196548205678868,2.9244659822574754,0.010360276274033974,ppf025_xy087_0
658,44,95.72972972972973,1.3125383267935096,0.7783967994025475,3.393269463968659,0.010446075663466968,ppf025_xy087_0
659,55,95.33333333333333,2.0170240785196785,0.8384504795951903,3.9207490546177612,0.01048951048951049,ppf025_xy087_0
660,66,95.33333333333333,2.7354279175457825,0.8953829625192069,4.471279969124208,0.01048951048951049,ppf025_xy087_0
661,77,95.33333333333333,3.456041953091745,0.9476074728708486,5.0080789338830645,0.01048951048951049,ppf025_xy087_0
662,88,95.13513513513513,4.171586527048381,0.997926216183127,5.542519585032149,0.010511363636363636,ppf025_xy087_0
663,99,95.13513513513513,4.893676898740852,1.0450442470163763,6.078266393096039,0.010511363636363636,ppf025_xy087_0
664,110,95.33333333333333,5.61817270156828,1.0901317577240623,6.627842733230827,0.01048951048951049,ppf025_xy087_0
665,121,95.92792792792793,0.06182384231367088,1.1298064993944614,7.163456603057993,0.010424492862509393,ppf025_xy087_0
666,132,96.32432432432432,0.7807885168466747,1.1648852595581254,7.64665865510831,0.010381593714927048,ppf025_xy087_0
667,143,96.91891891891892,1.500769786086784,1.1953347065816924,8.101343616998216,0.010317902955939765,ppf025_xy087_0
668,154,97.31531531531532,2.213991854042465,1.225167080889395,8.545574517799963,0.010275874837992964,ppf025_xy087_0
669,165,97.90990990990991,2.923615105685238,1.2540965437935447,9.008614979182003,0.01021347073978653,ppf025_xy087_0
670,176,98.70270270270271,3.627741758691503,1.2792922796488626,9.450135503509768,0.01013143483023001,ppf025_xy087_0
671,187,99.69369369369369,4.326776406511726,1.2991798344477397,9.844091958436074,0.010030724742454365,ppf025_xy087_0
672,198,100.28828828828829,5.018904786022451,1.319894158309109,10.221105367677012,0.009971254042400287,ppf025_xy087_0
673,209,101.08108108108108,5.708105104281674,1.3401854023752149,10.621089721316743,0.009893048128342246,ppf025_xy087_0
674,220,101.87387387387388,0.10788994112189516,1.3604261611168929,11.030169945133496,0.009816059426954368,ppf025_xy087_0
675,231,102.86486486486487,0.7817600396360775,1.3851055963013972,11.545221271709092,0.009721492380451918,ppf025_xy087_0
676,242,103.85585585585585,1.4499039133187255,1.4058735782310594,12.008616065110123,0.009628730048577377,ppf025_xy087_0
677,253,104.84684684684684,2.1143453622743316,1.4243370963529964,12.443724232623005,0.009537721257948101,ppf025_xy087_0
678,264,105.44144144144144,2.7730186609206253,1.4410636164273942,12.80993936695521,0.009483937115516063,ppf025_xy087_0
679,275,106.23423423423424,3.4286521229226046,1.4604836134724577,13.256451948179604,0.009413161465400272,ppf025_xy087_0
680,286,107.22522522522523,4.082955298295662,1.4785674587218562,13.713511897561293,0.009326163669971433,ppf025_xy087_0
681,297,108.01801801801803,4.730354798115369,1.501006786394557,14.237408596223833,0.009257714762301918,ppf025_xy087_0
682,308,108.41441441441441,5.3674579252944055,1.518484437319321,14.624369517337453,0.00922386571381087,ppf025_xy087_0
683,319,109.009009009009,6.00245723473779,1.5300243980136028,14.928925025490265,0.009173553719008265,ppf025_xy087_0
684,330,109.6036036036036,0.3530869214282757,1.5388303479600152,15.183634876353548,0.009123787604800263,ppf025_xy087_0
685,341,110.1981981981982,0.9823766792148075,1.5480509680771501,15.449500305094464,0.00907455853499019,ppf025_xy087_0
686,352,110.5945945945946,1.6045156147765411,1.5528058348825238,15.6004685614539,0.009042033235581623,ppf025_xy087_0
687,363,110.7927927927928,2.224196087163291,1.549360232475157,15.559145868902124,0.009025857863067165,ppf025_xy087_0
688,374,111.38738738738739,2.8445696484320817,1.5367008759462326,15.388069116510623,0.008977677127143318,ppf025_xy087_0
689,385,111.78378378378379,3.4611971445038168,1.5267899879036027,15.244277496087465,0.008945841392649903,ppf025_xy087_0
690,396,111.98198198198199,4.071537554720326,1.512279075323659,14.982402807026368,0.008930008045052293,ppf025_xy087_0
691,407,112.18018018018019,4.679563372391203,1.4895355059101048,14.560868712275052,0.008914230645679408,ppf025_xy087_0
692,418,112.37837837837839,5.288011937595924,1.4573456221530128,13.962954259656486,0.008898508898508899,ppf025_xy087_0
693,429,112.97297297297297,5.8925901979623765,1.4196438004143321,13.319955415765953,0.008851674641148326,ppf025_xy087_0
694,440,113.36936936936937,0.20892478699114528,1.3826267208573066,12.678709628258275,0.008820724729815639,ppf025_xy087_0
695,451,113.56756756756756,0.8066594232547726,1.3394273916086392,11.919611740178285,0.008805330794859591,ppf025_xy087_0
696,462,113.56756756756756,1.4070255426208422,1.2837762978799767,10.949706120602702,0.008805330794859591,ppf025_xy087_0
697,473,114.16216216216216,1.9970377715217655,1.223490367755911,9.997530269289392,0.008759469696969698,ppf025_xy087_0
698,484,115.15315315315316,2.5749316233016817,1.1630256892702913,9.112213417047753,0.00868408699734001,ppf025_xy087_0
699,495,115.94594594594595,3.1463206973170985,1.1046586738503978,8.277157424454817,0.008624708624708625,ppf025_xy087_0
700,506,116.54054054054055,3.715068534155541,1.0415511035663185,7.396182656317786,0.008580705009276436,ppf025_xy087_0
701,11,73.92792792792793,3.6185000267031193,0.4802068611052126,1.1932315452295421,0.013526687789422374,ppf025_xy088_0
702,22,73.92792792792793,4.552049256981685,0.5304645208907258,1.4560647527103008,0.013526687789422374,ppf025_xy088_0
703,33,74.12612612612612,5.492009381547927,0.5788559261123265,1.7384881806437174,0.013490520175012155,ppf025_xy088_0
704,44,74.72072072072072,0.15887422053311098,0.6233065588962334,2.0319074216084854,0.013383168555582348,ppf025_xy088_0
705,55,75.11711711711712,1.0910441827122581,0.6653634000971442,2.3276420705100143,0.013312544974814104,ppf025_xy088_0
706,66,75.90990990990991,2.0261114199355412,0.7024365570958079,2.6216345855206313,0.013173510562544505,ppf025_xy088_0
707,77,76.70270270270271,2.946935536962156,0.7364987572383089,2.9121529058188367,0.013037350246652571,ppf025_xy088_0
708,88,77.8918918918919,3.8603766244939925,0.7654605259040979,3.1944590252698717,0.0128383067314365,ppf025_xy088_0
709,99,79.27927927927928,4.75824256595358,0.7905685329038712,3.468152709879978,0.012613636363636363,ppf025_xy088_0
710,110,81.06306306306305,5.641727889910054,0.8112752331160149,3.734383508026607,0.012336074683262949,ppf025_xy088_0
711,121,83.24324324324324,0.22597589535014095,0.8299254030251889,4.013160962717156,0.012012987012987014,ppf025_xy088_0
712,132,85.62162162162161,1.0749482627868554,0.8500462753357715,4.33040042723094,0.01167929292929293,ppf025_xy088_0
713,143,88.7927927927928,1.9179232862114328,0.8720658592431056,4.726457484012809,0.011262175324675324,ppf025_xy088_0
714,154,92.36036036036036,2.754659360402858,0.900543706765074,5.242696058438599,0.010827155676941085,ppf025_xy088_0
715,165,96.52252252252252,3.5954005821441446,0.9356643931376195,5.9146403144765385,0.010360276274033974,ppf025_xy088_0
716,176,100.68468468468468,4.422767698786974,0.9784703867685208,6.747117254741785,0.009931997136721547,ppf025_xy088_0
717,187,104.05405405405405,5.203465267511321,1.0273305136509,7.686680881470637,0.00961038961038961,ppf025_xy088_0
718,198,105.83783783783784,5.914329830128537,1.0825079628158198,8.680857536555031,0.009448416751787538,ppf025_xy088_0
719,209,106.82882882882883,0.3043500378345301,1.1383731681370184,9.689854129432005,0.009360769101028841,ppf025_xy088_0
720,220,107.62162162162163,0.9629646742218828,1.190836874147583,10.682269989149887,0.009291813159216473,ppf025_xy088_0
721,231,109.009009009009,1.6235813333907219,1.2464666951223977,11.854499424428345,0.009173553719008265,ppf025_xy088_0
722,242,109.6036036036036,2.2603725166331574,1.2941856579107756,12.849240837168123,0.009123787604800263,ppf025_xy088_0
723,253,110.3963963963964,2.8927209051423386,1.3349670973684917,13.770683335072958,0.009058266688428268,ppf025_xy088_0
724,264,110.3963963963964,3.5053730701516725,1.3721416170212286,14.54829976890934,0.009058266688428268,ppf025_xy088_0
725,275,110.990990990991,4.130354721520146,1.4031926118607094,15.296137480762988,0.00900974025974026,ppf025_xy088_0
726,286,111.58558558558559,4.749729932434404,1.431567913274346,16.006319400665603,0.008961730986597772,ppf025_xy088_0
727,297,111.98198198198199,5.36269117859847,1.4514403664982887,16.512240858197558,0.008930008045052293,ppf025_xy088_0
728,308,112.18018018018019,5.967912913347873,1.4660289643326199,16.87565760613263,0.008914230645679408,ppf025_xy088_0
729,319,112.77477477477477,0.29717083422225243,1.47310427783971,17.129252859359166,0.00886723118709059,ppf025_xy088_0
730,330,113.36936936936937,0.9019088728789275,1.4738799995396883,17.237705334683707,0.008820724729815639,ppf025_xy088_0
731,341,113.76576576576576,1.5018582239608131,1.4694317694880674,17.193722588777565,0.008789990497307571,ppf025_xy088_0
732,352,113.96396396396396,2.1014107771596424,1.4558949889046082,16.907800692393824,0.008774703557312254,ppf025_xy088_0
733,363,114.55855855855856,2.6973862063349032,1.4347635779970545,16.506222609530422,0.008729160113243158,ppf025_xy088_0
734,374,115.35135135135135,3.289627246363893,1.4125073517197306,16.108814892729658,0.00866916588566073,ppf025_xy088_0
735,385,115.54954954954955,3.8786976943408074,1.3794006401751684,15.388935302067269,0.00865429596132855,ppf025_xy088_0
736,396,115.74774774774775,4.468212556468087,1.3394136158612178,14.5345449267036,0.00863947696139477,ppf025_xy088_0
737,407,116.34234234234235,5.053259454633675,1.2932871394858525,13.620316256146046,0.008595322905374013,ppf025_xy088_0
738,418,116.93693693693693,5.631034689312837,1.249206413004379,12.772608319097623,0.008551617873651772,ppf025_xy088_0
739,429,117.33333333333333,6.20712336255355,1.2025994301911755,11.877440590731212,0.008522727272727274,ppf025_xy088_0
740,440,117.33333333333333,0.5039195064508687,1.1424047163529178,10.718175258443669,0.008522727272727274,ppf025_xy088_0
741,451,117.92792792792793,1.0739989374995034,1.077327309801647,9.580131639162756,0.008479755538579069,ppf025_xy088_0
742,462,118.91891891891892,1.6331325962492453,1.0163195474331523,8.59747616275058,0.00840909090909091,ppf025_xy088_0
743,473,119.90990990990991,2.18090278719077,0.9607885566276297,7.747653525974962,0.008339594290007513,ppf025_xy088_0
744,484,120.50450450450451,2.730407129737652,0.904108631693879,6.894519162494863,0.008298444976076555,ppf025_xy088_0
745,495,120.90090090090091,3.2821203441340447,0.8392881822434064,5.960891592408557,0.00827123695976155,ppf025_xy088_0
746,0,110.5945945945946,2.900220004355411,0.8223469357512978,3.8819715632393565,0.009042033235581623,ppf025_xy090_0
747,11,111.38738738738739,3.5255200730419287,0.8751526806235971,4.4280443719383955,0.008977677127143318,ppf025_xy090_0
748,22,110.5945945945946,4.118426820919558,0.9237070775315896,4.8979092624972775,0.009042033235581623,ppf025_xy090_0
749,33,109.8018018018018,4.722774424888046,0.9741642237240834,5.408565711887841,0.009107318674105677,ppf025_xy090_0
750,44,109.8018018018018,5.346190057130846,1.0389098934575987,6.151393687177004,0.009107318674105677,ppf025_xy090_0
751,55,111.1891891891892,5.975604753797145,1.10452193529592,7.040760077007863,0.00899368011667477,ppf025_xy090_0
752,66,112.37837837837839,0.30899145933118344,1.146013385025712,7.660734882458964,0.008898508898508899,ppf025_xy090_0
753,77,112.57657657657657,0.9145652984430503,1.1759296785034248,8.080142728474911,0.008882842509603073,ppf025_xy090_0
754,88,111.78378378378379,1.526664225889365,1.2162593765088268,8.583007669207516,0.008945841392649903,ppf025_xy090_0
755,99,111.58558558558559,2.1436513844302536,1.2696595891757705,9.336647934123025,0.008961730986597772,ppf025_xy090_0
756,110,112.18018018018019,2.7532735339430054,1.3157497847627782,10.080243898318198,0.008914230645679408,ppf025_xy090_0
757,121,113.17117117117117,3.354350618801061,1.3455283813310093,10.634812262472773,0.008836172583983443,ppf025_xy090_0
758,132,113.17117117117117,3.957399477802395,1.3598262438244035,10.862028529114163,0.008836172583983443,ppf025_xy090_0
759,143,112.97297297297297,4.567567404550762,1.373323059066006,11.05931616603229,0.008851674641148326,ppf025_xy090_0
760,154,112.57657657657657,5.183688114960518,1.4058755275616137,11.549151323589781,0.008882842509603073,ppf025_xy090_0
761,165,112.97297297297297,5.78893564668786,1.4551286054471368,12.416111560066932,0.008851674641148326,ppf025_xy090_0
762,176,113.36936936936937,0.10591266241262222,1.4690062769078702,12.698467903215581,0.008820724729815639,ppf025_xy090_0
763,187,113.36936936936937,0.7169862859349332,1.4227950691780422,11.91211083088053,0.008820724729815639,ppf025_xy090_0
764,198,113.76576576576576,1.330987778279266,1.4101771281916835,11.74267981590975,0.008789990497307571,ppf025_xy090_0
765,209,113.76576576576576,1.9338888173017403,1.4095570297268099,11.732354848066162,0.008789990497307571,ppf025_xy090_0
766,220,113.36936936936937,2.5295928429091705,1.4014965703218745,11.558144007836296,0.008820724729815639,ppf025_xy090_0
767,231,112.18018018018019,3.1217652655747505,1.3633381753387062,10.822600226468799,0.008914230645679408,ppf025_xy090_0
768,242,111.78378378378379,3.730469604744393,1.3056145759611406,9.890473362967391,0.008945841392649903,ppf025_xy090_0
769,253,112.18018018018019,4.3471567327263205,1.274339370535207,9.455720501414834,0.008914230645679408,ppf025_xy090_0
770,264,112.57657657657657,4.958833675262737,1.2540192516095447,9.188925640942516,0.008882842509603073,ppf025_xy090_0
771,275,112.57657657657657,5.561947036605215,1.2325686814680354,8.87725277735647,0.008882842509603073,ppf025_xy090_0
772,286,111.78378378378379,6.16890952418912,1.1966139408247587,8.307975633491452,0.008945841392649903,ppf025_xy090_0
773,297,111.38738738738739,0.49690522305473345,1.1360682788031018,7.461964468402885,0.008977677127143318,ppf025_xy090_0
774,308,111.98198198198199,1.1105278685895963,1.0705000460293188,6.660852586257423,0.008930008045052293,ppf025_xy090_0
775,319,112.37837837837839,1.7108214885856352,1.0333065518645348,6.228011688131626,0.008898508898508899,ppf025_xy090_0
776,330,112.37837837837839,2.3097829295906624,0.9919562983949621,5.7395273709962265,0.008898508898508899,ppf025_xy090_0
777,341,111.1891891891892,2.9309125860129304,0.9357971293879436,5.053988767122655,0.00899368011667477,ppf025_xy090_0
778,352,109.2072072072072,3.5875544984850043,0.8508918193033791,4.1040088551127,0.009156904801187924,ppf025_xy090_0
779,0,110.3963963963964,3.0980194193210475,0.7970471885353877,3.8500081057268796,0.009058266688428268,ppf025_xy091_0
780,11,109.8018018018018,3.693440163706913,0.852634399177038,4.382014851969584,0.009107318674105677,ppf025_xy091_0
781,22,108.41441441441441,4.284013778197817,0.913258103973978,4.963782870364096,0.00922386571381087,ppf025_xy091_0
782,33,107.62162162162163,4.900133195635588,0.9839053807042939,5.719326384060194,0.009291813159216473,ppf025_xy091_0
783,44,108.61261261261261,5.550297558669784,1.0624357139338474,6.730142518980192,0.009207033842070339,ppf025_xy091_0
784,55,110.3963963963964,6.194984345344084,1.1287537107678094,7.7213272178071835,0.009058266688428268,ppf025_xy091_0
785,66,110.990990990991,0.5305598516358245,1.1741982070373762,8.400579246085156,0.00900974025974026,ppf025_xy091_0
786,77,110.5945945945946,1.144197067150184,1.2177931762767538,9.003671713812336,0.009042033235581623,ppf025_xy091_0
787,88,110.5945945945946,1.762540551952035,1.2546249477800657,9.55653417836164,0.009042033235581623,ppf025_xy091_0
788,99,110.990990990991,2.3838742519943774,1.324514915595844,10.689074744413134,0.00900974025974026,ppf025_xy091_0
789,110,111.38738738738739,2.997249505815949,1.360333585145213,11.315286033089848,0.008977677127143318,ppf025_xy091_0
790,121,111.98198198198199,3.6080111723300803,1.3826540065682318,11.752056236440792,0.008930008045052293,ppf025_xy091_0
791,132,112.37837837837839,4.213262797583625,1.395191017714557,12.008500551479047,0.008898508898508899,ppf025_xy091_0
792,143,111.78378378378379,4.8339438194339115,1.4276733394497823,12.507634545023514,0.008945841392649903,ppf025_xy091_0
793,154,111.98198198198199,5.445911532756525,1.4440623520341573,12.819134950146077,0.008930008045052293,ppf025_xy091_0
794,165,112.57657657657657,6.048838347798866,1.4622691711006792,13.214214851377298,0.008882842509603073,ppf025_xy091_0
795,176,113.36936936936937,0.35726811816690296,1.4691902837276596,13.433540968716558,0.008820724729815639,ppf025_xy091_0
796,187,113.96396396396396,0.9693227231961421,1.4264526232347199,12.729780904948868,0.008774703557312254,ppf025_xy091_0
797,198,114.55855855855856,1.5725488124113378,1.410279982608775,12.507684041046653,0.008729160113243158,ppf025_xy091_0
798,209,114.55855855855856,2.1667270521361557,1.3965492968609798,12.265316506793113,0.008729160113243158,ppf025_xy091_0
799,220,114.36036036036036,2.7575106123309294,1.3689986823555813,11.765767270242804,0.008744288640302505,ppf025_xy091_0
800,231,113.56756756756756,3.354207514995927,1.3025686583546021,10.577773192409772,0.008805330794859591,ppf025_xy091_0
801,242,114.36036036036036,3.9591469217164055,1.2294430789302284,9.489231598420492,0.008744288640302505,ppf025_xy091_0
802,253,115.35135135135135,4.5555158682830585,1.1925389850156922,9.005473148785693,0.00866916588566073,ppf025_xy091_0
803,264,115.94594594594595,5.143091365861016,1.1634129460796327,8.615133877787626,0.008624708624708625,ppf025_xy091_0
804,275,115.74774774774775,5.727048711812626,1.1244111086701976,8.033438671386481,0.00863947696139477,ppf025_xy091_0
805,286,115.15315315315316,0.03737702196596032,1.062492248306506,7.13618422519446,0.00868408699734001,ppf025_xy091_0
806,297,115.74774774774775,0.6261892108158289,0.9895472781864966,6.2219185930550855,0.00863947696139477,ppf025_xy091_0
807,308,117.53153153153153,1.1930613825824488,0.9320664179978613,5.605144268623526,0.008508355051356739,ppf025_xy091_0
808,319,117.92792792792793,1.760349605400572,0.8914726258336843,5.144834039010896,0.008479755538579069,ppf025_xy091_0
809,330,116.73873873873875,2.348371624526771,0.8377495239909579,4.497612699440219,0.008566136749498379,ppf025_xy091_0
810,341,115.54954954954955,2.952416705183154,0.7655780486333535,3.717798774537315,0.00865429596132855,ppf025_xy091_0
811,352,115.54954954954955,3.5501298206113527,0.6737416935954876,2.8793455181985723,0.00865429596132855,ppf025_xy091_0
812,0,87.6036036036036,3.3834407178432033,0.5007672040979081,1.3953232690737583,0.011415055532702592,ppf025_xy092_0
813,11,88.0,4.1954432582826335,0.5564055441136599,1.7304006826636347,0.011363636363636364,ppf025_xy092_0
814,22,88.3963963963964,4.999149897348368,0.6106809922991494,2.0938447343645525,0.011312678353037097,ppf025_xy092_0
815,33,88.990990990991,5.806648981852802,0.6659803544444222,2.5069749109060586,0.011237092528851994,ppf025_xy092_0
816,44,89.58558558558559,0.32029610087046123,0.7200443336732866,2.95010666809107,0.011162510056315366,ppf025_xy092_0
817,55,91.36936936936937,1.14339665879202,0.7695036749603936,3.436395424516359,0.01094458686649576,ppf025_xy092_0
818,66,93.15315315315316,1.9425423889680649,0.8136931737528608,3.917418891825111,0.010735009671179884,ppf025_xy092_0
819,77,94.73873873873875,2.7188906756638,0.8538908648066701,4.387462742520178,0.010555344237352604,ppf025_xy092_0
820,88,96.12612612612612,3.4769330345175398,0.8941481419681943,4.8813675040422915,0.010402999062792878,ppf025_xy092_0
821,99,97.51351351351352,4.220918422687883,0.9362023381378781,5.428568919052439,0.010254988913525498,ppf025_xy092_0
822,110,98.90090090090091,4.949511208542287,0.9772178942274137,5.998797166451049,0.010111131353616323,ppf025_xy092_0
823,121,101.08108108108108,5.674776297258345,1.014836688148746,6.61215925384471,0.009893048128342246,ppf025_xy092_0
824,132,103.06306306306307,0.09594703399888514,1.0487494303223008,7.1999193168317825,0.009702797202797202,ppf025_xy092_0
825,143,104.25225225225225,0.7799595188944393,1.0847460161795661,7.791528830603484,0.009592118907708261,ppf025_xy092_0
826,154,105.63963963963964,1.4504298665877984,1.1067211602033453,8.218346472261553,0.009466143612485076,ppf025_xy092_0
827,165,106.63063063063063,2.1090549671019856,1.1345984958614184,8.718614849469821,0.009378168300101386,ppf025_xy092_0
828,176,107.81981981981983,2.760661088516975,1.1612454518541173,9.234805692795174,0.009274732620320855,ppf025_xy092_0
829,187,109.6036036036036,3.402511349884855,1.187934952733945,9.824065811216906,0.009123787604800263,ppf025_xy092_0
830,198,111.98198198198199,4.0302637538216235,1.2100700816211993,10.414784899876233,0.008930008045052293,ppf025_xy092_0
831,209,113.96396396396396,4.6463023406681305,1.227307990388432,10.903245184420227,0.008774703557312254,ppf025_xy092_0
832,220,115.54954954954955,5.252790358500985,1.2427718434069932,11.335277989653706,0.00865429596132855,ppf025_xy092_0
833,231,116.54054054054055,5.850657261878125,1.263193653874776,11.811308326035963,0.008580705009276436,ppf025_xy092_0
834,242,117.53153153153153,0.15286609943765525,1.2880317041291365,12.384788936784899,0.008508355051356739,ppf025_xy092_0
835,253,118.32432432432432,0.7336993593203633,1.2996076947192867,12.693450373831558,0.008451347647327547,ppf025_xy092_0
836,264,120.10810810810811,1.3219634300843297,1.3055602244224356,13.003110551788131,0.008325832583258325,ppf025_xy092_0
837,275,121.0990990990991,1.8935704631688812,1.3165184216383046,13.331404358214659,0.00825769974706145,ppf025_xy092_0
838,286,121.89189189189189,2.4543084820647434,1.3207148827621307,13.504361950301616,0.008203991130820399,ppf025_xy092_0
839,297,122.68468468468468,3.011271942574459,1.3129934517438835,13.433728893126132,0.008150976648553385,ppf025_xy092_0
840,308,124.07207207207207,3.5703484551350244,1.2970055696236409,13.256803699598683,0.008059831542259657,ppf025_xy092_0
841,319,125.06306306306307,4.119582464032074,1.2869361877447838,13.156010022556993,0.00799596599913557,ppf025_xy092_0
842,330,125.65765765765767,4.65970805619748,1.2711996933803928,12.897265107131421,0.007958130197877831,ppf025_xy092_0
843,341,126.05405405405405,5.198984339888845,1.233358295389683,12.179134992583865,0.007933104631217838,ppf025_xy092_0
844,352,127.24324324324324,5.736559711217717,1.1909530287881351,11.46317981004548,0.007858963466440102,ppf025_xy092_0
845,363,129.22522522522524,6.263987989271401,1.15554751433084,10.95983513719208,0.007738427216954823,ppf025_xy092_0
846,374,130.4144144144144,0.4954098129328478,1.1279430382769169,10.538554359331865,0.007667864050842774,ppf025_xy092_0
847,385,131.009009009009,1.0080556180566969,1.096766635125584,10.009461886037661,0.007633062852427453,ppf025_xy092_0
848,396,131.40540540540542,1.5205691258334455,1.0540580688091974,9.273067324526366,0.007610037021801727,ppf025_xy092_0
849,407,132.7927927927928,2.021149324376208,0.9953553920147459,8.356260297549106,0.007530529172320217,ppf025_xy092_0
850,418,135.17117117117118,2.499730789870057,0.9439094454046723,7.649373179759905,0.0073980271927486,ppf025_xy092_0
851,429,136.55855855855856,2.9755058524996083,0.9031740763431036,7.075269049872889,0.007322865813431851,ppf025_xy092_0
852,440,136.75675675675677,3.464860922455429,0.8573243952600763,6.384402581748078,0.007312252964426877,ppf025_xy092_0
853,451,136.36036036036035,3.9699176538356014,0.7948024914464388,5.471264216198158,0.0073335095137420725,ppf025_xy092_0
854,0,99.89189189189189,4.446081518091333,0.5752971393835482,1.769008107176416,0.010010822510822512,ppf025_xy093_0
855,11,99.0990990990991,5.0967161665983065,0.6392811311620428,2.1670485152056465,0.01009090909090909,ppf025_xy093_0
856,22,98.70270270270271,5.7751024013954435,0.7050284912665905,2.6251706261855343,0.01013143483023001,ppf025_xy093_0
857,33,98.50450450450451,0.18189552154904373,0.7708908640981328,3.1322545164257067,0.01015182001097494,ppf025_xy093_0
858,44,98.50450450450451,0.8820231273230179,0.8352862680811145,3.6774089606586666,0.01015182001097494,ppf025_xy093_0
859,55,98.50450450450451,1.5818283001015787,0.89874681589206,4.2574149021187235,0.01015182001097494,ppf025_xy093_0
860,66,98.50450450450451,2.280865805764976,0.9610816730713355,4.8684625985306935,0.01015182001097494,ppf025_xy093_0
861,77,98.70270270270271,2.984874662564567,1.020908547627247,5.504500055776658,0.01013143483023001,ppf025_xy093_0
862,88,99.0990990990991,3.6907822285259337,1.0774044046000677,6.155202642499451,0.01009090909090909,ppf025_xy093_0
863,99,99.49549549549549,4.39288638475073,1.1299959810370144,6.797862448536434,0.010050706265845708,ppf025_xy093_0
864,110,99.89189189189189,5.091801056199446,1.1791773064057944,7.431964373488272,0.010010822510822512,ppf025_xy093_0
865,121,100.28828828828829,5.787185712434122,1.2252286124081526,8.055632307028816,0.009971254042400287,ppf025_xy093_0
866,132,100.68468468468468,0.19550341365053678,1.2686002783852357,8.670181214863451,0.009931997136721547,ppf025_xy093_0
867,143,101.08108108108108,0.8828956732235553,1.3087362673666447,9.263802960044453,0.009893048128342246,ppf025_xy093_0
868,154,101.67567567567568,1.5689230457520085,1.3439765779788935,9.826879330423154,0.009835194045720362,ppf025_xy093_0
869,165,102.07207207207207,2.248635399268117,1.377211055203965,10.359125325389755,0.009796999117387467,ppf025_xy093_0
870,176,102.66666666666667,2.927357884577542,1.4067021091253464,10.87048433902492,0.00974025974025974,ppf025_xy093_0
871,187,103.06306306306307,3.5998230357046324,1.4354462775467647,11.362975967508893,0.009702797202797202,ppf025_xy093_0
872,198,103.85585585585585,4.271306384424866,1.460275092146711,11.849922220208901,0.009628730048577377,ppf025_xy093_0
873,209,104.45045045045045,4.9356343843331745,1.4841383760273947,12.310459476703254,0.009573917543557013,ppf025_xy093_0
874,220,105.04504504504504,5.59663948145618,1.5055447054928803,12.740252611283578,0.009519725557461407,ppf025_xy093_0
875,231,105.63963963963964,6.253889071442575,1.525468390371213,13.153716962980136,0.009466143612485076,ppf025_xy093_0
876,242,106.23423423423424,0.6240487399560891,1.5447286875397266,13.563884139079008,0.009413161465400272,ppf025_xy093_0
877,253,106.82882882882883,1.2729380769399687,1.5642404891517914,13.986552152439911,0.009360769101028841,ppf025_xy093_0
878,264,107.62162162162163,1.91744448181587,1.5825948486854233,14.422952819731451,0.009291813159216473,ppf025_xy093_0
879,275,108.41441441441441,2.557724418743794,1.5991277947953448,14.834350218011684,0.00922386571381087,ppf025_xy093_0
880,286,109.009009009009,3.1934522191221033,1.615943008516481,15.2310423967013,0.009173553719008265,ppf025_xy093_0
881,297,109.8018018018018,3.826465917543331,1.6306546631738796,15.622431027405453,0.009107318674105677,ppf025_xy093_0
882,308,110.3963963963964,4.454877624649449,1.6469956633179599,16.02341069348945,0.009058266688428268,ppf025_xy093_0
883,319,110.990990990991,5.079414158428156,1.6623859105223182,16.412191793044858,0.00900974025974026,ppf025_xy093_0
884,330,111.58558558558559,5.700529322423334,1.6760846319031812,16.773169689348663,0.008961730986597772,ppf025_xy093_0
885,341,112.18018018018019,0.03658532968835155,1.6893245249441016,17.130003943693083,0.008914230645679408,ppf025_xy093_0
886,352,112.77477477477477,0.6507986126067044,1.7014429946945249,17.468754046926374,0.00886723118709059,ppf025_xy093_0
887,363,113.17117117117117,1.2606569225265842,1.7107895331184868,17.723281480472505,0.008836172583983443,ppf025_xy093_0
888,374,113.56756756756756,1.8679927003863113,1.7177920940837346,17.93125467986849,0.008805330794859591,ppf025_xy093_0
889,385,114.16216216216216,2.4744251560504344,1.7208080607061922,18.088485438521825,0.008759469696969698,ppf025_xy093_0
890,396,114.55855855855856,3.076378901430451,1.7240993475576354,18.22079286843665,0.008729160113243158,ppf025_xy093_0
891,407,114.95495495495496,3.674671838862549,1.723497799036727,18.27108413886706,0.008699059561128526,ppf025_xy093_0
892,418,115.15315315315316,4.271003178361893,1.718157255985759,18.189334563377724,0.00868408699734001,ppf025_xy093_0
893,429,115.54954954954955,4.8662219854350175,1.7065021205261348,18.00516381481686,0.00865429596132855,ppf025_xy093_0
894,440,115.94594594594595,5.458945162602253,1.693455805179018,17.79174142374271,0.008624708624708625,ppf025_xy093_0
895,451,116.14414414414415,6.049039922110206,1.678205776960157,17.502613282785365,0.008609990691901954,ppf025_xy093_0
896,462,116.34234234234235,0.35346147419102925,1.6569838355564601,17.091866911775583,0.008595322905374013,ppf025_xy093_0
897,473,116.54054054054055,0.9398434751193117,1.6292690685291844,16.553041692522715,0.008580705009276436,ppf025_xy093_0
898,484,116.93693693693693,1.5239719149234987,1.5947414247148728,15.912829900029235,0.008551617873651772,ppf025_xy093_0
899,495,117.33333333333333,2.105530684255201,1.5583438847559792,15.246254555329847,0.008522727272727274,ppf025_xy093_0
900,506,117.53153153153153,2.6860315973385935,1.5191798063953612,14.51402640847259,0.008508355051356739,ppf025_xy093_0
901,517,117.72972972972973,3.264001003050801,1.4733966206720996,13.675419001717602,0.008494031221303948,ppf025_xy093_0
902,528,118.12612612612612,3.8373081014418253,1.4193146502186136,12.73264083698154,0.008465527760829775,ppf025_xy093_0
903,539,118.52252252252252,4.409772173219263,1.3629162938595798,11.780247336680377,0.00843721495895409,ppf025_xy093_0
904,550,119.11711711711712,4.974315946909814,1.304738352871978,10.850161114688953,0.008395099077295416,ppf025_xy093_0
905,561,119.51351351351352,5.537784191844835,1.2445879039259282,9.90565781429593,0.008367254635911352,ppf025_xy093_0
906,572,119.90990990990991,6.098345165359836,1.1804782362165485,8.94100219879513,0.008339594290007513,ppf025_xy093_0
907,583,120.50450450450451,0.36786441290397415,1.109832872170358,7.942068071583342,0.008298444976076555,ppf025_xy093_0
908,594,121.49549549549549,0.9060425087858529,1.0382040215481483,7.007139213324068,0.008230757822927481,ppf025_xy093_0
909,605,122.88288288288288,1.4202304138535342,0.9697165317671662,6.182955863027582,0.008137829912023461,ppf025_xy093_0
910,0,144.0900900900901,3.2695944644931982,0.3701210361888471,1.1953497447756458,0.006940102538451919,ppf025_xy094_0
911,11,140.9189189189189,3.6755069927778816,0.4059616170799976,1.4064120925875359,0.007096279248177983,ppf025_xy094_0
912,22,139.53153153153153,4.120444939467707,0.4349417663640578,1.5984826636630503,0.007166838842975207,ppf025_xy094_0
913,33,137.54954954954957,4.5534052586633855,0.4566818343061498,1.7372406686314088,0.0072701074141996325,ppf025_xy094_0
914,44,133.981981981982,4.967862700206549,0.4781384097912573,1.8549277790701089,0.007463690155997848,ppf025_xy094_0
915,55,130.01801801801804,5.402753078667987,0.5126479426453852,2.069261228915445,0.0076912416851441226,ppf025_xy094_0
916,66,128.03603603603602,5.882355956305258,0.5529573040443413,2.3707663792235607,0.007810301153954405,ppf025_xy094_0
917,77,126.64864864864865,0.09256152807198154,0.5905862664496943,2.6751034964660283,0.007895860008536065,ppf025_xy094_0
918,88,124.86486486486487,0.5816685949629837,0.624107137790881,2.945315969576538,0.008008658008658008,ppf025_xy094_0
919,99,122.48648648648648,1.0676836974180837,0.6609509995733779,3.240410614633853,0.008164165931156223,ppf025_xy094_0
920,110,119.71171171171171,1.5638340412768743,0.7124980440462466,3.6802501166035824,0.008353401565322095,ppf025_xy094_0
921,121,117.92792792792793,2.0876262291030208,0.777989483098849,4.322524482415239,0.008479755538579069,ppf025_xy094_0
922,132,116.54054054054055,2.6199019752486024,0.8369235629442627,4.943356825514239,0.008580705009276436,ppf025_xy094_0
923,143,114.95495495495496,3.1546994361982064,0.8925235728440413,5.545496400480206,0.008699059561128526,ppf025_xy094_0
924,154,113.17117117117117,3.6978915847729255,0.9507178599236515,6.194588427968122,0.008836172583983443,ppf025_xy094_0
925,165,111.58558558558559,4.26164505044353,1.0186231843164435,7.011461470415399,0.008961730986597772,ppf025_xy094_0
926,176,110.990990990991,4.858425043451435,1.0851222560564668,7.914407592012818,0.00900974025974026,ppf025_xy094_0
927,187,110.3963963963964,5.458363575275303,1.1441433891786708,8.751634063108218,0.009058266688428268,ppf025_xy094_0
928,198,110.0,6.068369806344264,1.1971355570268651,9.546687075093335,0.00909090909090909,ppf025_xy094_0
929,209,109.6036036036036,0.402264748546615,1.2483676920352755,10.343873862975322,0.009123787604800263,ppf025_xy094_0
930,220,109.4054054054054,1.0259818321789969,1.3006136839522697,11.20750030298997,0.009140316205533598,ppf025_xy094_0
931,231,109.8018018018018,1.6572464049689524,1.350784121368453,12.132622974322452,0.009107318674105677,ppf025_xy094_0
932,242,110.0,2.2823766858103554,1.393006054184077,12.92623462538757,0.00909090909090909,ppf025_xy094_0
933,253,110.1981981981982,2.9080336055313976,1.4285120486497163,13.618072773922698,0.00907455853499019,ppf025_xy094_0
934,264,110.0,3.5242783270542675,1.4609213933657863,14.217385010172901,0.00909090909090909,ppf025_xy094_0
935,275,110.1981981981982,4.1483688082834576,1.4864406712035547,14.744939491313485,0.00907455853499019,ppf025_xy094_0
936,286,110.3963963963964,4.77213903189375,1.5161537500626783,15.367907140649601,0.009058266688428268,ppf025_xy094_0
937,297,110.5945945945946,5.390781435154738,1.5406409771474245,15.896815440156791,0.009042033235581623,ppf025_xy094_0
938,308,110.7927927927928,6.008898902126646,1.5537945685936365,16.198397402479348,0.009025857863067165,ppf025_xy094_0
939,319,110.990990990991,0.34324728432846396,1.5603538427128054,16.36467031156735,0.00900974025974026,ppf025_xy094_0
940,330,111.1891891891892,0.9596326992805111,1.5614378851011526,16.41667988163107,0.00899368011667477,ppf025_xy094_0
941,341,111.38738738738739,1.5747337496964648,1.5596611358335424,16.408536972126033,0.008977677127143318,ppf025_xy094_0
942,352,111.78378378378379,2.192323119403168,1.5407770004081374,16.07058630930718,0.008945841392649903,ppf025_xy094_0
943,363,112.37837837837839,2.802949086619452,1.5258522497261422,15.84459224289291,0.008898508898508899,ppf025_xy094_0
944,374,112.57657657657657,3.4101204974423687,1.5092256905563695,15.528508993392947,0.008882842509603073,ppf025_xy094_0
945,385,112.77477477477477,4.014484856446092,1.4850181794850714,15.06082806307718,0.00886723118709059,ppf025_xy094_0
946,396,112.97297297297297,4.618723330165951,1.4434376634145745,14.254236674612994,0.008851674641148326,ppf025_xy094_0
947,407,113.36936936936937,5.220945631334173,1.4037037729914421,13.527576758254988,0.008820724729815639,ppf025_xy094_0
948,418,113.96396396396396,5.816257435021149,1.3626720972417548,12.815147660802383,0.008774703557312254,ppf025_xy094_0
949,429,114.16216216216216,0.12852864818603182,1.319433356701315,12.035674825729696,0.008759469696969698,ppf025_xy094_0
950,440,114.36036036036036,0.7201444503475357,1.265424113439034,11.08973245358972,0.008744288640302505,ppf025_xy094_0
951,451,114.55855855855856,1.3138329222588372,1.2035324398095726,10.048852772806141,0.008729160113243158,ppf025_xy094_0
952,462,115.74774774774775,1.8851798422149812,1.1348855655736152,9.027968505830069,0.00863947696139477,ppf025_xy094_0
953,473,116.73873873873875,2.449578763147227,1.0746731454435403,8.164716915456722,0.008566136749498379,ppf025_xy094_0
954,484,117.53153153153153,3.0094596878783233,1.0135030275835437,7.311017740134642,0.008508355051356739,ppf025_xy094_0
955,495,117.92792792792793,3.5767003936098067,0.947398035320268,6.409954826275763,0.008479755538579069,ppf025_xy094_0
956,0,71.54954954954955,2.1271431408335615,0.5531628180072382,1.6609350699634324,0.013976328380760513,ppf025_xy096_0
957,11,71.54954954954955,3.0855686413924976,0.6030373585457935,1.973945373375789,0.013976328380760513,ppf025_xy096_0
958,22,71.54954954954955,4.043720794421339,0.6478953883214507,2.2785390273383563,0.013976328380760513,ppf025_xy096_0
959,33,71.74774774774775,5.007230286912805,0.6865088962910688,2.5653132362645636,0.013937719738824711,ppf025_xy096_0
960,44,72.14414414414415,5.970186674731112,0.7185787510920154,2.8261136153871647,0.01386113886113886,ppf025_xy096_0
961,55,72.54054054054055,0.642693112402752,0.7451502727223571,3.0556830650944273,0.013785394932935915,ppf025_xy096_0
962,66,73.13513513513513,1.5935316081201851,0.7651245448103495,3.248105499726812,0.013673318551367332,ppf025_xy096_0
963,77,73.72972972972974,2.5354852767974703,0.7804766346487229,3.4072362240439937,0.013563049853372432,ppf025_xy096_0
964,88,74.52252252252252,3.467024804416997,0.7913895501659928,3.5408535125273404,0.013418762088974854,ppf025_xy096_0
965,99,75.51351351351352,4.386157812871453,0.7983915831512188,3.6517107316539548,0.013242662848962061,ppf025_xy096_0
966,110,76.70270270270271,5.289590961874051,0.8020604285869635,3.7433862210563786,0.013037350246652571,ppf025_xy096_0
967,121,78.09009009009009,6.1752593380003935,0.8023335711483475,3.8136922372414435,0.01280572219658514,ppf025_xy096_0
968,132,123.87387387387388,2.888535770262955,0.6779464988010491,4.319270012632748,0.008072727272727273,ppf025_xy096_0
969,143,122.68468468468468,3.4118239086101125,0.725690274295171,4.901542208853432,0.008150976648553385,ppf025_xy096_0
970,154,121.49549549549549,3.937415244461126,0.7666582344538166,5.417558083952433,0.008230757822927481,ppf025_xy096_0
971,165,119.71171171171171,4.45905806901271,0.807874387615192,5.927398289599448,0.008353401565322095,ppf025_xy096_0
972,176,117.13513513513513,4.973328211855065,0.8613319336495017,6.592772218272781,0.00853714813105676,ppf025_xy096_0
973,187,115.15315315315316,5.508760610562206,0.9287712308908544,7.535865416349135,0.00868408699734001,ppf025_xy096_0
974,198,113.96396396396396,6.067648156777847,0.9880178881450131,8.439893224998361,0.008774703557312254,ppf025_xy096_0
975,209,112.57657657657657,0.3486248165362607,1.0414509610699,9.263294646797906,0.008882842509603073,ppf025_xy096_0
976,220,111.58558558558559,0.9337119005677527,1.0911869023009124,10.079666802642118,0.008961730986597772,ppf025_xy096_0
977,231,110.5945945945946,1.5302510419452202,1.1439214763081385,10.979084272834616,0.009042033235581623,ppf025_xy096_0
978,242,110.3963963963964,2.144705001411351,1.1921513443485638,11.903028496052208,0.009058266688428268,ppf025_xy096_0
979,253,109.2072072072072,2.7348699468190447,1.2333380057552203,12.602459793915559,0.009156904801187924,ppf025_xy096_0
980,264,109.009009009009,3.355203877668483,1.2623027321355984,13.177384743365108,0.009173553719008265,ppf025_xy096_0
981,275,109.2072072072072,3.9838611918192264,1.2872033206810325,13.727308510254584,0.009156904801187924,ppf025_xy096_0
982,286,109.4054054054054,4.608502435530184,1.31487555997184,14.34986701364821,0.009140316205533598,ppf025_xy096_0
983,297,109.4054054054054,5.230126754260262,1.3304166210950332,14.691085763067575,0.009140316205533598,ppf025_xy096_0
984,308,109.6036036036036,5.855299562291452,1.335532551408301,14.831107374481325,0.009123787604800263,ppf025_xy096_0
985,319,110.0,0.19878656053057098,1.3374560814064995,14.927653138760785,0.00909090909090909,ppf025_xy096_0
986,330,110.0,0.8207356215924032,1.3322276702182139,14.811170277734073,0.00909090909090909,ppf025_xy096_0
987,341,110.1981981981982,1.4405940346902093,1.3235875057509725,14.646019290288866,0.00907455853499019,ppf025_xy096_0
988,352,110.1981981981982,2.063189467911535,1.3068240520815744,14.277380114324835,0.00907455853499019,ppf025_xy096_0
989,363,110.5945945945946,2.683830013483837,1.2846559652145246,13.846734564548017,0.009042033235581623,ppf025_xy096_0
990,374,110.5945945945946,3.3024055600822826,1.2592284465139196,13.304015537303309,0.009042033235581623,ppf025_xy096_0
991,385,110.3963963963964,3.922618979754753,1.2233718409853767,12.534633708243867,0.009058266688428268,ppf025_xy096_0
992,396,110.5945945945946,4.542032918259056,1.1779753208252408,11.642495401682478,0.009042033235581623,ppf025_xy096_0
993,407,110.990990990991,5.157084022632686,1.1364521070645068,10.875013276068959,0.00900974025974026,ppf025_xy096_0
994,418,111.1891891891892,5.7698577174756736,1.0954115569101674,10.121782265960825,0.00899368011667477,ppf025_xy096_0
995,429,110.7927927927928,0.10710466490865181,1.0481874142503274,9.234835883951488,0.009025857863067165,ppf025_xy096_0
996,440,110.3963963963964,0.7320795961307534,0.9892379213412753,8.195891492055859,0.009058266688428268,ppf025_xy096_0
997,451,110.7927927927928,1.3435475768561551,0.9286024100743039,7.247878647933304,0.009025857863067165,ppf025_xy096_0
998,462,111.78378378378379,1.9338212798985486,0.8722623006150576,6.452273997610445,0.008945841392649903,ppf025_xy096_0
999,473,112.37837837837839,2.524889383707008,0.8191669883031416,5.720940565417722,0.008898508898508899,ppf025_xy096_0
1000,0,89.38738738738739,2.876648985191936,0.608888464667101,2.207757441374893,0.011187260632936907,ppf025_xy097_0
1001,11,88.7927927927928,3.6161105725858715,0.67041343077968,2.6586596769412365,0.011262175324675324,ppf025_xy097_0
1002,22,88.3963963963964,4.376787955799724,0.7346951412930804,3.1786924961406657,0.011312678353037097,ppf025_xy097_0
1003,33,88.990990990991,5.175073957786918,0.8029685343327149,3.8224579590211203,0.011237092528851994,ppf025_xy097_0
1004,44,89.98198198198199,5.970811438411642,0.865310663523013,4.488479920931785,0.011113336003203843,ppf025_xy097_0
1005,55,90.77477477477477,0.4655969919808421,0.9181682013842596,5.0981111085376405,0.011016276300119095,ppf025_xy097_0
1006,66,90.97297297297297,1.2258859034365346,0.9691916268565633,5.6928706342168525,0.010992275698158051,ppf025_xy097_0
1007,77,91.36936936936937,1.9887929919297582,1.0192965640928606,6.324138439777471,0.01094458686649576,ppf025_xy097_0
1008,88,92.36036036036036,2.7525985613038713,1.0732954275301605,7.088001446171261,0.010827155676941085,ppf025_xy097_0
1009,99,93.54954954954955,3.503788605670847,1.119465677949462,7.810213159427693,0.010689522342064715,ppf025_xy097_0
1010,110,94.34234234234235,4.243153972984034,1.1562975667853874,8.403215452111324,0.010599694423223834,ppf025_xy097_0
1011,121,94.93693693693693,4.977965171781354,1.1909834350706223,8.971111987082145,0.010533308028088823,ppf025_xy097_0
1012,132,95.33333333333333,5.705893749402899,1.2327840829585237,9.652024943202957,0.01048951048951049,ppf025_xy097_0
1013,143,96.32432432432432,0.14559594432686898,1.2763873901121305,10.454435841004372,0.010381593714927048,ppf025_xy097_0
1014,154,97.11711711711712,0.858586605204323,1.3080201638033544,11.069405073563942,0.010296846011131726,ppf025_xy097_0
1015,165,97.71171171171171,1.5654439531605144,1.3323099433612677,11.554649605125848,0.010234187718974736,ppf025_xy097_0
1016,176,98.10810810810811,2.2708733048729832,1.3559993494350346,12.017758810390587,0.010192837465564738,ppf025_xy097_0
1017,187,98.50450450450451,2.973130391630802,1.387020713212087,12.62471563307224,0.01015182001097494,ppf025_xy097_0
1018,198,99.29729729729729,3.665906137634219,1.4216813418045045,13.37031304888244,0.010070767555797496,ppf025_xy097_0
1019,209,100.09009009009009,4.371268467093278,1.4325116606315664,13.683179751318319,0.009990999099909992,ppf025_xy097_0
1020,220,100.48648648648648,5.058637005399322,1.4456724252773148,13.99094587626384,0.009951586874663798,ppf025_xy097_0
1021,231,100.48648648648648,5.739033845442005,1.4449662386112492,13.977280531210226,0.009951586874663798,ppf025_xy097_0
1022,242,100.88288288288288,0.14139705394354352,1.4337773853482378,13.815943767382677,0.009912484372209323,ppf025_xy097_0
1023,253,101.47747747747748,0.8308553279676044,1.4239543208980845,13.707599246253798,0.009854403409090908,ppf025_xy097_0
1024,264,101.87387387387388,1.506999665406817,1.4183970942334005,13.653943682489555,0.009816059426954368,ppf025_xy097_0
1025,275,101.67567567567568,2.17746169981939,1.4004894519372881,13.285453141373107,0.009835194045720362,ppf025_xy097_0
1026,286,101.67567567567568,2.852185038632308,1.3670506367169153,12.658606231232813,0.009835194045720362,ppf025_xy097_0
1027,297,101.87387387387388,3.5297243746170612,1.335304113183618,12.101043301618137,0.009816059426954368,ppf025_xy097_0
1028,308,102.07207207207207,4.199092991328328,1.3064769499603495,11.606734636367614,0.009796999117387467,ppf025_xy097_0
1029,319,101.67567567567568,4.869784709396453,1.269033183334507,10.908439928270633,0.009835194045720362,ppf025_xy097_0
1030,330,101.08108108108108,5.54809803256455,1.2108349071687599,9.872777829161747,0.009893048128342246,ppf025_xy097_0
1031,341,101.27927927927928,6.22389708575169,1.152871498410556,8.967719751221631,0.009873687955879737,ppf025_xy097_0
1032,352,101.87387387387388,0.6043867917618836,1.1014009993520983,8.232910113708165,0.009816059426954368,ppf025_xy097_0
1033,363,102.07207207207207,1.2676260565881652,1.0495159200059074,7.490048208337522,0.009796999117387467,ppf025_xy097_0
1034,374,101.67567567567568,1.9437977252188328,0.987365828204525,6.603480090860141,0.009835194045720362,ppf025_xy097_0
1035,385,101.47747747747748,2.622847054739258,0.9038798918440992,5.523199537929968,0.009854403409090908,ppf025_xy097_0
1036,0,83.83783783783784,2.229799365472688,0.5459892663596077,1.6934814710615465,0.011927788523533205,ppf025_xy098_0
1037,11,83.24324324324324,3.021447424541324,0.6054760475988848,2.067831262566287,0.012012987012987014,ppf025_xy098_0
1038,22,83.04504504504504,3.840763982728484,0.6639667567837643,2.4807246756595713,0.012041657626383163,ppf025_xy098_0
1039,33,82.84684684684684,4.661828433561362,0.7217630613047952,2.9244045927711384,0.012070465419747716,ppf025_xy098_0
1040,44,82.84684684684684,5.491969494810576,0.7766133537484058,3.385773188331128,0.012070465419747716,ppf025_xy098_0
1041,55,83.04504504504504,0.04480168995330087,0.827503370368831,3.8532344771771307,0.012041657626383163,ppf025_xy098_0
1042,66,83.24324324324324,0.8773347819999623,0.8750711810218467,4.319245853529184,0.012012987012987014,ppf025_xy098_0
1043,77,83.83783783783784,1.7155112120286595,0.9169682154343869,4.7766212191525375,0.011927788523533205,ppf025_xy098_0
1044,88,84.43243243243244,2.5457621003665407,0.9549686863666054,5.2174672713372745,0.011843790012804096,ppf025_xy098_0
1045,99,85.02702702702703,3.3673969085198885,0.9891905954195847,5.637533317759673,0.011760966306420852,ppf025_xy098_0
1046,110,86.01801801801801,4.186449919036907,1.0177047504653487,6.036777996846882,0.011625471302890659,ppf025_xy098_0
1047,121,86.8108108108108,4.9922114135125035,1.0439456806049794,6.4106458573346154,0.011519302615193027,ppf025_xy098_0
1048,132,87.8018018018018,5.790028459711002,1.0670980086808814,6.77460872479516,0.011389287912989945,ppf025_xy098_0
1049,143,88.990990990991,0.2955071518008809,1.0873913010750587,7.130006434131208,0.011237092528851994,ppf025_xy098_0
1050,154,90.18018018018019,1.0721763125227792,1.106028814971315,7.475085282907966,0.011088911088911088,ppf025_xy098_0
1051,165,91.36936936936937,1.8366533608370172,1.122524392072719,7.801253151510983,0.01094458686649576,ppf025_xy098_0
1052,176,92.55855855855856,2.5891311112580446,1.1366682916226112,8.103194116074304,0.010803971189410162,ppf025_xy098_0
1053,187,93.94594594594595,3.330388609488564,1.1478196866096413,8.386824438220419,0.010644418872266973,ppf025_xy098_0
1054,198,95.33333333333333,4.058721900114303,1.1571091560817075,8.648994253749883,0.01048951048951049,ppf025_xy098_0
1055,209,97.11711711711712,4.773210600843264,1.1636361046328447,8.910505192601404,0.010296846011131726,ppf025_xy098_0
1056,220,99.29729729729729,5.474117543300633,1.1679111213467366,9.177601278195443,0.010070767555797496,ppf025_xy098_0
1057,231,101.87387387387388,6.160500073675066,1.1712268480151147,9.469281542018201,0.009816059426954368,ppf025_xy098_0
1058,242,104.64864864864865,0.5510058042835028,1.1760849636907484,9.80806170725962,0.009555785123966943,ppf025_xy098_0
1059,253,107.02702702702703,1.2134472092585051,1.1882362067353094,10.239321867420193,0.009343434343434343,ppf025_xy098_0
1060,264,109.2072072072072,1.864229907551883,1.2030027032050148,10.709191318053932,0.009156904801187924,ppf025_xy098_0
1061,275,110.7927927927928,2.5011463496544075,1.224401555742492,11.25463526951909,0.009025857863067165,ppf025_xy098_0
1062,286,112.37837837837839,3.1293934357235287,1.2486760762670752,11.872837202300333,0.008898508898508899,ppf025_xy098_0
1063,297,113.36936936936937,3.743585434017458,1.2745832293914077,12.479704454058353,0.008820724729815639,ppf025_xy098_0
1064,308,114.16216216216216,4.349888520404701,1.2960703002436913,12.994257626415605,0.008759469696969698,ppf025_xy098_0
1065,319,115.15315315315316,4.956771209258834,1.3142958165931276,13.478273208967392,0.00868408699734001,ppf025_xy098_0
1066,330,115.74774774774775,5.554259182340401,1.330488129988419,13.883748172510096,0.00863947696139477,ppf025_xy098_0
1067,341,116.34234234234235,6.146966495138874,1.34998122564077,14.366978130946036,0.008595322905374013,ppf025_xy098_0
1068,352,116.73873873873875,0.45028239160789674,1.3643784311000837,14.725052678671302,0.008566136749498379,ppf025_xy098_0
1069,363,117.33333333333333,1.0390966004337256,1.3707401041598775,14.938390814687825,0.008522727272727274,ppf025_xy098_0
1070,374,117.72972972972973,1.6248128295654856,1.3768773103295435,15.123377865401046,0.008494031221303948,ppf025_xy098_0
1071,385,118.12612612612612,2.2065022393303315,1.3802836664347802,15.249472787073234,0.008465527760829775,ppf025_xy098_0
1072,396,118.32432432432432,2.78520157948981,1.3788306798594725,15.242916809816451,0.008451347647327547,ppf025_xy098_0
1073,407,118.52252252252252,3.364155139396632,1.370280796667683,15.079682544838835,0.00843721495895409,ppf025_xy098_0
1074,418,118.91891891891892,3.9431245944491886,1.3580531087821712,14.861294154743632,0.00840909090909091,ppf025_xy098_0
1075,429,119.31531531531532,4.518666575791906,1.3446953546801328,14.618949719027919,0.00838115372999094,ppf025_xy098_0
1076,440,119.31531531531532,5.092029038917599,1.3243963918841826,14.180917845580888,0.00838115372999094,ppf025_xy098_0
1077,451,119.31531531531532,5.666287278518019,1.2976030451858906,13.612944544595017,0.00838115372999094,ppf025_xy098_0
1078,462,119.31531531531532,6.243232049606874,1.2664144952339786,12.9664207121667,0.00838115372999094,ppf025_xy098_0
1079,473,119.51351351351352,0.534383582047645,1.2337765537112875,12.327136632493035,0.008367254635911352,ppf025_xy098_0
1080,484,119.51351351351352,1.1077257779015166,1.1994254600336975,11.650262495761673,0.008367254635911352,ppf025_xy098_0
1081,495,119.11711711711712,1.6873095353504675,1.160606629706899,10.87217509504923,0.008395099077295416,ppf025_xy098_0
1082,506,118.72072072072072,2.270190510976335,1.1132112432468522,9.969052022022584,0.008423129458187888,ppf025_xy098_0
1083,517,118.72072072072072,2.850273418526394,1.0611295040486468,9.058065865446624,0.008423129458187888,ppf025_xy098_0
1084,528,118.72072072072072,3.428823351178008,1.0135214831234123,8.263511040051537,0.008423129458187888,ppf025_xy098_0
1085,539,118.91891891891892,4.00054329951314,0.9633646214545635,7.478327990335512,0.00840909090909091,ppf025_xy098_0
1086,550,118.72072072072072,4.582849716168701,0.9112525890490824,6.679996652235354,0.008423129458187888,ppf025_xy098_0
1087,561,118.32432432432432,5.173368517979998,0.8532453974803424,5.837059384347706,0.008451347647327547,ppf025_xy098_0
1088,0,75.90990990990991,2.523076981003404,0.631649692446718,2.2136251369134547,0.013173510562544505,ppf025_xy099_0
1089,11,75.31531531531532,3.4026095031915196,0.6901789227642481,2.622163133366088,0.013277511961722487,ppf025_xy099_0
1090,22,75.31531531531532,4.309303111019061,0.7460055566055791,3.063518075097378,0.013277511961722487,ppf025_xy099_0
1091,33,76.1081081081081,5.228730696793842,0.7917499449133607,3.4870649276864545,0.013139204545454548,ppf025_xy099_0
1092,44,76.5045045045045,6.134640937747653,0.8294835018566954,3.8472954194285043,0.013071125765426284,ppf025_xy099_0
1093,55,76.9009009009009,0.75238785124168,0.8613672391800942,4.170240977301399,0.013003748828491098,ppf025_xy099_0
1094,66,77.69369369369369,1.6488078477403876,0.8904880984801213,4.502928299094781,0.012871057513914657,ppf025_xy099_0
1095,77,79.08108108108108,2.5312733794621076,0.9124464758534406,4.8121639775928235,0.012645249487354751,ppf025_xy099_0
1096,88,80.46846846846847,3.3961300703557735,0.9250612619983821,5.032916774974747,0.012427227944469323,ppf025_xy099_0
1097,99,81.45945945945945,4.251058083314383,0.9370760468594191,5.2281040365049325,0.012276045122760452,ppf025_xy099_0
1098,110,82.45045045045046,5.097495716711879,0.9546615190100405,5.492181624147812,0.012128496503496502,ppf025_xy099_0
1099,121,83.63963963963964,5.929884503047846,0.9749945473750864,5.811249885402083,0.011956053425247738,ppf025_xy099_0
1100,132,85.22522522522522,0.45933912729741816,0.9948522729695869,6.165075144178038,0.011733615221987317,ppf025_xy099_0
1101,143,87.2072072072072,1.2536408157577936,1.0058231591424072,6.448350929151852,0.011466942148760331,ppf025_xy099_0
1102,154,88.3963963963964,2.0458034124343873,1.025619016615002,6.796099271635675,0.011312678353037097,ppf025_xy099_0
1103,165,89.58558558558559,2.8279319693242058,1.0445752071298535,7.144479394443323,0.011162510056315366,ppf025_xy099_0
1104,176,90.97297297297297,3.5991579088726926,1.0721374178813474,7.643043262931008,0.010992275698158051,ppf025_xy099_0
1105,187,93.74774774774775,4.408440617878922,1.0882640969642918,8.114886869415319,0.010666922929079376,ppf025_xy099_0
1106,198,94.54054054054055,5.144624627638608,1.1138140232445055,8.572282362094025,0.010577472841623784,ppf025_xy099_0
1107,209,95.33333333333333,5.867302614297744,1.143863491662886,9.116879194875988,0.01048951048951049,ppf025_xy099_0
1108,220,96.52252252252252,0.31473777731195274,1.1452756121796486,9.253408026405744,0.010360276274033974,ppf025_xy099_0
1109,231,97.71171171171171,1.0334168053536503,1.154326757716248,9.516059982259108,0.010234187718974736,ppf025_xy099_0
1110,242,98.50450450450451,1.7310928780979074,1.1630053642152094,9.738062336211856,0.01015182001097494,ppf025_xy099_0
1111,253,99.0990990990991,2.423968049368536,1.1394752276834952,9.4044306053149,0.01009090909090909,ppf025_xy099_0
1112,264,100.28828828828829,3.113351740898002,1.115159138898249,9.115425340334387,0.009971254042400287,ppf025_xy099_0
1113,275,101.08108108108108,3.7892294282572214,1.0962473002435729,8.878507697688166,0.009893048128342246,ppf025_xy099_0
1114,286,101.27927927927928,4.457242259811698,1.0638119894257632,8.37728686226585,0.009873687955879737,ppf025_xy099_0
1115,297,101.87387387387388,5.125797037181025,1.0032666063048952,7.4946017271290195,0.009816059426954368,ppf025_xy099_0
1116,308,103.06306306306307,5.774374381556369,0.9594312983694753,6.933999932554038,0.009702797202797202,ppf025_xy099_0
1117,319,103.85585585585585,0.13079578046169146,0.9169147872192188,6.381782022069957,0.009628730048577377,ppf025_xy099_0
1118,330,103.65765765765765,0.7838199516646165,0.8627078869006819,5.638738462031463,0.009647140622284027,ppf025_xy099_0
1119,341,104.25225225225225,1.4216528386852836,0.795185033465885,4.818089518601607,0.009592118907708261,ppf025_xy099_0
1120,352,107.62162162162163,1.98121339075909,0.7175693713684926,4.050236112072366,0.009291813159216473,ppf025_xy099_0
1121,0,73.13513513513513,5.3097644209451555,0.6055110205650942,2.2085472294970785,0.013673318551367332,ppf025_xy100_0
1122,11,72.93693693693695,6.236160008236807,0.6724089050198271,2.7161325020889677,0.013710474308300394,ppf025_xy100_0
1123,22,72.73873873873873,0.8851673089823594,0.7347158453918244,3.234008058903101,0.013747832548922468,ppf025_xy100_0
1124,33,72.54054054054055,1.8214580284840023,0.7946093417349178,3.7724599639403156,0.013785394932935915,ppf025_xy100_0
1125,44,72.93693693693695,2.7756241134716815,0.8478639075940071,4.3185339328435886,0.013710474308300394,ppf025_xy100_0
1126,55,73.53153153153153,3.7253503436797417,0.8912645773703999,4.8108678012774515,0.013599607939230582,ppf025_xy100_0
1127,66,73.92792792792793,4.664054307470222,0.9284006122981614,5.248266614428556,0.013526687789422374,ppf025_xy100_0
1128,77,74.52252252252252,5.599515287737333,0.9593441701692396,5.649017855558644,0.013418762088974854,ppf025_xy100_0
1129,88,75.31531531531532,0.2420257659246358,0.9857720882493314,6.027994562780693,0.013277511961722487,ppf025_xy100_0
1130,99,76.30630630630631,1.1540163879067076,1.0052166402983385,6.350622373696494,0.013105076741440376,ppf025_xy100_0
1131,110,77.29729729729729,2.054424839501547,1.0194340949294411,6.61636014626281,0.012937062937062939,ppf025_xy100_0
1132,121,78.28828828828829,2.9444405339146438,1.0333749934229104,6.885717682013137,0.012773302646720368,ppf025_xy100_0
1133,132,79.47747747747748,3.8221967110471393,1.0491235205636762,7.204997609791626,0.012582180911357968,ppf025_xy100_0
1134,143,80.86486486486487,4.684244973106259,1.0656521719362073,7.563578749923451,0.012366310160427807,ppf025_xy100_0
1135,154,82.05405405405406,5.532894069870006,1.082205187949887,7.915088684847589,0.012187088274044794,ppf025_xy100_0
1136,165,83.24324324324324,0.08864726082555656,1.099133606708879,8.28297756916615,0.012012987012987014,ppf025_xy100_0
1137,176,84.43243243243244,0.9177391661869087,1.1201926290211146,8.726322142692775,0.011843790012804096,ppf025_xy100_0
1138,187,85.62162162162161,1.7331701018689403,1.1462474327328422,9.265667679839142,0.01167929292929293,ppf025_xy100_0
1139,198,87.2072072072072,2.5334585366508975,1.1727922426249349,9.879411312641999,0.011466942148760331,ppf025_xy100_0
1140,209,88.7927927927928,3.3434416494400327,1.1993369031887204,10.519537085681518,0.011262175324675324,ppf025_xy100_0
1141,220,89.58558558558559,4.1209800286315765,1.2277445338507873,11.122199335518804,0.011162510056315366,ppf025_xy100_0
1142,231,90.18018018018019,4.88816212754608,1.2456674470214555,11.525289633063931,0.011088911088911088,ppf025_xy100_0
1143,242,91.17117117117117,5.657542718265042,1.256880282413843,11.862654428649648,0.010968379446640317,ppf025_xy100_0
1144,253,91.96396396396396,0.12931360685629598,1.2697872789508786,12.212825319054291,0.010873824451410658,ppf025_xy100_0
1145,264,92.16216216216216,0.8725888734487249,1.2760207645884978,12.359606876694567,0.010850439882697948,ppf025_xy100_0
1146,275,92.75675675675676,1.617002615974992,1.2642916255936014,12.211713217493008,0.01078088578088578,ppf025_xy100_0
1147,286,93.54954954954955,2.3593326588049552,1.2533008571299895,12.10288462002041,0.010689522342064715,ppf025_xy100_0
1148,297,93.74774774774775,3.088152197817234,1.2367274304068565,11.809876301019843,0.010666922929079376,ppf025_xy100_0
1149,308,93.74774774774775,3.8181416638424137,1.2076768053975617,11.261566675593347,0.010666922929079376,ppf025_xy100_0
1150,319,94.14414414414415,4.547615939670193,1.1703144336058102,10.620255210777986,0.01062200956937799,ppf025_xy100_0
1151,330,94.54054054054055,5.270302193968493,1.1349255804992204,10.02973295163625,0.010577472841623784,ppf025_xy100_0
1152,341,94.54054054054055,5.989375707946091,1.0901386952015626,9.253757429843615,0.010577472841623784,ppf025_xy100_0
1153,352,94.34234234234235,0.4344747091242113,1.0308972662577618,8.257982338503036,0.010599694423223834,ppf025_xy100_0
1154,363,94.93693693693693,1.1480100066976853,0.9724159476429268,7.393939280835465,0.010533308028088823,ppf025_xy100_0
1155,374,95.53153153153153,1.8498491533623462,0.9183501016347676,6.635899744969666,0.01046774801961524,ppf025_xy100_0
1156,385,95.53153153153153,2.5609447091684694,0.8589393087844238,5.805080092876601,0.01046774801961524,ppf025_xy100_0
1157,0,84.43243243243244,6.047084997829718,0.5878795542821635,1.3471973378930788,0.011843790012804096,ppf025_xy101_0
1158,11,83.24324324324324,0.5298336361193097,0.6349277060626882,1.5493257965633906,0.012012987012987014,ppf025_xy101_0
1159,22,82.25225225225225,1.319650816510535,0.6757199019686119,1.7339094832497381,0.012157721796276014,ppf025_xy101_0
1160,33,81.45945945945945,2.1290016959255444,0.7078572191587965,1.884421530034004,0.012276045122760452,ppf025_xy101_0
1161,44,118.91891891891892,3.6318880721027593,0.614356818389733,2.0722279161522463,0.00840909090909091,ppf025_xy101_0
1162,55,122.09009009009009,4.3389477750825325,0.6543223827280139,2.4132880919527424,0.008190672963400236,ppf025_xy101_0
1163,66,124.46846846846847,5.0015865136496656,0.6997898223460127,2.814101721733204,0.008034163288940358,ppf025_xy101_0
1164,77,126.64864864864865,5.644856419800679,0.7497131094526501,3.286517676760464,0.007895860008536065,ppf025_xy101_0
1165,88,128.63063063063063,6.268022179319863,0.8047059547682983,3.8455993116840235,0.007774198066956156,ppf025_xy101_0
1166,99,130.4144144144144,0.5877007687320064,0.8619743080206452,4.4736236013057225,0.007667864050842774,ppf025_xy101_0
1167,110,131.6036036036036,1.1586548227536948,0.9196105396194314,5.138316645701616,0.0075985761226725086,ppf025_xy101_0
1168,121,132.1981981981982,1.70354032554351,0.9777088251757272,5.834314134521964,0.007564399618372631,ppf025_xy101_0
1169,132,132.3963963963964,2.2342454001052134,1.0374394950068295,6.5788036052760335,0.007553075666848122,ppf025_xy101_0
1170,143,132.3963963963964,2.7582596112023965,1.1006359550678364,7.4047220133604,0.007553075666848122,ppf025_xy101_0
1171,154,132.7927927927928,3.288918991539999,1.1603620754458235,8.254803875926033,0.007530529172320217,ppf025_xy101_0
1172,165,132.990990990991,3.8105528685866963,1.2173183171476847,9.09862442469859,0.007519306327055953,ppf025_xy101_0
1173,176,132.990990990991,4.326183217676737,1.2710783560125318,9.920009127879522,0.007519306327055953,ppf025_xy101_0
1174,187,132.7927927927928,4.839943946544949,1.3212565188865024,10.702715798118739,0.007530529172320217,ppf025_xy101_0
1175,198,132.1981981981982,5.349534697395123,1.3726506365999538,11.499812779675729,0.007564399618372631,ppf025_xy101_0
1176,209,131.8018018018018,5.8644448089351116,1.4239310668058955,12.337991892335433,0.0075871496924128515,ppf025_xy101_0
1177,220,131.6036036036036,0.09799741153904212,1.4697782618493709,13.125523184939228,0.0075985761226725086,ppf025_xy101_0
1178,231,131.40540540540542,0.6149656080809409,1.5095166635263124,13.824016895534191,0.007610037021801727,ppf025_xy101_0
1179,242,131.009009009009,1.1313699865241211,1.5446558293509858,14.431445026680223,0.007633062852427453,ppf025_xy101_0
1180,253,130.4144144144144,1.6496555803352775,1.5767538015571119,14.969199331158064,0.007667864050842774,ppf025_xy101_0
1181,264,129.81981981981983,2.1729995973736442,1.6083315426484939,15.503771652916122,0.007702984038861901,ppf025_xy101_0
1182,275,129.22522522522524,2.697329299673996,1.6380057747008325,16.007494348256177,0.007738427216954823,ppf025_xy101_0
1183,286,128.63063063063063,3.223278490869887,1.6624213556018974,16.41238967194146,0.007774198066956156,ppf025_xy101_0
1184,297,128.03603603603602,3.7525671977597566,1.68168902366565,16.717402598799495,0.007810301153954405,ppf025_xy101_0
1185,308,127.24324324324324,4.2854843831867635,1.6984374501816875,16.946462198870048,0.007858963466440102,ppf025_xy101_0
1186,319,126.45045045045045,4.8241202563236705,1.715085362902892,17.172639943078533,0.007908235964662298,ppf025_xy101_0
1187,330,126.05405405405405,5.368113524948816,1.7270739187879036,17.35896676261929,0.007933104631217838,ppf025_xy101_0
1188,341,125.26126126126127,5.911270729468782,1.7379505479987256,17.46774375084334,0.007983314154200229,ppf025_xy101_0
1189,352,124.46846846846847,0.1747170775247203,1.7455361676317587,17.509036652835835,0.008034163288940358,ppf025_xy101_0
1190,363,123.67567567567568,0.7256223557245501,1.7506023274908076,17.49864808618556,0.008085664335664336,ppf025_xy101_0
1191,374,123.08108108108108,1.2814899374333895,1.7532393903381795,17.467025067238417,0.008124725516029864,ppf025_xy101_0
1192,385,122.48648648648648,1.8409262193934546,1.7557670444007318,17.43280072254863,0.008164165931156223,ppf025_xy101_0
1193,396,121.69369369369369,2.401617658718493,1.759072156005019,17.38523574637196,0.008217352679893397,ppf025_xy101_0
1194,407,120.90090090090091,2.966011053788099,1.7596130993389716,17.28260134324156,0.00827123695976155,ppf025_xy101_0
1195,418,120.30630630630631,3.534785617675668,1.7562419499330004,17.131772108202025,0.008312116219859217,ppf025_xy101_0
1196,429,119.71171171171171,4.107914580128172,1.7547652024194966,17.01844479679594,0.008353401565322095,ppf025_xy101_0
1197,440,119.31531531531532,4.683383382852548,1.7487147093819804,16.84532219273923,0.00838115372999094,ppf025_xy101_0
1198,451,118.91891891891892,5.2604937086273535,1.7406406829210128,16.63467860582887,0.00840909090909091,ppf025_xy101_0
1199,462,118.32432432432432,5.840141247007487,1.730183046227373,16.35322227561725,0.008451347647327547,ppf025_xy101_0
1200,473,118.12612612612612,0.13882914368472668,1.7130847202264108,16.004748243026928,0.008465527760829775,ppf025_xy101_0
1201,484,117.72972972972973,0.7234353014879631,1.693240948664084,15.583638848550404,0.008494031221303948,ppf025_xy101_0
1202,495,117.53153153153153,1.3091138160015043,1.670583018762955,15.1438299006612,0.008508355051356739,ppf025_xy101_0
1203,506,117.13513513513513,1.897840978807071,1.646419756323377,14.659309795146086,0.00853714813105676,ppf025_xy101_0
1204,517,116.93693693693693,2.4861437455911624,1.6165943701290277,14.109091179217566,0.008551617873651772,ppf025_xy101_0
1205,528,116.73873873873875,3.0734259871305887,1.5829091795550885,13.50430364402405,0.008566136749498379,ppf025_xy101_0
1206,539,116.54054054054055,3.6630416477763093,1.5438289498169935,12.82391384323982,0.008580705009276436,ppf025_xy101_0
1207,550,116.14414414414415,4.257358397069675,1.49962811279822,12.058954793814026,0.008609990691901954,ppf025_xy101_0
1208,561,116.14414414414415,4.847577080174864,1.4521356227955449,11.30724699973896,0.008609990691901954,ppf025_xy101_0
1209,572,116.14414414414415,5.438260765877977,1.40132398230394,10.52978805246377,0.008609990691901954,ppf025_xy101_0
1210,583,116.34234234234235,6.023426265121781,1.3465886715364852,9.739864583060307,0.008595322905374013,ppf025_xy101_0
1211,594,116.34234234234235,0.3283684997830713,1.2886782326839608,8.920146587170919,0.008595322905374013,ppf025_xy101_0
1212,605,116.14414414414415,0.9222753433401992,1.2264726886662853,8.06600122855564,0.008609990691901954,ppf025_xy101_0
1213,616,116.34234234234235,1.5064058163283347,1.15880097586715,7.2127471891657775,0.008595322905374013,ppf025_xy101_0
1214,627,116.73873873873875,2.0840486779493608,1.090530736428049,6.409675163215921,0.008566136749498379,ppf025_xy101_0
1215,638,117.33333333333333,2.651615375258177,1.022167197440384,5.659922581218519,0.008522727272727274,ppf025_xy101_0
