,time,periods,phase,amplitude,power,frequencies,Signal
0,0,75.11711711711712,2.734163091243717,0.44742178684874945,1.1583748922677943,0.013312544974814104,ppf021_xy001_0
1,11,77.0990990990991,3.6674047227684308,0.4822456920342184,1.381217221475713,0.012970320168263612,ppf021_xy001_0
2,22,73.13513513513513,4.47710419957349,0.5578270499080895,1.7530777436252112,0.013673318551367332,ppf021_xy001_0
3,33,74.91891891891892,5.428228202586561,0.6572186703910525,2.4927989589491117,0.013347763347763348,ppf021_xy001_0
4,44,79.47747747747748,0.06424664197197336,0.7331596705050881,3.2909188800259916,0.012582180911357968,ppf021_xy001_0
5,55,81.26126126126127,0.9135094671502295,0.7600233550806018,3.6158749517229563,0.012305986696230597,ppf021_xy001_0
6,66,80.86486486486487,1.7511117274617987,0.7875410169667383,3.863511392386767,0.012366310160427807,ppf021_xy001_0
7,77,81.06306306306305,2.5974669934548733,0.8625685716746126,4.646075237517896,0.012336074683262949,ppf021_xy001_0
8,88,84.43243243243244,3.3851445494906156,0.9549336344389905,5.931050876457416,0.011843790012804096,ppf021_xy001_0
9,99,86.61261261261261,4.247851645812785,0.927676296708387,5.741825990213235,0.01154566257541086,ppf021_xy001_0
10,110,86.8108108108108,5.037894374094482,0.9352648285933809,5.849503237449898,0.011519302615193027,ppf021_xy001_0
11,121,84.43243243243244,5.783417872893744,0.8811363229355877,5.049768604387384,0.011843790012804096,ppf021_xy001_0
12,132,85.02702702702703,0.3115380316296739,0.8030643511029395,4.224094807304236,0.011760966306420852,ppf021_xy001_0
13,143,88.0,1.1207682794283347,0.76448748425407,3.961862506188637,0.011363636363636364,ppf021_xy001_0
14,154,86.01801801801801,1.8879240227845873,0.7484617540196898,3.7119714346381865,0.011625471302890659,ppf021_xy001_0
15,165,83.24324324324324,2.686904830009666,0.6862118644011178,3.0195442994522796,0.012012987012987014,ppf021_xy001_0
16,0,57.67567567567568,2.7283031955966037,0.48956134954819486,1.0761793629601997,0.01733833177132146,ppf021_xy004_0
17,11,59.45945945945946,4.000520464827204,0.5459427730948538,1.3797262326380033,0.01681818181818182,ppf021_xy004_0
18,22,60.252252252252255,5.183392543534213,0.5938782764399629,1.6544204381041865,0.01659688995215311,ppf021_xy004_0
19,33,61.63963963963964,0.08283537933206121,0.64341114904873,1.9866207956373265,0.01622332651271558,ppf021_xy004_0
20,44,64.01801801801801,1.2451766573184169,0.6847330541714002,2.3368053195331684,0.01562060230790881,ppf021_xy004_0
21,55,68.18018018018017,2.375218223363296,0.7071503325657885,2.65435720339666,0.014667019027484145,ppf021_xy004_0
22,66,70.95495495495496,3.427321323215152,0.730911542576849,2.9511418941819483,0.01409344845099035,ppf021_xy004_0
23,77,72.93693693693695,4.4316775869735885,0.7608124668050732,3.28685453082294,0.013710474308300394,ppf021_xy004_0
24,88,74.72072072072072,5.39824902847673,0.7968427850464231,3.693720788698882,0.013383168555582348,ppf021_xy004_0
25,99,78.28828828828829,0.062275744618589486,0.8379254202698092,4.279423344432473,0.012773302646720368,ppf021_xy004_0
26,110,84.82882882882883,1.0034990260264856,0.8735059584032756,5.039099531943536,0.011788445199660153,ppf021_xy004_0
27,121,88.1981981981982,1.849628320729951,0.9042298403188456,5.614293402077658,0.011338100102145046,ppf021_xy004_0
28,132,89.1891891891892,2.6342826889599635,0.9657276057848049,6.475886523423652,0.011212121212121211,ppf021_xy004_0
29,143,88.7927927927928,3.3746247999690393,1.0078971553455902,7.022437408473565,0.011262175324675324,ppf021_xy004_0
30,154,92.16216216216216,4.19252191143807,1.0116174943969203,7.3428226579272895,0.010850439882697948,ppf021_xy004_0
31,165,92.95495495495496,4.933523454746162,1.023744659610942,7.584615431319836,0.01075789881760031,ppf021_xy004_0
32,176,93.35135135135135,5.665238596953519,1.0060131364331517,7.355388809013138,0.010712217718587144,ppf021_xy004_0
33,187,94.73873873873875,0.11358972074169174,0.9770149800818697,7.040569109760123,0.010555344237352604,ppf021_xy004_0
34,198,95.53153153153153,0.8251480987059574,0.9552062550247141,6.786076914680016,0.01046774801961524,ppf021_xy004_0
35,209,93.94594594594595,1.5360469145384519,0.8775551848749333,5.632544593436397,0.010644418872266973,ppf021_xy004_0
36,220,94.93693693693693,2.253528037904333,0.7897173293771506,4.609526051737119,0.010533308028088823,ppf021_xy004_0
37,231,99.69369369369369,2.9112173600486884,0.7281224747095696,4.114852593433192,0.010030724742454365,ppf021_xy004_0
38,242,100.28828828828829,3.5708492186040925,0.6953608479985317,3.7752734115841187,0.009971254042400287,ppf021_xy004_0
39,11,56.68468468468468,4.479992313539846,0.49434499331075843,1.2888554888860646,0.017641449459631278,ppf021_xy005_0
40,22,56.88288288288288,5.708506602490242,0.5634734800556721,1.6803771623056265,0.017579980994615142,ppf021_xy005_0
41,33,57.47747747747748,0.6644971398401907,0.626989545894715,2.1023088064234634,0.017398119122257052,ppf021_xy005_0
42,44,58.270270270270274,1.891740829872307,0.6844997601610258,2.5402229960861673,0.017161410018552873,ppf021_xy005_0
43,55,59.06306306306306,3.094878249916256,0.7368060410998912,2.983324758640426,0.01693105552165955,ppf021_xy005_0
44,66,60.054054054054056,4.281972872827236,0.7827103341978797,3.42312435585029,0.01665166516651665,ppf021_xy005_0
45,77,60.846846846846844,5.440727111848655,0.8251028213676977,3.8541838923758975,0.016434705359786795,ppf021_xy005_0
46,88,61.83783783783784,0.30169533248950536,0.8619163397835811,4.274277692837233,0.016171328671328672,ppf021_xy005_0
47,99,62.630630630630634,1.422411414616904,0.8960526074574898,4.67877338492263,0.015966628308400458,ppf021_xy005_0
48,110,63.42342342342342,2.5264225441590744,0.9259669494127151,5.0596311993623395,0.015767045454545454,ppf021_xy005_0
49,121,64.21621621621622,3.615286437436502,0.9516768092926595,5.411303534503156,0.015572390572390571,ppf021_xy005_0
50,132,64.8108108108108,4.6876503011621455,0.9750626146338985,5.733115291815352,0.015429524603836531,ppf021_xy005_0
51,143,65.6036036036036,5.748957095010835,0.9928512667528464,6.016920794184927,0.01524306509200769,ppf021_xy005_0
52,154,66.1981981981982,0.5129629391993882,1.0076860277367818,6.254244462449323,0.015106151333696244,ppf021_xy005_0
53,165,66.7927927927928,1.5492961558128202,1.0189089026257392,6.451764802015922,0.014971675209063933,ppf021_xy005_0
54,176,67.58558558558559,2.575069548200969,1.0255853920493854,6.614178997751779,0.0147960543854972,ppf021_xy005_0
55,187,68.18018018018017,3.5888578438127863,1.0311988408101305,6.745609354735199,0.014667019027484145,ppf021_xy005_0
56,198,68.97297297297297,4.590462698150409,1.0322726337908272,6.838265906328898,0.014498432601880879,ppf021_xy005_0
57,209,69.76576576576576,5.580389268937742,1.031488880779276,6.90636738895256,0.014333677685950414,ppf021_xy005_0
58,220,70.75675675675676,0.2739065756051083,1.0295666026156567,6.97838652861431,0.014132925897631779,ppf021_xy005_0
59,231,71.74774774774775,1.235769145125398,1.0290848164599489,7.069502034203573,0.013937719738824711,ppf021_xy005_0
60,242,72.93693693693695,2.1846941413283143,1.0293854127809123,7.190875179458044,0.013710474308300394,ppf021_xy005_0
61,253,74.12612612612612,3.116962768091626,1.0325558012724019,7.3532033534761485,0.013490520175012155,ppf021_xy005_0
62,264,75.51351351351352,4.035171081583636,1.0362461337732543,7.544469972722868,0.013242662848962061,ppf021_xy005_0
63,275,76.9009009009009,4.939306191780577,1.045039638492214,7.814031634102848,0.013003748828491098,ppf021_xy005_0
64,286,78.28828828828829,5.827974907871035,1.0552356717189084,8.11099130223815,0.012773302646720368,ppf021_xy005_0
65,297,79.67567567567568,0.4219075782014135,1.0686645481832835,8.466165814023544,0.012550881953867029,ppf021_xy005_0
66,308,81.06306306306305,1.2802559880825088,1.0822500054196018,8.83398003885147,0.012336074683262949,ppf021_xy005_0
67,319,82.25225225225225,2.1224056433590666,1.093071634391214,9.143727139492096,0.012157721796276014,ppf021_xy005_0
68,330,83.44144144144144,2.952440510733537,1.1017699357485644,9.424142473287509,0.011984452602029799,ppf021_xy005_0
69,341,84.63063063063063,3.7643546416655296,1.1067865351852593,9.645694912219408,0.011816052799659357,ppf021_xy005_0
70,352,85.62162162162161,4.564500689525019,1.100972852051394,9.656391820415447,0.01167929292929293,ppf021_xy005_0
71,363,86.8108108108108,5.351921187781033,1.0903690497388294,9.602825869700807,0.011519302615193027,ppf021_xy005_0
72,374,87.6036036036036,6.125005832396321,1.0756808658560746,9.431202473678091,0.011415055532702592,ppf021_xy005_0
73,385,88.3963963963964,0.6033002461211809,1.0481573092104597,9.035781186434328,0.011312678353037097,ppf021_xy005_0
74,396,89.58558558558559,1.3502540180089864,1.0115287121035799,8.528502408170146,0.011162510056315366,ppf021_xy005_0
75,407,90.77477477477477,2.0803754836829556,0.972507551582054,7.987839958976853,0.011016276300119095,ppf021_xy005_0
76,418,91.76576576576576,2.799600761600928,0.9225406247957395,7.266577382950278,0.010897310033379149,ppf021_xy005_0
77,429,93.35135135135135,3.4936602769111533,0.8643634202327503,6.489206253128595,0.010712217718587144,ppf021_xy005_0
78,0,99.29729729729729,3.9192391043913593,0.4576935294299238,1.4677722076270416,0.010070767555797496,ppf021_xy006_0
79,11,89.98198198198199,4.393639357527258,0.527048274433322,1.7637134758417015,0.011113336003203843,ppf021_xy006_0
80,22,88.5945945945946,5.124749109069826,0.6246543300148801,2.4392618387894607,0.011287370347773032,ppf021_xy006_0
81,33,92.16216216216216,5.930832151147759,0.7187906805244306,3.3599221662642917,0.010850439882697948,ppf021_xy006_0
82,44,93.74774774774775,0.38208102466567756,0.762700768284056,3.848051690481314,0.010666922929079376,ppf021_xy006_0
83,55,93.15315315315316,1.0964122798917557,0.7934023325654714,4.137673258924913,0.010735009671179884,ppf021_xy006_0
84,66,91.56756756756756,1.8280210535145924,0.8510613271383977,4.679883876634079,0.010920897284533649,ppf021_xy006_0
85,77,92.95495495495496,2.566457767004626,0.951825598096669,5.942360459706614,0.01075789881760031,ppf021_xy006_0
86,88,95.72972972972973,3.2696698398009882,1.0166905581290762,6.9822613425384015,0.010446075663466968,ppf021_xy006_0
87,99,97.11711711711712,3.9570438978019875,1.0361915022950892,7.357792255418069,0.010296846011131726,ppf021_xy006_0
88,110,97.90990990990991,4.670853500796351,1.0353169091394874,7.405339129066078,0.01021347073978653,ppf021_xy006_0
89,121,97.71171171171171,5.358587139238352,1.0352052901635727,7.388755122127519,0.010234187718974736,ppf021_xy006_0
90,132,96.12612612612612,6.030166212962977,0.9914331489361384,6.667146506619737,0.010402999062792878,ppf021_xy006_0
91,143,95.92792792792793,0.45238451424685977,0.8891597445289706,5.3515099249088935,0.010424492862509393,ppf021_xy006_0
92,154,99.29729729729729,1.1706822093419567,0.8309944449335908,4.838439955237396,0.010070767555797496,ppf021_xy006_0
93,165,100.48648648648648,1.8443545320853618,0.813115781420576,4.687962494236765,0.009951586874663798,ppf021_xy006_0
94,176,99.0990990990991,2.5136811742842244,0.7771598887421971,4.223399342456427,0.01009090909090909,ppf021_xy006_0
95,187,97.90990990990991,3.2021218947087733,0.6936131910274053,3.3237857800666624,0.01021347073978653,ppf021_xy006_0
96,198,103.85585585585585,3.8125263324445418,0.5954274062056875,2.5981266432317467,0.009628730048577377,ppf021_xy006_0
97,0,126.25225225225225,5.802500599642776,0.48139774203977304,2.2475038579641424,0.007920650777793635,ppf021_xy007_0
98,11,126.25225225225225,0.05689072742445174,0.4958915013748654,2.3848753174797426,0.007920650777793635,ppf021_xy007_0
99,22,126.25225225225225,0.6044836121949385,0.5232726642267848,2.6555130720516953,0.007920650777793635,ppf021_xy007_0
100,33,128.23423423423424,1.1607111889371613,0.5466803193646448,2.943906925983545,0.007798229591119854,ppf021_xy007_0
101,44,129.6216216216216,1.6996119271660797,0.5607680674836634,3.1311019901589976,0.007714762301918266,ppf021_xy007_0
102,55,129.81981981981983,2.227062416132861,0.570050755168423,3.2405689497194303,0.007702984038861901,ppf021_xy007_0
103,66,128.63063063063063,2.76259586819068,0.5799067848459388,3.3228749096594115,0.007774198066956156,ppf021_xy007_0
104,77,127.24324324324324,3.3144052188749513,0.6003875101106583,3.523313126416207,0.007858963466440102,ppf021_xy007_0
105,88,127.24324324324324,3.8604548025570637,0.6225246861029351,3.787922629870357,0.007858963466440102,ppf021_xy007_0
106,99,127.44144144144144,4.397833574496254,0.6315544123515971,3.9046798925582467,0.007846741128234129,ppf021_xy007_0
107,110,127.04504504504504,4.942400219812558,0.6313702753857698,3.890265202704312,0.007871223939866686,ppf021_xy007_0
108,121,125.85585585585585,5.504239760545937,0.633499589701203,3.8798891419092403,0.007945597709377238,ppf021_xy007_0
109,132,125.06306306306307,6.069772186916606,0.6427141338302101,3.9684231642731946,0.00799596599913557,ppf021_xy007_0
110,143,124.66666666666667,0.3387593462254085,0.6468326845211063,4.006705983888817,0.00802139037433155,ppf021_xy007_0
111,154,68.57657657657657,2.681025886909248,0.9019076574809465,4.285023055651248,0.014582238570677879,ppf021_xy007_0
112,165,69.76576576576576,3.684432136288661,0.9231274351829284,4.566872593408083,0.014333677685950414,ppf021_xy007_0
113,176,71.15315315315316,4.667441806952574,0.9356685945469959,4.78510497599174,0.014054190934413775,ppf021_xy007_0
114,187,72.54054054054055,5.627977351623443,0.9433964943806168,4.959324399511407,0.013785394932935915,ppf021_xy007_0
115,198,74.12612612612612,0.2850280842656018,0.9476452635907104,5.113474688411652,0.013490520175012155,ppf021_xy007_0
116,209,75.71171171171171,1.2056568725675805,0.9524699264195454,5.276170515740168,0.013207996192289385,ppf021_xy007_0
117,220,77.29729729729729,2.108033681794542,0.9593381430100736,5.4646323306147435,0.012937062937062939,ppf021_xy007_0
118,231,79.08108108108108,2.995801210807822,0.9690543257535335,5.704558793226569,0.012645249487354751,ppf021_xy007_0
119,242,80.66666666666666,3.8641759218697316,0.9880829189930805,6.049703754145051,0.012396694214876035,ppf021_xy007_0
120,253,82.25225225225225,4.721003980087961,1.0088814626646911,6.431041277063582,0.012157721796276014,ppf021_xy007_0
121,264,84.23423423423424,5.573090774570428,1.0350389342545334,6.931946768048258,0.011871657754010695,ppf021_xy007_0
122,275,85.81981981981983,0.12001594570301215,1.0686055792279878,7.52793198742152,0.011652319966407726,ppf021_xy007_0
123,286,87.4054054054054,0.9364717079421502,1.1026207550742335,8.162887881369393,0.011440940012368584,ppf021_xy007_0
124,297,88.990990990991,1.7382416645838048,1.1354462959471197,8.813176190691175,0.011237092528851994,ppf021_xy007_0
125,308,90.18018018018019,2.5204119649390333,1.1671501984744566,9.436649157300346,0.011088911088911088,ppf021_xy007_0
126,319,91.36936936936937,3.288471337335673,1.1964674887581648,10.047445182866804,0.01094458686649576,ppf021_xy007_0
127,330,91.96396396396396,4.035822538444535,1.219765851037143,10.510511152323835,0.010873824451410658,ppf021_xy007_0
128,341,92.36036036036036,4.778273992599584,1.231363268580788,10.757496696984974,0.010827155676941085,ppf021_xy007_0
129,352,92.95495495495496,5.517182412866924,1.2353746639449108,10.89740618528573,0.01075789881760031,ppf021_xy007_0
130,363,93.54954954954955,6.2479361760623,1.2346618163804928,10.954459366152525,0.010689522342064715,ppf021_xy007_0
131,374,93.74774774774775,0.6910317202418594,1.2238553979637605,10.786344126407753,0.010666922929079376,ppf021_xy007_0
132,385,94.14414414414415,1.41489198670591,1.2017445780427878,10.444096312592917,0.01062200956937799,ppf021_xy007_0
133,396,94.73873873873875,2.1329961590940703,1.1745568662586905,10.03988893209795,0.010555344237352604,ppf021_xy007_0
134,407,95.13513513513513,2.8458560053890007,1.1417165921105277,9.526004408424217,0.010511363636363636,ppf021_xy007_0
135,418,95.53153153153153,3.555925488235643,1.0964815399398427,8.822722157885334,0.01046774801961524,ppf021_xy007_0
136,429,96.12612612612612,4.257455115083524,1.0468236781097207,8.091736447399168,0.010402999062792878,ppf021_xy007_0
137,440,96.52252252252252,4.956327551850075,0.9937018971245232,7.321399661900534,0.010360276274033974,ppf021_xy007_0
138,451,96.91891891891892,5.650764452187318,0.9317027152754723,6.462737214753433,0.010317902955939765,ppf021_xy007_0
139,462,97.71171171171171,0.048044648795770965,0.8657077841217574,5.625258442118955,0.010234187718974736,ppf021_xy007_0
140,11,55.4954954954955,3.3917487132651103,0.49522827246586065,1.2874466506619238,0.01801948051948052,ppf021_xy008_0
141,22,54.9009009009009,4.594067292342339,0.5649630954460527,1.657602060662474,0.018214637348211354,ppf021_xy008_0
142,33,54.7027027027027,5.8346445739370285,0.6284447426537948,2.043636385356021,0.018280632411067196,ppf021_xy008_0
143,44,54.7027027027027,0.8050697283344693,0.683709116641759,2.4188680227500163,0.018280632411067196,ppf021_xy008_0
144,55,54.9009009009009,2.0632559109184117,0.7289030981115833,2.7591779505195246,0.018214637348211354,ppf021_xy008_0
145,66,55.2972972972973,3.318347091124035,0.7633596965014968,3.0480564494391333,0.018084066471163247,ppf021_xy008_0
146,77,55.891891891891895,4.5633892212551705,0.7875502705059733,3.2791858233908386,0.017891682785299807,ppf021_xy008_0
147,88,56.486486486486484,5.7906817378862785,0.8043056332030853,3.4565865068070796,0.01770334928229665,ppf021_xy008_0
148,99,57.47747747747748,0.7160185873679489,0.8128810035371596,3.5926283805394523,0.017398119122257052,ppf021_xy008_0
149,110,58.666666666666664,1.8990386150293022,0.8172361830762505,3.7063568745548032,0.017045454545454548,ppf021_xy008_0
150,121,60.054054054054056,3.053917868283185,0.8201114253316679,3.820750710113018,0.01665166516651665,ppf021_xy008_0
151,132,61.83783783783784,4.179468568956203,0.8228730603525923,3.960779196406385,0.016171328671328672,ppf021_xy008_0
152,143,63.81981981981982,5.276281337753237,0.8294101377743652,4.152932763610745,0.015669113495200452,ppf021_xy008_0
153,154,66.1981981981982,0.06476012118927726,0.8407470804255585,4.426266431212631,0.015106151333696244,ppf021_xy008_0
154,165,68.97297297297297,1.1166460090663954,0.8585289853331008,4.808941764135401,0.014498432601880879,ppf021_xy008_0
155,176,71.94594594594594,2.1484411454806054,0.8843822067460949,5.322883572523023,0.013899323816679191,ppf021_xy008_0
156,187,74.72072072072072,3.1494774987704997,0.9168976260520526,5.942147065880222,0.013383168555582348,ppf021_xy008_0
157,198,76.70270270270271,4.1026003214526785,0.9540491733326043,6.604087725328094,0.013037350246652571,ppf021_xy008_0
158,209,78.28828828828829,5.020958462501745,0.9902444602928769,7.261766632101043,0.012773302646720368,ppf021_xy008_0
159,220,79.47747747747748,5.912954422741869,1.0240182512709595,7.883518960818641,0.012582180911357968,ppf021_xy008_0
160,231,80.46846846846847,0.5050066909285863,1.0553659701360305,8.477983281845521,0.012427227944469323,ppf021_xy008_0
161,242,81.26126126126127,1.3649364694887776,1.0839323695141008,9.03126483488806,0.012305986696230597,ppf021_xy008_0
162,253,82.05405405405406,2.2157940966978953,1.1113065297175804,9.585801308709557,0.012187088274044794,ppf021_xy008_0
163,264,82.84684684684684,3.055851487991759,1.1354288137239303,10.10314191501926,0.012070465419747716,ppf021_xy008_0
164,275,83.44144144144144,3.8851908615143462,1.1552889738179484,10.53473710165137,0.011984452602029799,ppf021_xy008_0
165,286,84.23423423423424,4.709964882953761,1.1753571104854383,11.007506674235426,0.011871657754010695,ppf021_xy008_0
166,297,84.82882882882883,5.524478395765465,1.191536636197148,11.392496890997304,0.011788445199660153,ppf021_xy008_0
167,308,85.42342342342343,0.048021087161546114,1.2024617121814953,11.68369289919727,0.011706391056739084,ppf021_xy008_0
168,319,86.21621621621621,0.8495978011591139,1.212007899091262,11.980101759026468,0.011598746081504702,ppf021_xy008_0
169,330,86.61261261261261,1.6425935502300404,1.2160271159423903,12.11513631377532,0.01154566257541086,ppf021_xy008_0
170,341,87.4054054054054,2.429959338312193,1.212034400889156,12.145875688588902,0.011440940012368584,ppf021_xy008_0
171,352,88.0,3.2093608858417064,1.2054550493415195,12.096099774358377,0.011363636363636364,ppf021_xy008_0
172,363,88.3963963963964,3.982280364273189,1.19182262981149,11.877320148439287,0.011312678353037097,ppf021_xy008_0
173,374,88.990990990991,4.7513507995869,1.1683161355958707,11.490196079733582,0.011237092528851994,ppf021_xy008_0
174,385,89.78378378378379,5.508477112944159,1.1416551763069704,11.069511394692944,0.011137868753762792,ppf021_xy008_0
175,396,90.18018018018019,6.261066866726148,1.108961941545204,10.490713575652563,0.011088911088911088,ppf021_xy008_0
176,407,90.77477477477477,0.7215529966826807,1.0664315839820435,9.765440206654784,0.011016276300119095,ppf021_xy008_0
177,418,91.56756756756756,1.4562649966076309,1.0186583024628442,8.987923833132768,0.010920897284533649,ppf021_xy008_0
178,429,92.36036036036036,2.177411052439554,0.9672588920565098,8.17394531564501,0.010827155676941085,ppf021_xy008_0
179,440,92.95495495495496,2.896080640557857,0.9074511014141868,7.240685034601958,0.01075789881760031,ppf021_xy008_0
180,451,93.94594594594595,3.5966891105808947,0.8444230058887313,6.33663665112714,0.010644418872266973,ppf021_xy008_0
181,0,112.37837837837839,4.11416779827219,0.5443409744674522,2.569453407969922,0.008898508898508899,ppf021_xy010_0
182,11,109.009009009009,4.647050744711263,0.5973087354900026,3.0010695285186153,0.009173553719008265,ppf021_xy010_0
183,22,107.22522522522523,5.2230836938477925,0.6302729799932915,3.2867772988939112,0.009326163669971433,ppf021_xy010_0
184,33,104.25225225225225,5.802408792496857,0.6577808573513462,3.4806779380357793,0.009592118907708261,ppf021_xy010_0
185,44,101.87387387387388,0.1361026977373703,0.6925307909380538,3.7701352408620217,0.009816059426954368,ppf021_xy010_0
186,55,100.88288288288288,0.7830962899363325,0.7160276218960407,3.9911033134697442,0.009912484372209323,ppf021_xy010_0
187,66,98.70270270270271,1.4328487225838495,0.7248594379370514,4.001774144657758,0.01013143483023001,ppf021_xy010_0
188,77,95.33333333333333,2.1139263853262737,0.742932355321172,4.060310600222549,0.01048951048951049,ppf021_xy010_0
189,88,93.35135135135135,2.820098760094904,0.7670578676407578,4.238310791970493,0.010712217718587144,ppf021_xy010_0
190,99,91.76576576576576,3.5376444392202244,0.7813776039290194,4.323331574328503,0.010897310033379149,ppf021_xy010_0
191,110,88.990990990991,4.279487875309913,0.7922523880694399,4.310117304974554,0.011237092528851994,ppf021_xy010_0
192,121,86.8108108108108,5.038288926320761,0.8187919101418686,4.490935647551411,0.011519302615193027,ppf021_xy010_0
193,132,85.02702702702703,5.803406148777685,0.8446189175663834,4.680524644455733,0.011760966306420852,ppf021_xy010_0
194,143,83.04504504504504,0.2984695079339927,0.8709123775524028,4.8604735482743475,0.012041657626383163,ppf021_xy010_0
195,154,81.06306306306305,1.1001328541267084,0.9106148761100186,5.186906565536074,0.012336074683262949,ppf021_xy010_0
196,165,80.07207207207207,1.9257972561265007,0.9577392672834322,5.667500773435171,0.012488748874887488,ppf021_xy010_0
197,176,79.67567567567568,2.7659717984225014,0.9915220030767075,6.044305412693891,0.012550881953867029,ppf021_xy010_0
198,187,79.08108108108108,3.6204052660039228,1.018534569915333,6.330530109806927,0.012645249487354751,ppf021_xy010_0
199,198,78.88288288288288,4.489261321608425,1.0430816877206563,6.622704069778543,0.01267702147099132,ppf021_xy010_0
200,209,78.88288288288288,5.35410739708393,1.0700902616018786,6.970108376040499,0.01267702147099132,ppf021_xy010_0
201,220,78.28828828828829,6.2108171353574955,1.0853708079856472,7.116541793902058,0.012773302646720368,ppf021_xy010_0
202,231,78.28828828828829,0.7970145020210117,1.081261089156946,7.062750749876536,0.012773302646720368,ppf021_xy010_0
203,242,78.88288288288288,1.6700681396235546,1.074484629490345,7.027471967840808,0.01267702147099132,ppf021_xy010_0
204,253,79.47747747747748,2.5410067082154986,1.0645665452015474,6.950333371192594,0.012582180911357968,ppf021_xy010_0
205,264,80.07207207207207,3.3977784354150162,1.056735691485402,6.89969276411043,0.012488748874887488,ppf021_xy010_0
206,275,80.46846846846847,4.245492326364458,1.0389900088973074,6.702925794222525,0.012427227944469323,ppf021_xy010_0
207,286,81.26126126126127,5.090782080303886,1.0118802078434739,6.4203350782515844,0.012305986696230597,ppf021_xy010_0
208,297,82.45045045045046,5.922312289933172,0.9899186562493836,6.234591228418044,0.012128496503496502,ppf021_xy010_0
209,308,83.24324324324324,0.45014411912966174,0.9630128780528682,5.957020783835738,0.012012987012987014,ppf021_xy010_0
210,319,83.83783783783784,1.2599521865646277,0.9185513291949571,5.458368632721577,0.011927788523533205,ppf021_xy010_0
211,330,85.42342342342343,2.0421021021347476,0.8752215268819634,5.049273406920171,0.011706391056739084,ppf021_xy010_0
212,341,86.8108108108108,2.7999082247818516,0.8338023656295922,4.657104591904015,0.011519302615193027,ppf021_xy010_0
213,352,87.8018018018018,3.5493114515472537,0.781776309399085,4.140801125941796,0.011389287912989945,ppf021_xy010_0
214,0,78.28828828828829,3.614608227623063,0.460726318125816,1.8120417184787263,0.012773302646720368,ppf021_xy011_0
215,11,75.71171171171171,4.3515642762524775,0.5266885405978424,2.2901090113780516,0.013207996192289385,ppf021_xy011_0
216,22,74.52252252252252,5.201962978056951,0.6044273159607948,2.9686641336808166,0.013418762088974854,ppf021_xy011_0
217,33,74.12612612612612,6.099262453823146,0.6722811002571153,3.6530739233398815,0.013490520175012155,ppf021_xy011_0
218,44,73.33333333333334,0.7090077928114686,0.7355121536598452,4.325800485693953,0.013636363636363634,ppf021_xy011_0
219,55,72.73873873873873,1.6265647748128937,0.8024142607845179,5.1067946577871846,0.013747832548922468,ppf021_xy011_0
220,66,72.93693693693695,2.5668629588741916,0.863447546614078,5.929318676018266,0.013710474308300394,ppf021_xy011_0
221,77,73.13513513513513,3.504877221615862,0.9088266415867754,6.58678547949408,0.013673318551367332,ppf021_xy011_0
222,88,72.73873873873873,4.43842312133511,0.9538488029429767,7.216227167684093,0.013747832548922468,ppf021_xy011_0
223,99,72.93693693693695,5.379990816356413,0.9983525313421583,7.926851452035485,0.013710474308300394,ppf021_xy011_0
224,110,73.33333333333334,0.030976956850353673,1.0285164963379259,8.458810615189712,0.013636363636363634,ppf021_xy011_0
225,121,73.72972972972974,0.9644682195934634,1.0451734955761767,8.782229255575237,0.013563049853372432,ppf021_xy011_0
226,132,73.72972972972974,1.896210543673275,1.0621265055137876,9.069440327581102,0.013563049853372432,ppf021_xy011_0
227,143,74.32432432432432,2.820228956567655,1.0803298274441413,9.458647827154161,0.013454545454545455,ppf021_xy011_0
228,154,75.11711711711712,3.7280432774006504,1.087865666641674,9.693370331471352,0.013312544974814104,ppf021_xy011_0
229,165,75.71171171171171,4.642268223170561,1.0887333655350835,9.785690643490604,0.013207996192289385,ppf021_xy011_0
230,176,76.1081081081081,5.550318742620617,1.0899777848004795,9.859424633296483,0.013139204545454548,ppf021_xy011_0
231,187,76.5045045045045,0.1651327043507678,1.0779609995060726,9.693451810544088,0.013071125765426284,ppf021_xy011_0
232,198,77.29729729729729,1.0686512550941234,1.0604886300617697,9.478981908911905,0.012937062937062939,ppf021_xy011_0
233,209,77.8918918918919,1.955586681705463,1.0560977532848974,9.472963019782023,0.0128383067314365,ppf021_xy011_0
234,220,78.09009009009009,2.829313794691292,1.0402836723464362,9.21477722371637,0.01280572219658514,ppf021_xy011_0
235,231,78.88288288288288,3.7048061829999215,1.0094197292169957,8.764188379528383,0.01267702147099132,ppf021_xy011_0
236,242,80.07207207207207,4.5710066465723544,0.9887022993594762,8.534881733885177,0.012488748874887488,ppf021_xy011_0
237,253,80.27027027027027,5.417373915907007,0.9644050519135168,8.14064901981821,0.012457912457912458,ppf021_xy011_0
238,264,80.86486486486487,6.259879286263172,0.9151320033533973,7.384357330522641,0.012366310160427807,ppf021_xy011_0
239,275,82.45045045045046,0.8020097709865543,0.8709645896575131,6.81992159321128,0.012128496503496502,ppf021_xy011_0
240,286,83.24324324324324,1.6096172472476975,0.8344565270786435,6.320359428419023,0.012012987012987014,ppf021_xy011_0
241,297,83.83783783783784,2.4077228552497614,0.778852303577437,5.545435253096155,0.011927788523533205,ppf021_xy011_0
242,308,85.62162162162161,3.1722618297014256,0.714688019866039,4.768719804083787,0.01167929292929293,ppf021_xy011_0
243,0,116.54054054054055,2.518064447004517,0.33520831828208697,1.148710942801966,0.008580705009276436,ppf021_xy013_0
244,11,112.18018018018019,3.0659678781122506,0.40137249725021595,1.5853147851404836,0.008914230645679408,ppf021_xy013_0
245,22,113.76576576576576,3.673825759671664,0.4505095068984189,2.025459997612614,0.008789990497307571,ppf021_xy013_0
246,33,112.18018018018019,4.253858817823641,0.4649713805746209,2.1275155051506593,0.008914230645679408,ppf021_xy013_0
247,44,102.66666666666667,4.873155117072928,0.5169754525116534,2.4069854306415475,0.00974025974025974,ppf021_xy013_0
248,55,100.88288288288288,5.5456937534081865,0.598502301565061,3.169956406057724,0.009912484372209323,ppf021_xy013_0
249,66,101.47747747747748,6.202635348740431,0.6533441545579957,3.7997746266427708,0.009854403409090908,ppf021_xy013_0
250,77,101.27927927927928,0.5770404280211615,0.6736750543983268,4.032047967363401,0.009873687955879737,ppf021_xy013_0
251,88,98.30630630630631,1.272534853178872,0.7044901116312686,4.279916907653227,0.010172287390029325,ppf021_xy013_0
252,99,96.52252252252252,1.9894946706077266,0.7866250952786499,5.2392414538723155,0.010360276274033974,ppf021_xy013_0
253,110,96.91891891891892,2.677035856798801,0.8555863950922078,6.223582588075773,0.010317902955939765,ppf021_xy013_0
254,121,91.17117117117117,3.235914853263315,0.8356983562788795,5.585483655877541,0.010968379446640317,ppf021_xy013_0
255,132,89.58558558558559,3.9517755556402197,0.8448881775417612,5.609714497967721,0.011162510056315366,ppf021_xy013_0
256,143,89.1891891891892,4.7042411715044,0.8730231412656325,5.9630422016058935,0.011212121212121211,ppf021_xy013_0
257,154,88.1981981981982,5.453012011140602,0.8914639321320403,6.1485317792783665,0.011338100102145046,ppf021_xy013_0
258,165,86.61261261261261,6.207141757366239,0.8932862369112448,6.062707002106268,0.01154566257541086,ppf021_xy013_0
259,176,85.42342342342343,0.6961292901722295,0.8643941026961826,5.59892588219386,0.011706391056739084,ppf021_xy013_0
260,187,84.82882882882883,1.4883454305338497,0.7983523696232666,4.742822419096316,0.011788445199660153,ppf021_xy013_0
261,198,88.0,2.263503022629444,0.716373295848114,3.961554222045458,0.011363636363636364,ppf021_xy013_0
262,209,90.77477477477477,2.9849576693575735,0.6808259351723712,3.690978524111194,0.011016276300119095,ppf021_xy013_0
263,0,135.76576576576576,4.0820808379439875,0.3211330570112944,1.3559465992434891,0.007365627073656271,ppf021_xy014_0
264,11,123.08108108108108,4.387889745384495,0.3581758285229455,1.529206502568891,0.008124725516029864,ppf021_xy014_0
265,22,118.72072072072072,4.883152058516125,0.41790755321706385,2.008025627391534,0.008423129458187888,ppf021_xy014_0
266,33,117.33333333333333,5.418831175774897,0.4514537570544753,2.3159556449790215,0.008522727272727274,ppf021_xy014_0
267,44,114.75675675675676,5.9514203993493,0.4708878895452466,2.46431144374616,0.008714083843617522,ppf021_xy014_0
268,55,107.02702702702703,0.18513712143093114,0.5121204815874814,2.7184417897199458,0.009343434343434343,ppf021_xy014_0
269,66,103.85585585585585,0.7982107016785487,0.6006730426891103,3.6290216436071927,0.009628730048577377,ppf021_xy014_0
270,77,103.45945945945947,1.431958817344209,0.6642870376541985,4.421443164134353,0.009665621734587251,ppf021_xy014_0
271,88,102.07207207207207,2.058032778790755,0.6990590529442481,4.830776502585853,0.009796999117387467,ppf021_xy014_0
272,99,99.0990990990991,2.6858995856935155,0.7421648278177693,5.286311239975171,0.01009090909090909,ppf021_xy014_0
273,110,96.91891891891892,3.3488801266460118,0.8120078450425482,6.188869097639608,0.010317902955939765,ppf021_xy014_0
274,121,96.52252252252252,4.033754759320503,0.8739130828745727,7.13916518561514,0.010360276274033974,ppf021_xy014_0
275,132,95.53153153153153,4.716706441565996,0.910675102077322,7.6728366424999415,0.01046774801961524,ppf021_xy014_0
276,143,91.76576576576576,5.351518007036826,0.9250969810681585,7.605670489841521,0.010897310033379149,ppf021_xy014_0
277,154,91.96396396396396,6.094884303146707,0.9730128011133328,8.432125777279989,0.010873824451410658,ppf021_xy014_0
278,165,90.77477477477477,0.5313604567968915,1.0134368144024077,9.02902423415562,0.011016276300119095,ppf021_xy014_0
279,176,90.18018018018019,1.2714764576373834,1.0159159182957935,9.013820697085407,0.011088911088911088,ppf021_xy014_0
280,187,90.18018018018019,2.020088273015975,0.998545655156836,8.708216883616668,0.011088911088911088,ppf021_xy014_0
281,198,90.18018018018019,2.769177914549134,0.9631974072562548,8.102592431167928,0.011088911088911088,ppf021_xy014_0
282,209,90.97297297297297,3.523256078081904,0.8951784203783382,7.060149245595153,0.010992275698158051,ppf021_xy014_0
283,220,92.16216216216216,4.251536636541562,0.8560324074878273,6.540566314302891,0.010850439882697948,ppf021_xy014_0
284,231,91.96396396396396,4.979051611380401,0.8136674202138432,5.8964934702617215,0.010873824451410658,ppf021_xy014_0
285,242,90.97297297297297,5.731620333812424,0.741986700888052,4.850504541263924,0.010992275698158051,ppf021_xy014_0
286,253,92.75675675675676,0.15570246517698852,0.6451113004422517,3.7384978884315823,0.01078088578088578,ppf021_xy014_0
287,264,98.50450450450451,0.7344600566999984,0.581791091166154,3.229033195546821,0.01015182001097494,ppf021_xy014_0
288,0,62.432432432432435,4.196735325084837,0.5210593278732782,1.6227599754102586,0.016017316017316017,ppf021_xy016_0
289,11,61.24324324324324,5.2296622521009795,0.5898964831655433,2.0402316350509446,0.016328331862312445,ppf021_xy016_0
290,22,60.648648648648646,0.0315754333125934,0.656925498065585,2.5056652405187685,0.01648841354723708,ppf021_xy016_0
291,33,60.450450450450454,1.1468505841509395,0.710978739485169,2.9253811017537155,0.0165424739195231,ppf021_xy016_0
292,44,60.054054054054056,2.2681377412373496,0.7584044662461338,3.3068445219054,0.01665166516651665,ppf021_xy016_0
293,55,60.054054054054056,3.4043163347580765,0.7961409960089215,3.6441142789984307,0.01665166516651665,ppf021_xy016_0
294,66,60.450450450450454,4.541813998944455,0.8165144285361525,3.858308504391994,0.0165424739195231,ppf021_xy016_0
295,77,61.04504504504504,5.675182610015929,0.8251126652082971,3.978749593274947,0.01638134592680047,ppf021_xy016_0
296,88,61.63963963963964,0.5117395892424337,0.8277060122415366,4.0427975375077185,0.01622332651271558,ppf021_xy016_0
297,99,63.027027027027025,1.6062136691200433,0.8212573782712828,4.069631371774696,0.015866209262435677,ppf021_xy016_0
298,110,64.41441441441441,2.671222121267233,0.809021485834511,4.036201655249623,0.015524475524475525,ppf021_xy016_0
299,121,104.84684684684684,5.92758041223635,0.6852613973310204,4.713435743409171,0.009537721257948101,ppf021_xy016_0
300,132,104.45045045045045,0.28191370938494403,0.7291900971200888,5.316937106204751,0.009573917543557013,ppf021_xy016_0
301,143,103.65765765765765,0.9228035543247862,0.7562700225456562,5.675770737142647,0.009647140622284027,ppf021_xy016_0
302,154,101.87387387387388,1.5714516249259325,0.7895523588010365,6.0798711233771465,0.009816059426954368,ppf021_xy016_0
303,165,100.48648648648648,2.220922910190102,0.8187042525002796,6.4480951226501615,0.009951586874663798,ppf021_xy016_0
304,176,92.75675675675676,2.696999965435461,0.861198895996906,6.586006662979803,0.01078088578088578,ppf021_xy016_0
305,187,86.41441441441441,3.278389215482895,0.9285554261285567,7.1329887243775065,0.011572143452877399,ppf021_xy016_0
306,198,86.61261261261261,4.06431611962737,0.9552892116252008,7.566944822128362,0.01154566257541086,ppf021_xy016_0
307,209,87.8018018018018,4.856080664369205,0.9812674136392451,8.093714180449842,0.011389287912989945,ppf021_xy016_0
308,220,87.4054054054054,5.617609094704933,1.0044567476471449,8.442488047656756,0.011440940012368584,ppf021_xy016_0
309,231,87.6036036036036,0.10279790154557918,0.9933496265806472,8.27553193427283,0.011415055532702592,ppf021_xy016_0
310,242,89.1891891891892,0.8663824612895311,0.9745467307138508,8.109372228449539,0.011212121212121211,ppf021_xy016_0
311,253,89.58558558558559,1.6209323576807895,0.9452320586472552,7.662750838300599,0.011162510056315366,ppf021_xy016_0
312,264,90.77477477477477,2.3632908067431515,0.8891063828676122,6.869771911143093,0.011016276300119095,ppf021_xy016_0
313,275,92.16216216216216,3.082377805254843,0.8420011568106981,6.2552938076110935,0.010850439882697948,ppf021_xy016_0
314,286,91.56756756756756,3.82944579709499,0.7820568989950908,5.3615216312523,0.010920897284533649,ppf021_xy016_0
315,297,91.76576576576576,4.5697844535210566,0.7006670151004268,4.312943021992688,0.010897310033379149,ppf021_xy016_0
316,308,94.93693693693693,5.209563173163786,0.6291279404376765,3.5973512397077796,0.010533308028088823,ppf021_xy016_0
317,0,57.873873873873876,4.63086755549626,0.544978232093193,1.2747502375098203,0.01727895392278954,ppf021_xy020_0
318,11,59.06306306306306,5.840674640997894,0.5962287205109621,1.557133998917474,0.01693105552165955,ppf021_xy020_0
319,22,59.06306306306306,0.7179684183836101,0.6573376331957129,1.8926800143927962,0.01693105552165955,ppf021_xy020_0
320,33,60.846846846846844,1.901541463833737,0.7134988088756162,2.2972529558679478,0.016434705359786795,ppf021_xy020_0
321,44,63.62162162162162,3.0351706545996104,0.7455304329655238,2.6225255236723095,0.015717926932880204,ppf021_xy020_0
322,55,65.2072072072072,4.111631108090368,0.7609712004880405,2.8003755577554785,0.015335728101685549,ppf021_xy020_0
323,66,66.1981981981982,5.169932230560365,0.7883148022742875,3.0509126128224806,0.015106151333696244,ppf021_xy020_0
324,77,67.78378378378378,6.1957725760793725,0.8210208234888011,3.3885850400967916,0.014752791068580543,ppf021_xy020_0
325,88,71.54954954954955,0.8789382942031384,0.8458029472205247,3.796029063126222,0.013976328380760513,ppf021_xy020_0
326,99,75.31531531531532,1.8068998418046087,0.8501262240460618,4.036773308724015,0.013277511961722487,ppf021_xy020_0
327,110,77.69369369369369,2.716494429736687,0.8557558655663973,4.21958534044244,0.012871057513914657,ppf021_xy020_0
328,121,84.43243243243244,3.7598743307770115,0.8502333991325535,4.526576452547907,0.011843790012804096,ppf021_xy020_0
329,132,87.4054054054054,4.611083252490077,0.9399666339600079,5.727266650906401,0.011440940012368584,ppf021_xy020_0
330,143,88.0,5.3917893512115525,0.9422171355075336,5.7938721173028584,0.011363636363636364,ppf021_xy020_0
331,154,89.38738738738739,6.174138050983076,0.9353628987281254,5.7999033924505285,0.011187260632936907,ppf021_xy020_0
332,165,89.98198198198199,0.6446228698480823,0.9237059216386928,5.693866063910124,0.011113336003203843,ppf021_xy020_0
333,176,90.57657657657657,1.3994659040818875,0.8362119516784823,4.697133240198894,0.0110403819375373,ppf021_xy020_0
334,187,93.74774774774775,2.1310498798952753,0.7874849517590717,4.3115120716159225,0.010666922929079376,ppf021_xy020_0
335,198,95.13513513513513,2.8298488061367264,0.7600948485378932,4.076249460639285,0.010511363636363636,ppf021_xy020_0
336,209,93.74774774774775,3.550361186023169,0.7014456400627731,3.4208428191754403,0.010666922929079376,ppf021_xy020_0
337,11,95.53153153153153,4.672074626107841,0.3852481687729236,1.1287633351011095,0.01046774801961524,ppf021_xy021_0
338,22,87.4054054054054,5.210545659911778,0.5090475608093862,1.8031422965594477,0.011440940012368584,ppf021_xy021_0
339,33,90.18018018018019,6.033767177617191,0.6137578955938467,2.704458182492174,0.011088911088911088,ppf021_xy021_0
340,44,91.76576576576576,0.5034314311228317,0.6654521835959043,3.235112515066159,0.010897310033379149,ppf021_xy021_0
341,55,91.36936936936937,1.2210882230831452,0.6973237987021461,3.5370776154703396,0.01094458686649576,ppf021_xy021_0
342,66,88.990990990991,1.9506720785731857,0.7594699773098536,4.08641294692869,0.011237092528851994,ppf021_xy021_0
343,77,90.18018018018019,2.7150991873789727,0.8625486321975383,5.341377443256561,0.011088911088911088,ppf021_xy021_0
344,88,92.55855855855856,3.4513456278409085,0.918135350888425,6.2116215639717245,0.010803971189410162,ppf021_xy021_0
345,99,93.35135135135135,4.172677321755364,0.9359668897795873,6.510533354600994,0.010712217718587144,ppf021_xy021_0
346,110,92.75675675675676,4.887269286010346,0.9497194092146246,6.6605665226702016,0.01078088578088578,ppf021_xy021_0
347,121,91.56756756756756,5.601459957655669,0.943826233805114,6.493827593571034,0.010920897284533649,ppf021_xy021_0
348,132,91.36936936936937,0.0491763531595437,0.9100341034595424,6.024083052035078,0.01094458686649576,ppf021_xy021_0
349,143,93.74774774774775,0.8023480820417761,0.8163385662394114,4.973664187445993,0.010666922929079376,ppf021_xy021_0
350,154,96.32432432432432,1.5185826728387986,0.7853167142591889,4.729341126270917,0.010381593714927048,ppf021_xy021_0
351,165,96.52252252252252,2.2097590644886917,0.7590066370582045,4.42684991392087,0.010360276274033974,ppf021_xy021_0
352,176,92.95495495495496,2.936722019340695,0.6527328168476295,3.1529597611759157,0.01075789881760031,ppf021_xy021_0
353,187,96.52252252252252,3.612888162508065,0.5495778972590927,2.3209306678414503,0.010360276274033974,ppf021_xy021_0
354,22,70.75675675675676,4.828376615760654,0.4520292278059155,1.3261225947081894,0.014132925897631779,ppf021_xy026_0
355,33,75.11711711711712,5.894761104834577,0.5322433755839107,1.9518307895176006,0.013312544974814104,ppf021_xy026_0
356,44,78.68468468468468,0.5572568474664542,0.568960779990216,2.336348327033937,0.012708953514998855,ppf021_xy026_0
357,55,78.28828828828829,1.4065281782109371,0.6007780224851894,2.5918364585679363,0.012773302646720368,ppf021_xy026_0
358,66,77.8918918918919,2.2749007115431885,0.6635920043752208,3.1461343502189134,0.0128383067314365,ppf021_xy026_0
359,77,82.05405405405406,3.1390779585931874,0.751763577076438,4.253489124835824,0.012187088274044794,ppf021_xy026_0
360,88,86.41441441441441,3.932271399542246,0.8021955800845377,5.100696039181234,0.011572143452877399,ppf021_xy026_0
361,99,86.01801801801801,4.702819182734614,0.8241511159099242,5.359025906273239,0.011625471302890659,ppf021_xy026_0
362,110,87.2072072072072,5.507385154938125,0.8394180729874544,5.6362692611208995,0.011466942148760331,ppf021_xy026_0
363,121,87.4054054054054,0.003689647045416552,0.7797025713373866,4.873926182644366,0.011440940012368584,ppf021_xy026_0
364,132,91.96396396396396,0.8219399019138189,0.7271807439509824,4.460516453175395,0.010873824451410658,ppf021_xy026_0
365,143,92.55855855855856,1.554703040230086,0.7185493693433751,4.38341440636317,0.010803971189410162,ppf021_xy026_0
366,154,91.17117117117117,2.2799943095293087,0.6765756357456049,3.828009132861324,0.010968379446640317,ppf021_xy026_0
367,165,93.54954954954955,3.0053931369439444,0.5837364151007421,2.9238695800930095,0.010689522342064715,ppf021_xy026_0
368,0,79.27927927927928,5.241817349495848,0.720673018466219,2.418222334589833,0.012613636363636363,ppf021_xy027_0
369,11,78.88288288288288,6.094062276941691,0.808805677962375,3.030617775990668,0.01267702147099132,ppf021_xy027_0
370,22,80.86486486486487,0.6953115346688704,0.8807355106863862,3.68392592310442,0.012366310160427807,ppf021_xy027_0
371,33,82.25225225225225,1.5393998045284727,0.920066383591491,4.089273276918885,0.012157721796276014,ppf021_xy027_0
372,44,81.85585585585585,2.366388839494979,0.9568881061173053,4.40181793780312,0.012216596962359674,ppf021_xy027_0
373,55,81.85585585585585,3.2054887992847183,1.0231395655584774,5.032450617626818,0.012216596962359674,ppf021_xy027_0
374,66,83.44144144144144,4.024223957838647,1.0793079416802744,5.70863863606855,0.011984452602029799,ppf021_xy027_0
375,77,84.43243243243244,4.825595635958676,1.0996663324951241,5.996407906628487,0.011843790012804096,ppf021_xy027_0
376,88,84.43243243243244,5.6411079546388825,1.1134709489410763,6.147904200666307,0.011843790012804096,ppf021_xy027_0
377,99,84.43243243243244,0.17529514842769486,1.144475902849492,6.495051759536788,0.011843790012804096,ppf021_xy027_0
378,110,85.62162162162161,0.9581823725514906,1.2040606337333273,7.290212258792311,0.01167929292929293,ppf021_xy027_0
379,121,87.2072072072072,1.718087486652713,1.2237658043776887,7.670241091633464,0.011466942148760331,ppf021_xy027_0
380,132,87.6036036036036,2.522849234816801,1.1099490633735816,6.338523120221543,0.011415055532702592,ppf021_xy027_0
381,143,89.1891891891892,3.332870989729193,1.096372055279822,6.296339543258464,0.011212121212121211,ppf021_xy027_0
382,154,89.78378378378379,4.105756800210419,1.1023364769123711,6.407465415242849,0.011137868753762792,ppf021_xy027_0
383,165,88.990990990991,4.854437003891431,1.0674660825580438,5.955445049671163,0.011237092528851994,ppf021_xy027_0
384,176,89.78378378378379,5.628653148220003,1.0109455913463632,5.389065705416762,0.011137868753762792,ppf021_xy027_0
385,187,91.56756756756756,0.11135545759516212,0.9798878484389645,5.163621862844506,0.010920897284533649,ppf021_xy027_0
386,198,90.97297297297297,0.8485756612979519,0.9559564931319874,4.882571948402909,0.010992275698158051,ppf021_xy027_0
387,209,89.1891891891892,1.6029360102272656,0.8860631506828668,4.112458954291467,0.011212121212121211,ppf021_xy027_0
388,220,90.37837837837839,2.3520825562418466,0.8077819384168892,3.4634811687632174,0.011064593301435405,ppf021_xy027_0
389,231,92.75675675675676,3.0622187995685763,0.7598018915559124,3.1448961237850805,0.01078088578088578,ppf021_xy027_0
390,0,51.13513513513514,2.270293317020306,0.49197316972844085,1.2569607702318355,0.019556025369978858,ppf021_xy028_0
391,11,51.13513513513514,3.6188513209624134,0.572066540630387,1.699542309293474,0.019556025369978858,ppf021_xy028_0
392,22,51.33333333333333,4.973936985326841,0.6467321680223076,2.1805591418930903,0.019480519480519484,ppf021_xy028_0
393,33,51.927927927927925,0.05070647611791307,0.7106545137196991,2.6634068299469793,0.019257460097154754,ppf021_xy028_0
394,44,52.72072072072072,1.3929376944571583,0.7636633800433474,3.122516540314848,0.018967874231032127,ppf021_xy028_0
395,55,53.711711711711715,2.710930152212166,0.8058785593923319,3.542645317880567,0.01861791345186179,ppf021_xy028_0
396,66,54.7027027027027,3.9963226915286154,0.8390963630936982,3.9115775032617295,0.018280632411067196,ppf021_xy028_0
397,77,55.891891891891895,5.25344297508538,0.8620621836147396,4.218377839307655,0.017891682785299807,ppf021_xy028_0
398,88,57.08108108108108,0.19640655920580144,0.8779949975713139,4.468849726403923,0.017518939393939396,ppf021_xy028_0
399,99,58.270270270270274,1.3917814006657856,0.8887935677431582,4.67485684649554,0.017161410018552873,ppf021_xy028_0
400,110,59.45945945945946,2.5569556389108787,0.8945085357653307,4.831805158928704,0.01681818181818182,ppf021_xy028_0
401,121,60.846846846846844,3.69266990641033,0.8923881690984338,4.9211336913058314,0.016434705359786795,ppf021_xy028_0
402,132,62.432432432432435,4.798655624589118,0.8865287908370973,4.983281521225903,0.016017316017316017,ppf021_xy028_0
403,143,64.01801801801801,5.874707655283408,0.8809653804624357,5.045908684185406,0.01562060230790881,ppf021_xy028_0
404,154,66.0,0.6359567984075135,0.8751061260028614,5.133160713761133,0.015151515151515152,ppf021_xy028_0
405,165,68.18018018018017,1.6502782113375618,0.8700362743019424,5.241460806888645,0.014667019027484145,ppf021_xy028_0
406,176,70.55855855855856,2.639842757977063,0.8651876376942266,5.3640125942422765,0.014172625127681308,ppf021_xy028_0
407,187,72.34234234234233,3.5981422055051997,0.8817690647711011,5.712441444016485,0.013823163138231632,ppf021_xy028_0
408,198,74.52252252252252,4.551807501655057,0.8973789848024287,6.094790960561266,0.013418762088974854,ppf021_xy028_0
409,209,76.30630630630631,5.476526939641577,0.9225814777233886,6.59613251747502,0.013105076741440376,ppf021_xy028_0
410,220,77.69369369369369,0.09607477739796776,0.9443086916282101,7.0361197345609,0.012871057513914657,ppf021_xy028_0
411,231,79.27927927927928,0.9870469292811546,0.9708832139489038,7.5894998439168795,0.012613636363636363,ppf021_xy028_0
412,242,80.27027027027027,1.8482315225210968,0.9910248977816634,8.006511548887223,0.012457912457912458,ppf021_xy028_0
413,253,82.05405405405406,2.713353794223946,1.0016849360393252,8.361454032731958,0.012187088274044794,ppf021_xy028_0
414,264,83.24324324324324,3.5436790530810356,1.0180591773209402,8.762227341312782,0.012012987012987014,ppf021_xy028_0
415,275,83.83783783783784,4.358257718416511,1.0120207077345846,8.720438941557173,0.011927788523533205,ppf021_xy028_0
416,286,85.02702702702703,5.166052723421686,0.996384224546776,8.572947380340716,0.011760966306420852,ppf021_xy028_0
417,297,86.01801801801801,5.956382448102977,0.9822803097163001,8.429072449008544,0.011625471302890659,ppf021_xy028_0
418,308,86.61261261261261,0.45431627495583127,0.9456728301971424,7.866516183284884,0.01154566257541086,ppf021_xy028_0
419,319,88.0,1.2228666131187411,0.8991737820895546,7.2258579712385975,0.011363636363636364,ppf021_xy028_0
420,330,88.7927927927928,1.9769383504228064,0.8573704469615901,6.628789275236335,0.011262175324675324,ppf021_xy028_0
421,341,89.1891891891892,2.7304934868916777,0.804057866312972,5.856070604022096,0.011212121212121211,ppf021_xy028_0
422,0,59.85585585585586,2.613173756255545,0.4616795984580726,1.1869007529520645,0.01670680313064419,ppf021_xy029_0
423,11,59.45945945945946,3.7380027324517338,0.5318080956488066,1.5644339730772774,0.01681818181818182,ppf021_xy029_0
424,22,59.45945945945946,4.894538971288838,0.5979703735214292,1.9779107219335514,0.01681818181818182,ppf021_xy029_0
425,33,59.65765765765766,6.056901716370808,0.6573580376523991,2.3982615563505565,0.01676230745998188,ppf021_xy029_0
426,44,60.054054054054056,0.9348427353780048,0.7077258770597128,2.7983296514793574,0.01665166516651665,ppf021_xy029_0
427,55,60.648648648648646,2.087545507670817,0.7479918871934154,3.1567580504122685,0.01648841354723708,ppf021_xy029_0
428,66,61.44144144144144,3.2249299719900257,0.7773369014071332,3.4538729552311898,0.016275659824046922,ppf021_xy029_0
429,77,62.432432432432435,4.341777306742465,0.7959228505264918,3.6794134834796544,0.016017316017316017,ppf021_xy029_0
430,88,63.62162162162162,5.433742843438505,0.8049860457023585,3.8353749875760856,0.015717926932880204,ppf021_xy029_0
431,99,65.2072072072072,0.21386565997860207,0.8061527936882216,3.9423639956539454,0.015335728101685549,ppf021_xy029_0
432,110,67.1891891891892,1.2445701704786485,0.8031521639470527,4.032008705214683,0.01488334674175382,ppf021_xy029_0
433,121,69.36936936936937,2.24342049176649,0.8006367256526128,4.136806000376599,0.014415584415584416,ppf021_xy029_0
434,132,72.14414414414415,3.2162339088692984,0.7995553439865285,4.290664326684111,0.01386113886113886,ppf021_xy029_0
435,143,74.91891891891892,4.169555466649766,0.8075809466236212,4.54558751056486,0.013347763347763348,ppf021_xy029_0
436,154,78.09009009009009,5.113584568880377,0.8242263746533088,4.9353201713737995,0.01280572219658514,ppf021_xy029_0
437,165,81.45945945945945,6.050246787185303,0.85198784683788,5.500912244765727,0.012276045122760452,ppf021_xy029_0
438,176,84.63063063063063,0.6810451870436939,0.8909884292715446,6.250260215207029,0.011816052799659357,ppf021_xy029_0
439,187,87.8018018018018,1.5680340458852262,0.9369136358691945,7.170161551867432,0.011389287912989945,ppf021_xy029_0
440,198,90.37837837837839,2.407790552153967,0.9839315482695256,8.13993073702711,0.011064593301435405,ppf021_xy029_0
441,209,91.76576576576576,3.1944620098003305,1.029854116765283,9.054375575028345,0.010897310033379149,ppf021_xy029_0
442,220,91.96396396396396,3.938102213230807,1.072185239893991,9.835211969898399,0.010873824451410658,ppf021_xy029_0
443,231,92.75675675675676,4.693438109860338,1.1117819978978056,10.666236857983744,0.01078088578088578,ppf021_xy029_0
444,242,92.95495495495496,5.424537342989237,1.1522316592501936,11.48096904013728,0.01075789881760031,ppf021_xy029_0
445,253,93.54954954954955,6.160976472102924,1.17527731168702,12.021227011376627,0.010689522342064715,ppf021_xy029_0
446,264,94.14414414414415,0.6121847224268216,1.1944697341230508,12.495970886905177,0.01062200956937799,ppf021_xy029_0
447,275,94.73873873873875,1.3368293391366015,1.210871418808057,12.922604370378359,0.010555344237352604,ppf021_xy029_0
448,286,94.93693693693693,2.0553131417831243,1.2151075290777005,13.040403581131088,0.010533308028088823,ppf021_xy029_0
449,297,95.72972972972973,2.777434030045664,1.2083869978586508,13.00425009909597,0.010446075663466968,ppf021_xy029_0
450,308,96.32432432432432,3.4888773446535652,1.2004116981036417,12.912870705149764,0.010381593714927048,ppf021_xy029_0
451,319,96.52252252252252,4.19581471496778,1.1796404486394538,12.495520971558987,0.010360276274033974,ppf021_xy029_0
452,330,97.11711711711712,4.898477208121493,1.148541083379022,11.918325558889174,0.010296846011131726,ppf021_xy029_0
453,341,97.71171171171171,5.597618508711109,1.1166463461902494,11.334550790819366,0.010234187718974736,ppf021_xy029_0
454,352,98.10810810810811,0.0054248700369607,1.0792027731373561,10.630101208810796,0.010192837465564738,ppf021_xy029_0
455,363,98.10810810810811,0.7031593068931471,1.0238970015078956,9.568499455738007,0.010192837465564738,ppf021_xy029_0
456,374,98.70270270270271,1.388139138148849,0.9734390061385301,8.70107530323246,0.01013143483023001,ppf021_xy029_0
457,385,99.49549549549549,2.0596280697183285,0.9235788247915405,7.895465617818857,0.010050706265845708,ppf021_xy029_0
458,396,99.89189189189189,2.731821169170811,0.8708673314151347,7.047914554863926,0.010010822510822512,ppf021_xy029_0
459,407,100.09009009009009,3.4069609578780935,0.801342726327613,5.979351326759964,0.009990999099909992,ppf021_xy029_0
460,0,54.7027027027027,4.684295284251423,0.5244560327865938,1.2220096365019186,0.018280632411067196,ppf021_xy030_0
461,11,54.5045045045045,5.911241591151015,0.5747201659885922,1.462153417662587,0.01834710743801653,ppf021_xy030_0
462,22,54.7027027027027,0.8814889222878788,0.6329198453886374,1.779729037993749,0.018280632411067196,ppf021_xy030_0
463,33,56.68468468468468,2.127933451600149,0.6696718231396211,2.0646073213737317,0.017641449459631278,ppf021_xy030_0
464,44,58.270270270270274,3.3219375956145707,0.6780384977600123,2.1757220549307714,0.017161410018552873,ppf021_xy030_0
465,55,59.06306306306306,4.496294980448766,0.6851472018260958,2.2518083155545487,0.01693105552165955,ppf021_xy030_0
466,66,60.648648648648646,5.633708508208625,0.7023298123904187,2.429690812981117,0.01648841354723708,ppf021_xy030_0
467,77,63.62162162162162,0.4174339400062257,0.7073182209156589,2.585128299474368,0.015717926932880204,ppf021_xy030_0
468,88,111.38738738738739,3.4186014001734617,0.6112294098200663,3.3798091574977396,0.008977677127143318,ppf021_xy030_0
469,99,111.38738738738739,4.00100816479754,0.6645430349613672,3.9951207892445675,0.008977677127143318,ppf021_xy030_0
470,110,105.04504504504504,4.468658025340591,0.6905490724700114,4.068294090708234,0.009519725557461407,ppf021_xy030_0
471,121,90.57657657657657,4.804560451401683,0.7713897460662644,4.377350282637638,0.0110403819375373,ppf021_xy030_0
472,132,85.22522522522522,5.455162447845014,0.8289704483153134,4.756570421758734,0.011733615221987317,ppf021_xy030_0
473,143,87.009009009009,6.265483677576851,0.8293450823114326,4.860516766531416,0.011493062745910127,ppf021_xy030_0
474,154,87.6036036036036,0.7571647555209672,0.8227768868633197,4.816524939820863,0.011415055532702592,ppf021_xy030_0
475,165,89.58558558558559,1.5313635075230938,0.7603700255497532,4.206644280699486,0.011162510056315366,ppf021_xy030_0
476,176,91.56756756756756,2.272743550915029,0.7320440553795861,3.9853254245872214,0.010920897284533649,ppf021_xy030_0
477,187,90.77477477477477,3.006180185307721,0.6977876704903502,3.5897106095246363,0.011016276300119095,ppf021_xy030_0
478,198,89.58558558558559,3.761487197970126,0.6161906480223839,2.762587344424617,0.011162510056315366,ppf021_xy030_0
479,0,22.0,1.5893411854151935,0.8957569885170646,1.2449394952630484,0.045454545454545456,ppf021_xy034_2
480,11,117.53153153153153,3.052382037737897,0.4311327892089549,1.5407126802146383,0.008508355051356739,ppf021_xy034_2
481,22,116.54054054054055,3.6044044289548456,0.45859173371021195,1.7285208650972592,0.008580705009276436,ppf021_xy034_2
482,33,108.21621621621621,4.133520296296544,0.47240169239149665,1.7031793710846541,0.009240759240759242,ppf021_xy034_2
483,44,100.68468468468468,4.742676885727097,0.5507570745740991,2.1539158749005924,0.009931997136721547,ppf021_xy034_2
484,55,99.89189189189189,5.402718957134513,0.6314601078365041,2.8091002037957256,0.010010822510822512,ppf021_xy034_2
485,66,100.09009009009009,6.057888126718622,0.679157186391431,3.2559433124550954,0.009990999099909992,ppf021_xy034_2
486,77,98.70270270270271,0.43437469352856195,0.7047000926237347,3.4568684734528032,0.01013143483023001,ppf021_xy034_2
487,88,95.33333333333333,1.120900250947133,0.7615358619199617,3.8991563660764537,0.01048951048951049,ppf021_xy034_2
488,99,94.73873873873875,1.8307149742922675,0.8584392577386402,4.923703511047706,0.010555344237352604,ppf021_xy034_2
489,110,95.72972972972973,2.527433424176754,0.9196185819290272,5.709623390144207,0.010446075663466968,ppf021_xy034_2
490,121,88.5945945945946,3.056699984194685,0.9723440503654506,5.907344540091466,0.011287370347773032,ppf021_xy034_2
491,132,89.58558558558559,3.839993558706201,0.9881469658585887,6.169164825072363,0.011162510056315366,ppf021_xy034_2
492,143,89.78378378378379,4.598760400510909,0.9922918149310792,6.2347906581960535,0.011137868753762792,ppf021_xy034_2
493,154,90.57657657657657,5.364322391833364,0.9642120043250538,5.938901525847184,0.0110403819375373,ppf021_xy034_2
494,165,91.56756756756756,6.1184175290298795,0.946956475669851,5.79091070267923,0.010920897284533649,ppf021_xy034_2
495,176,91.17117117117117,0.5675205800817773,0.9214728165966877,5.459686976925822,0.010968379446640317,ppf021_xy034_2
496,187,89.58558558558559,1.308860385518222,0.8267062265669751,4.318030524383995,0.011162510056315366,ppf021_xy034_2
497,198,91.96396396396396,2.060398308217441,0.735697039169783,3.5104343290093367,0.010873824451410658,ppf021_xy034_2
498,209,95.72972972972973,2.7523156611211013,0.6973602271873751,3.283268013107339,0.010446075663466968,ppf021_xy034_2
499,220,96.52252252252252,3.436092852796265,0.6660798929700795,3.020135753338311,0.010360276274033974,ppf021_xy034_2
500,0,129.22522522522524,5.61988938298523,0.6035691843318319,3.1479802758076714,0.007738427216954823,ppf021_xy035_0
501,11,130.01801801801804,6.144470503452328,0.6347524553925686,3.5030223509871994,0.0076912416851441226,ppf021_xy035_0
502,22,127.63963963963964,0.3551369892970205,0.6627537703802485,3.749044293574652,0.007834556747600226,ppf021_xy035_0
503,33,123.87387387387388,0.8667885303884727,0.7129307766905801,4.210222364267506,0.008072727272727273,ppf021_xy035_0
504,44,122.88288288288288,1.414119649483082,0.7725893600569156,4.904778790182776,0.008137829912023461,ppf021_xy035_0
505,55,122.88288288288288,1.9615833530091196,0.8053441322266215,5.329481719776449,0.008137829912023461,ppf021_xy035_0
506,66,120.90090090090091,2.515047183125462,0.8163007062368955,5.3871673808775284,0.00827123695976155,ppf021_xy035_0
507,77,116.54054054054055,3.1046289428986915,0.8507128788862982,5.639928928031511,0.008580705009276436,ppf021_xy035_0
508,88,114.75675675675676,3.7053235458740468,0.9030040489130545,6.257318321213221,0.008714083843617522,ppf021_xy035_0
509,99,114.55855855855856,4.2955943375514245,0.9426143203307775,6.806536770542771,0.008729160113243158,ppf021_xy035_0
510,110,114.75675675675676,4.880784855556031,0.9630129154460614,7.116608533679243,0.008714083843617522,ppf021_xy035_0
511,121,113.56756756756756,5.485018076990886,0.9692242546946861,7.134005821726207,0.008805330794859591,ppf021_xy035_0
512,132,111.38738738738739,6.121061870364286,0.9980776426505403,7.419852297740372,0.008977677127143318,ppf021_xy035_0
513,143,110.3963963963964,0.46723278430414833,1.0535684437440187,8.194283656974438,0.009058266688428268,ppf021_xy035_0
514,154,110.1981981981982,1.0779649657760288,1.0875153970556872,8.715170950636205,0.00907455853499019,ppf021_xy035_0
515,165,107.81981981981983,1.6556444806261723,1.0676854427349043,8.218940424583025,0.009274732620320855,ppf021_xy035_0
516,176,105.83783783783784,2.2613638833440506,1.0381247436380014,7.627296548686102,0.009448416751787538,ppf021_xy035_0
517,187,105.04504504504504,2.904668352464736,1.0296276762111507,7.446746588938862,0.009519725557461407,ppf021_xy035_0
518,198,104.25225225225225,3.5482424128128405,1.0446099138961524,7.60719099837687,0.009592118907708261,ppf021_xy035_0
519,209,102.07207207207207,4.174791068964389,1.06901338419832,7.800165264366904,0.009796999117387467,ppf021_xy035_0
520,220,99.29729729729729,4.811223428784397,1.0750566334576177,7.674157397183881,0.010070767555797496,ppf021_xy035_0
521,231,98.50450450450451,5.489928604422761,1.0554177600269856,7.33728645395599,0.01015182001097494,ppf021_xy035_0
522,242,98.10810810810811,6.177453315913517,1.015812722903866,6.769596522035725,0.010192837465564738,ppf021_xy035_0
523,253,98.70270270270271,0.5849622998698645,0.9663534523597285,6.163560138038154,0.01013143483023001,ppf021_xy035_0
524,264,100.28828828828829,1.2588966029351645,0.9242831276681569,5.729158762996882,0.009971254042400287,ppf021_xy035_0
525,275,101.08108108108108,1.921384892828548,0.8896435363267505,5.349738101966905,0.009893048128342246,ppf021_xy035_0
526,286,100.28828828828829,2.5981979439986187,0.8332539904145985,4.6562427199827825,0.009971254042400287,ppf021_xy035_0
527,297,100.28828828828829,3.279313115868835,0.7438003982755494,3.710168380793296,0.009971254042400287,ppf021_xy035_0
0,0,125.26126126126127,2.7206223058374515,0.3880843026424044,1.4687492069818955,0.007983314154200229,ppf021_xy038_0
1,11,122.48648648648648,3.2074583368323433,0.40320094771484166,1.5502794035188117,0.008164165931156223,ppf021_xy038_0
2,22,120.70270270270271,3.727795104206434,0.4213453735916036,1.6682923780616394,0.008284818629646215,ppf021_xy038_0
3,33,119.90990990990991,4.267075879428083,0.435503550127345,1.7705866588047845,0.008339594290007513,ppf021_xy038_0
4,44,66.0,0.587426151357382,0.594558239308259,1.8163998229327352,0.015151515151515152,ppf021_xy038_0
5,55,67.78378378378378,1.6284947819718925,0.6011539024875079,1.9071105171682252,0.014752791068580543,ppf021_xy038_0
6,66,69.17117117117118,2.6504249115059193,0.6142443391543929,2.0318243748401317,0.014456889815056002,ppf021_xy038_0
7,77,70.75675675675676,3.6628815348851695,0.6332473428360552,2.2089881289262596,0.014132925897631779,ppf021_xy038_0
8,88,72.14414414414415,4.660507452357599,0.6609379466388883,2.453585356436606,0.01386113886113886,ppf021_xy038_0
9,99,73.72972972972974,5.6510082674590585,0.6956572586678255,2.7778704988564753,0.013563049853372432,ppf021_xy038_0
10,110,75.11711711711712,0.3385767528006295,0.7384490962692573,3.189031068165151,0.013312544974814104,ppf021_xy038_0
11,121,76.70270270270271,1.299545724721582,0.7855231545325843,3.6847443431551086,0.013037350246652571,ppf021_xy038_0
12,132,78.09009009009009,2.2355839551927583,0.8361695822819792,4.250728485719144,0.01280572219658514,ppf021_xy038_0
13,143,79.27927927927928,3.1464398364513597,0.8871174410649485,4.857363895357947,0.012613636363636363,ppf021_xy038_0
14,154,80.27027027027027,4.035327115023821,0.9355140859723985,5.4693296339455655,0.012457912457912458,ppf021_xy038_0
15,165,80.86486486486487,4.901153797739379,0.9812974348231939,6.062334614389236,0.012366310160427807,ppf021_xy038_0
16,176,81.45945945945945,5.758277561134964,1.0217633400768498,6.620958543220789,0.012276045122760452,ppf021_xy038_0
17,187,82.05405405405406,0.32421659671963193,1.0563335327131067,7.1282165967260545,0.012187088274044794,ppf021_xy038_0
18,198,82.45045045045046,1.1635708748818698,1.0858605200583367,7.568674542840327,0.012128496503496502,ppf021_xy038_0
19,209,82.84684684684684,1.9987332666588071,1.1098668250726909,7.945046359346078,0.012070465419747716,ppf021_xy038_0
20,220,83.24324324324324,2.829667256106446,1.130076427474677,8.276435520956975,0.012012987012987014,ppf021_xy038_0
21,231,83.83783783783784,3.657008788308476,1.1458511446938358,8.56988880339894,0.011927788523533205,ppf021_xy038_0
22,242,84.43243243243244,4.477714745707674,1.1588712746451575,8.827920403102446,0.011843790012804096,ppf021_xy038_0
23,253,85.02702702702703,5.292546779756222,1.1695137643321876,9.054122806975291,0.011760966306420852,ppf021_xy038_0
24,264,85.81981981981983,6.102706132817953,1.1818162141142072,9.331816667741542,0.011652319966407726,ppf021_xy038_0
25,275,86.61261261261261,0.6222849297171981,1.1912535191152354,9.56903721953756,0.01154566257541086,ppf021_xy038_0
26,286,87.2072072072072,1.4178343590377107,1.2028201580611202,9.822736313100032,0.011466942148760331,ppf021_xy038_0
27,297,88.1981981981982,2.2081913834174265,1.214750612701509,10.132408210861996,0.011338100102145046,ppf021_xy038_0
28,308,88.990990990991,2.9893592799949733,1.2284988560053138,10.456209289439627,0.011237092528851994,ppf021_xy038_0
29,319,89.78378378378379,3.764251810046744,1.242405643072227,10.789552840336698,0.011137868753762792,ppf021_xy038_0
30,330,90.57657657657657,4.53021650335442,1.2560575823344324,11.125350771214213,0.0110403819375373,ppf021_xy038_0
31,341,91.36936936936937,5.289802827823058,1.2682725726816375,11.442068416449565,0.01094458686649576,ppf021_xy038_0
32,352,92.16216216216216,6.042540006967835,1.2811762016772068,11.777390966259325,0.010850439882697948,ppf021_xy038_0
33,363,93.15315315315316,0.5048387561810522,1.2922782529089154,12.111232553046845,0.010735009671179884,ppf021_xy038_0
34,374,93.74774774774775,1.2393380422542066,1.301887332510164,12.370474459003777,0.010666922929079376,ppf021_xy038_0
35,385,94.34234234234235,1.9672618548909042,1.304235032195715,12.493873056190619,0.010599694423223834,ppf021_xy038_0
36,396,95.13513513513513,2.689280082271542,1.3002538853623795,12.522065506453748,0.010511363636363636,ppf021_xy038_0
37,407,95.72972972972973,3.4045012312805327,1.2934548015886165,12.468897621357893,0.010446075663466968,ppf021_xy038_0
38,418,96.32432432432432,4.11147768796195,1.2781186107289793,12.25058985848455,0.010381593714927048,ppf021_xy038_0
39,429,96.72072072072072,4.816251002375683,1.2542341266621606,11.84555633263975,0.010339046199701937,ppf021_xy038_0
40,440,97.51351351351352,5.512061089006096,1.2230070463768317,11.35537379533195,0.010254988913525498,ppf021_xy038_0
41,451,98.10810810810811,6.202103394593947,1.1884271146885945,10.787696422346079,0.010192837465564738,ppf021_xy038_0
42,462,98.50450450450451,0.6055338710436966,1.1466039119045268,10.082347007714173,0.01015182001097494,ppf021_xy038_0
43,473,99.0990990990991,1.2839734059320131,1.0954466702890133,9.258292494416795,0.01009090909090909,ppf021_xy038_0
44,484,99.89189189189189,1.9532542574102207,1.0400012563930894,8.411562534622403,0.010010822510822512,ppf021_xy038_0
45,495,100.68468468468468,2.6117407655531295,0.9820412417627012,7.559648096719027,0.009931997136721547,ppf021_xy038_0
46,506,101.27927927927928,3.2688887997591753,0.919295115441035,6.66360459293762,0.009873687955879737,ppf021_xy038_0
47,0,73.92792792792793,2.6565256923256455,0.6676074662025089,2.684918101187794,0.013526687789422374,ppf021_xy039_0
48,11,72.93693693693695,3.547470053736969,0.7391628479155896,3.247191637832944,0.013710474308300394,ppf021_xy039_0
49,22,72.73873873873873,4.477542225847835,0.8095169497262199,3.884166142451961,0.013747832548922468,ppf021_xy039_0
50,33,72.73873873873873,5.413608902516334,0.8677982538446769,4.46358129702078,0.013747832548922468,ppf021_xy039_0
51,44,72.54054054054055,0.06752729332405175,0.9188849416083129,4.990949728879435,0.013785394932935915,ppf021_xy039_0
52,55,72.54054054054055,1.0122581531535864,0.9676039541822857,5.53421714416681,0.013785394932935915,ppf021_xy039_0
53,66,72.93693693693695,1.9572030722200626,1.0074963471003033,6.032740162369213,0.013710474308300394,ppf021_xy039_0
54,77,73.13513513513513,2.8948216281617536,1.0355437557860079,6.3906217881825444,0.013673318551367332,ppf021_xy039_0
55,88,73.33333333333334,3.83541753183384,1.0593083440420479,6.705425651495324,0.013636363636363634,ppf021_xy039_0
56,99,73.72972972972974,4.770487559903567,1.082865983230506,7.044857344715265,0.013563049853372432,ppf021_xy039_0
57,110,74.52252252252252,5.693015274320413,1.0976545412183618,7.316426987236207,0.013418762088974854,ppf021_xy039_0
58,121,75.11711711711712,0.3271432200809463,1.1036536137978246,7.455634862014374,0.013312544974814104,ppf021_xy039_0
59,132,75.51351351351352,1.2410303933255822,1.1094889613482721,7.574444505539891,0.013242662848962061,ppf021_xy039_0
60,143,76.30630630630631,2.1464281390218076,1.114774642358692,7.727067983011282,0.013105076741440376,ppf021_xy039_0
61,154,77.29729729729729,3.030418407405286,1.1226806404204235,7.938837555685064,0.012937062937062939,ppf021_xy039_0
62,165,78.48648648648648,3.9008335798581575,1.1210880016580371,8.038119088683272,0.012741046831955923,ppf021_xy039_0
63,176,79.87387387387388,4.78866055709787,1.108803869775299,8.001922726997199,0.012519738326189939,ppf021_xy039_0
64,187,80.86486486486487,5.650508941678619,1.1195830921887817,8.259479251303063,0.012366310160427807,ppf021_xy039_0
65,198,81.65765765765767,0.21388403786647386,1.1266276555906345,8.445743208199637,0.012246248896734332,ppf021_xy039_0
66,209,82.64864864864865,1.0609162952756939,1.1211627842607748,8.465512257203015,0.01209941137998692,ppf021_xy039_0
67,220,84.23423423423424,1.9032592484259194,1.1267011482078715,8.71337178249553,0.011871657754010695,ppf021_xy039_0
68,231,84.82882882882883,2.713110529883573,1.1306907070385162,8.837130241383072,0.011788445199660153,ppf021_xy039_0
69,242,85.62162162162161,3.516728734521177,1.1177618969152794,8.716902530040883,0.01167929292929293,ppf021_xy039_0
70,253,86.8108108108108,4.317862842529552,1.1022329720092972,8.594106834682536,0.011519302615193027,ppf021_xy039_0
71,264,87.4054054054054,5.10059893594568,1.0903260730424211,8.467032476749187,0.011440940012368584,ppf021_xy039_0
72,275,87.8018018018018,5.8747530770184335,1.0529421257398042,7.9321801597416774,0.011389287912989945,ppf021_xy039_0
73,286,89.1891891891892,0.3579295285357383,1.0066610754648893,7.364765226911356,0.011212121212121211,ppf021_xy039_0
74,297,90.57657657657657,1.1033925242006468,0.9721335675092851,6.9750595545464025,0.0110403819375373,ppf021_xy039_0
75,308,90.77477477477477,1.8470926071760219,0.9251202336078593,6.330553426997772,0.011016276300119095,ppf021_xy039_0
76,319,91.76576576576576,2.573253029550372,0.8627617195077585,5.565991858656552,0.010897310033379149,ppf021_xy039_0
77,330,93.74774774774775,3.26667443624156,0.803274809563613,4.929118709101309,0.010666922929079376,ppf021_xy039_0
78,33,132.1981981981982,4.39435007219943,0.29124977082168213,1.070979387233711,0.007564399618372631,ppf021_xy040_0
79,44,69.56756756756756,6.15893693582283,0.4288010358672315,1.221638923976061,0.014374514374514376,ppf021_xy040_0
80,55,69.96396396396396,0.88746080413535,0.4598951029704387,1.413241458848522,0.014293072366726759,ppf021_xy040_0
81,66,70.16216216216216,1.8873518097411521,0.4939249886211721,1.6347424969728084,0.014252696456086287,ppf021_xy040_0
82,77,70.55855855855856,2.890771621500741,0.5301363825906169,1.8938662832872764,0.014172625127681308,ppf021_xy040_0
83,88,70.95495495495496,3.8880468618874144,0.5695188475059155,2.19797790546599,0.01409344845099035,ppf021_xy040_0
84,99,71.54954954954955,4.885778622093888,0.6111066727497351,2.5519099621842463,0.013976328380760513,ppf021_xy040_0
85,110,71.94594594594594,5.866982986725956,0.6558072230245738,2.9551743599566316,0.013899323816679191,ppf021_xy040_0
86,121,72.34234234234233,0.5564586886187662,0.7016211155556036,3.4011223852325148,0.013823163138231632,ppf021_xy040_0
87,132,72.73873873873873,1.520876943369634,0.7471773472062319,3.8782656265400433,0.013747832548922468,ppf021_xy040_0
88,143,73.13513513513513,2.4775724866887443,0.7909464657013217,4.3696297475059245,0.013673318551367332,ppf021_xy040_0
89,154,73.33333333333334,3.4220918376194107,0.8324697692299263,4.853586346794178,0.013636363636363634,ppf021_xy040_0
90,165,73.53153153153153,4.362479636515935,0.869449615785728,5.308683613912389,0.013599607939230582,ppf021_xy040_0
91,176,73.53153153153153,5.296033085141671,0.9025232926184925,5.720247784536707,0.013599607939230582,ppf021_xy040_0
92,187,73.72972972972974,6.231855220348925,0.9288575057076063,6.075264954928988,0.013563049853372432,ppf021_xy040_0
93,198,73.72972972972974,0.8803168243352107,0.950853260365655,6.366401637699886,0.013563049853372432,ppf021_xy040_0
94,209,73.72972972972974,1.8118972489780725,0.9674631858535975,6.590766564424087,0.013563049853372432,ppf021_xy040_0
95,220,73.92792792792793,2.7441492197551347,0.9782286226145067,6.7563736179480545,0.013526687789422374,ppf021_xy040_0
96,231,74.12612612612612,3.6739716182677875,0.9851543468697476,6.8707516652446285,0.013490520175012155,ppf021_xy040_0
97,242,74.52252252252252,4.6002344507705715,0.9878464120440058,6.945296521711971,0.013418762088974854,ppf021_xy040_0
98,253,75.11711711711712,5.520410268167724,0.9874521320742137,6.9951238374272595,0.013312544974814104,ppf021_xy040_0
99,264,75.90990990990991,0.14906346292975423,0.9855638067513203,7.041940647790744,0.013173510562544505,ppf021_xy040_0
100,275,76.70270270270271,1.0510935591011683,0.9852857722652489,7.1114716289142015,0.013037350246652571,ppf021_xy040_0
101,286,77.8918918918919,1.9417692030911817,0.9859263443453393,7.231120299043212,0.0128383067314365,ppf021_xy040_0
102,297,79.08108108108108,2.820859575350812,0.9917216063612072,7.428079441255246,0.012645249487354751,ppf021_xy040_0
103,308,80.46846846846847,3.689175578667813,1.0024045780704858,7.722114025463543,0.012427227944469323,ppf021_xy040_0
104,319,82.05405405405406,4.547304932043957,1.0193247880499594,8.142346986718074,0.012187088274044794,ppf021_xy040_0
105,330,83.63963963963964,5.394386258979625,1.043498010030664,8.698007845120154,0.011956053425247738,ppf021_xy040_0
106,341,85.02702702702703,6.22647117221849,1.0742523326538846,9.371173890121591,0.011760966306420852,ppf021_xy040_0
107,352,86.61261261261261,0.7658545644678554,1.1076301918550782,10.148342154780302,0.01154566257541086,ppf021_xy040_0
108,363,88.1981981981982,1.575309515971062,1.142013776139982,10.985676104029281,0.011338100102145046,ppf021_xy040_0
109,374,89.58558558558559,2.3670966305971595,1.1764429838625199,11.841433939641306,0.011162510056315366,ppf021_xy040_0
110,385,90.77477477477477,3.14155899569723,1.2085415562935418,12.662304366780685,0.011016276300119095,ppf021_xy040_0
111,396,91.56756756756756,3.898257977396374,1.2357108795684624,13.353644489528499,0.010920897284533649,ppf021_xy040_0
112,407,92.36036036036036,4.646162715257611,1.2545167955440373,13.882349389335184,0.010827155676941085,ppf021_xy040_0
113,418,93.15315315315316,5.384794822486918,1.2655192190546274,14.248181597473776,0.010735009671179884,ppf021_xy040_0
114,429,93.74774774774775,6.1138585957289795,1.2686754910716178,14.410741719018876,0.010666922929079376,ppf021_xy040_0
115,440,94.14414414414415,0.5540289918319424,1.2622841217345568,14.32623074515974,0.01062200956937799,ppf021_xy040_0
116,451,94.54054054054055,1.2740182578779444,1.2468035819580503,14.035844732796516,0.010577472841623784,ppf021_xy040_0
117,462,95.13513513513513,1.9862367982386753,1.2225736140402181,13.580487746587725,0.010511363636363636,ppf021_xy040_0
118,473,95.53153153153153,2.6948253639271638,1.189564866257254,12.910628648797903,0.01046774801961524,ppf021_xy040_0
119,484,95.92792792792793,3.399568819232981,1.1477828567542885,12.0694901055179,0.010424492862509393,ppf021_xy040_0
120,495,96.52252252252252,4.095753846601902,1.0986413796115078,11.126663646122479,0.010360276274033974,ppf021_xy040_0
121,506,97.11711711711712,4.7852114167633175,1.0452979399000224,10.134454160955551,0.010296846011131726,ppf021_xy040_0
122,517,97.71171171171171,5.467226032125572,0.985434976479542,9.062060527510313,0.010234187718974736,ppf021_xy040_0
123,528,98.50450450450451,6.13741180623753,0.9196569399569919,7.9566854109828045,0.01015182001097494,ppf021_xy040_0
124,539,99.49549549549549,0.5070027276921742,0.8521419925710555,6.90004217949592,0.010050706265845708,ppf021_xy040_0
125,0,67.58558558558559,2.375529540809013,0.5740639662580046,1.776375709334513,0.0147960543854972,ppf021_xy046_0
126,11,67.1891891891892,3.366907141876478,0.6352805326479006,2.1626720367766885,0.01488334674175382,ppf021_xy046_0
127,22,66.990990990991,4.3708571208505544,0.6844240013884156,2.502805119286985,0.014927380311995695,ppf021_xy046_0
128,33,66.5945945945946,5.380609021917796,0.725981854699086,2.799307977457323,0.015016233766233766,ppf021_xy046_0
129,44,66.3963963963964,0.12001717938472399,0.7608233106126838,3.0652951644142155,0.015061058344640435,ppf021_xy046_0
130,55,66.5945945945946,1.1470601339184454,0.7850041216814346,3.272977530518409,0.015016233766233766,ppf021_xy046_0
131,66,66.7927927927928,2.173226937553261,0.7970493465732328,3.384232512296242,0.014971675209063933,ppf021_xy046_0
132,77,66.990990990991,3.2003370452955817,0.8040629170898974,3.4542728490054118,0.014927380311995695,ppf021_xy046_0
133,88,67.78378378378378,4.21558256012486,0.8065773914237053,3.5170461521432506,0.014752791068580543,ppf021_xy046_0
134,99,68.77477477477478,5.214943960882697,0.801665166029023,3.5251319129774794,0.014540214828399265,ppf021_xy046_0
135,110,115.94594594594595,2.968044187616695,0.6384569610342256,3.769458716741979,0.008624708624708625,ppf021_xy046_0
136,121,115.74774774774775,3.5528541765761075,0.6714396462956107,4.161852478980515,0.00863947696139477,ppf021_xy046_0
137,132,114.55855855855856,4.138719659785483,0.6839418287209367,4.273916581399565,0.008729160113243158,ppf021_xy046_0
138,143,112.18018018018019,4.744246325809045,0.70396069030851,4.4337695920249995,0.008914230645679408,ppf021_xy046_0
139,154,110.0,5.3641325032993805,0.7558432359139492,5.012060645848721,0.00909090909090909,ppf021_xy046_0
140,165,109.009009009009,5.972889182299777,0.8153360792299437,5.779574723960599,0.009173553719008265,ppf021_xy046_0
141,176,106.82882882882883,0.26769769377847374,0.8189875539849597,5.714829019652062,0.009360769101028841,ppf021_xy046_0
142,187,104.25225225225225,0.8479074228514262,0.847757126614658,5.975696269457892,0.009592118907708261,ppf021_xy046_0
143,198,97.90990990990991,1.3283932794216446,0.9281902472393572,6.727610241176151,0.01021347073978653,ppf021_xy046_0
144,209,94.54054054054055,1.9408924844216557,1.0096367497067005,7.686144615878946,0.010577472841623784,ppf021_xy046_0
145,220,92.75675675675676,2.6176298960744897,1.0724856199584578,8.50919901370811,0.01078088578088578,ppf021_xy046_0
146,231,92.95495495495496,3.35035107148163,1.0889912410338292,8.791874668151403,0.01075789881760031,ppf021_xy046_0
147,242,93.54954954954955,4.08541583628633,1.09604107726829,8.963044090300755,0.010689522342064715,ppf021_xy046_0
148,253,94.14414414414415,4.810793574813522,1.099593819079611,9.078582864609492,0.01062200956937799,ppf021_xy046_0
149,264,94.14414414414415,5.525090814433616,1.1011566106309219,9.104406972770459,0.01062200956937799,ppf021_xy046_0
150,275,95.53153153153153,6.244718361727589,1.0659080229763849,8.656580516565757,0.01046774801961524,ppf021_xy046_0
151,286,95.72972972972973,0.6703700677953568,1.0344886363919126,8.17068470367735,0.010446075663466968,ppf021_xy046_0
152,297,95.53153153153153,1.3813742169971668,0.9785778797103736,7.296216287577499,0.01046774801961524,ppf021_xy046_0
153,308,96.52252252252252,2.075204013398211,0.9210940739572274,6.531257552354169,0.010360276274033974,ppf021_xy046_0
154,319,97.90990990990991,2.7498217469707296,0.8695300505801736,5.904131374881548,0.01021347073978653,ppf021_xy046_0
155,330,98.30630630630631,3.4268918122621894,0.8185188105080766,5.252896910926723,0.010172287390029325,ppf021_xy046_0
156,0,100.28828828828829,3.3061459942749805,0.43859618842563913,1.7686781378823708,0.009971254042400287,ppf021_xy049_0
157,11,92.75675675675676,3.798159181827956,0.49541695535628744,2.087162049784818,0.01078088578088578,ppf021_xy049_0
158,22,91.17117117117117,4.511753931685966,0.596607734760079,2.9751178606232456,0.010968379446640317,ppf021_xy049_0
159,33,92.55855855855856,5.269244236478642,0.6632242575320901,3.732555460955295,0.010803971189410162,ppf021_xy049_0
160,44,93.35135135135135,6.0006823482250535,0.7006018457324324,4.200800392712485,0.010712217718587144,ppf021_xy049_0
161,55,95.53153153153153,0.4445464992264012,0.7137225577437243,4.461433963376071,0.01046774801961524,ppf021_xy049_0
162,66,93.54954954954955,1.160118267847953,0.7694545456943365,5.077810887686989,0.010689522342064715,ppf021_xy049_0
163,77,94.34234234234235,1.8882572245428444,0.8340328209620564,6.016470893041806,0.010599694423223834,ppf021_xy049_0
164,88,97.11711711711712,2.583923646605288,0.8948866047774034,7.1301830459505915,0.010296846011131726,ppf021_xy049_0
165,99,99.29729729729729,3.2611013594820584,0.9163487585044293,7.644127142674232,0.010070767555797496,ppf021_xy049_0
166,110,99.69369369369369,3.941367983458009,0.9240494593652815,7.804175084281344,0.010030724742454365,ppf021_xy049_0
167,121,100.28828828828829,4.629164480803368,0.9155752588052122,7.707387568015195,0.009971254042400287,ppf021_xy049_0
168,132,101.87387387387388,5.32607541003479,0.9008792699122435,7.579924685727805,0.009816059426954368,ppf021_xy049_0
169,143,101.27927927927928,5.979127972114009,0.885488966887483,7.280409257156843,0.009873687955879737,ppf021_xy049_0
170,154,99.49549549549549,0.35124901294440364,0.822931802704628,6.177318501792258,0.010050706265845708,ppf021_xy049_0
171,165,100.28828828828829,1.0381504822399135,0.7300122734276204,4.899812090012715,0.009971254042400287,ppf021_xy049_0
172,176,103.85585585585585,1.7102217559240962,0.686022092503064,4.481011672334972,0.009628730048577377,ppf021_xy049_0
173,187,105.04504504504504,2.347345496750538,0.6673157991734954,4.28851830840657,0.009519725557461407,ppf021_xy049_0
174,198,103.85585585585585,2.991542526532846,0.6318268943837335,3.800984405571916,0.009628730048577377,ppf021_xy049_0
175,209,103.65765765765765,3.639405484606522,0.5619063525130276,3.000531270901884,0.009647140622284027,ppf021_xy049_0
176,220,110.990990990991,4.179741241575731,0.4817075208642416,2.361149388220213,0.00900974025974026,ppf021_xy049_0
177,0,74.52252252252252,2.337817923061584,0.545510418034169,1.8267319401965199,0.013418762088974854,ppf021_xy050_0
178,11,75.31531531531532,3.2888265745465928,0.603482765359291,2.2594056971567653,0.013277511961722487,ppf021_xy050_0
179,22,75.31531531531532,4.196896925710813,0.6574020872576393,2.68118408765603,0.013277511961722487,ppf021_xy050_0
180,33,75.71171171171171,5.1251937911692735,0.7169262356205972,3.2054808692673573,0.013207996192289385,ppf021_xy050_0
181,44,76.70270270270271,6.052994485828432,0.7752423160177763,3.7972289656107723,0.013037350246652571,ppf021_xy050_0
182,55,77.4954954954955,0.6787211612817148,0.8218050724648923,4.311171224847888,0.012903975819576842,ppf021_xy050_0
183,66,77.8918918918919,1.5721099858517815,0.8645504638580033,4.7957233936803645,0.0128383067314365,ppf021_xy050_0
184,77,78.48648648648648,2.4640272197637216,0.9087262565380376,5.338782381604644,0.012741046831955923,ppf021_xy050_0
185,88,79.67567567567568,3.346137824838289,0.9563737625921942,6.0029156178511744,0.012550881953867029,ppf021_xy050_0
186,99,81.06306306306305,4.207758160441696,0.9929442537233136,6.5834557534647,0.012336074683262949,ppf021_xy050_0
187,110,82.05405405405406,5.054935017054368,1.0186607272724935,7.013589550529786,0.012187088274044794,ppf021_xy050_0
188,121,82.64864864864865,5.897173026061659,1.0500064031069258,7.505866388659615,0.01209941137998692,ppf021_xy050_0
189,132,83.63963963963964,0.4481411987799238,1.0844171943520065,8.101885859329695,0.011956053425247738,ppf021_xy050_0
190,143,85.02702702702703,1.2616149054418218,1.1198395528638547,8.783139429426377,0.011760966306420852,ppf021_xy050_0
191,154,86.41441441441441,2.060907681716803,1.1411238399336183,9.269000931698251,0.011572143452877399,ppf021_xy050_0
192,165,87.4054054054054,2.8522287839803315,1.1552190658458523,9.608335621952698,0.011440940012368584,ppf021_xy050_0
193,176,89.1891891891892,3.671127336321895,1.1622635401263615,9.924362562921786,0.011212121212121211,ppf021_xy050_0
194,187,89.98198198198199,4.443507458627842,1.17978164096501,10.316680941660747,0.011113336003203843,ppf021_xy050_0
195,198,90.57657657657657,5.203302390570435,1.1827189265532785,10.436627254163968,0.0110403819375373,ppf021_xy050_0
196,209,91.36936936936937,5.962986046783348,1.1761746076110673,10.411790074837892,0.01094458686649576,ppf021_xy050_0
197,220,92.55855855855856,0.4381211399451759,1.1734056535529416,10.497698916220273,0.010803971189410162,ppf021_xy050_0
198,231,92.75675675675676,1.169325011572011,1.153238240914983,10.16166333910834,0.01078088578088578,ppf021_xy050_0
199,242,93.35135135135135,1.9041962528515373,1.1143803907987744,9.549237818589031,0.010712217718587144,ppf021_xy050_0
200,253,94.34234234234235,2.633006494967308,1.0842082990499555,9.13509959544376,0.010599694423223834,ppf021_xy050_0
201,264,95.13513513513513,3.3449672687311547,1.0569020361580481,8.753698532547384,0.010511363636363636,ppf021_xy050_0
202,275,95.13513513513513,4.053706380316957,1.00893566338941,7.977173977181255,0.010511363636363636,ppf021_xy050_0
203,286,95.92792792792793,4.7596362252100235,0.9432543114610393,7.0304615751942015,0.010424492862509393,ppf021_xy050_0
204,297,98.50450450450451,5.428293495453889,0.8853749442408099,6.360506825866918,0.01015182001097494,ppf021_xy050_0
205,308,99.69369369369369,6.085924935393095,0.8417884336606257,5.819085961128323,0.010030724742454365,ppf021_xy050_0
206,319,99.89189189189189,0.471916488228315,0.780841972337722,5.016926232977614,0.010010822510822512,ppf021_xy050_0
207,0,68.77477477477478,2.6428699143111714,0.45550292231585504,1.141916856437145,0.014540214828399265,ppf021_xy051_0
208,11,68.37837837837839,3.622279271467847,0.5249085128344063,1.507679400914856,0.014624505928853754,ppf021_xy051_0
209,22,70.36036036036036,4.701769714296294,0.5919669604551057,1.973085763865076,0.014212548015364916,ppf021_xy051_0
210,33,72.34234234234233,5.732111876197767,0.6410352369941705,2.3789172971984924,0.013823163138231632,ppf021_xy051_0
211,44,72.93693693693695,0.40841331875236164,0.6846202650925672,2.735709592463808,0.013710474308300394,ppf021_xy051_0
212,55,73.72972972972974,1.3677815412461738,0.7403470121133012,3.233972107102067,0.013563049853372432,ppf021_xy051_0
213,66,76.30630630630631,2.3305040558322747,0.7999977042013244,3.9080569585391634,0.013105076741440376,ppf021_xy051_0
214,77,78.88288288288288,3.249368755693206,0.8422370417789368,4.477900319800606,0.01267702147099132,ppf021_xy051_0
215,88,80.07207207207207,4.128025023569423,0.8740032065049658,4.894745220061552,0.012488748874887488,ppf021_xy051_0
216,99,80.66666666666666,4.992001665875716,0.9098359455604488,5.34371471993675,0.012396694214876035,ppf021_xy051_0
217,110,81.85585585585585,5.8445488418709175,0.9646471099350314,6.09550456122691,0.012216596962359674,ppf021_xy051_0
218,121,84.63063063063063,0.3869890382217392,1.0210591049411957,7.06077404468153,0.011816052799659357,ppf021_xy051_0
219,132,86.41441441441441,1.1859226466215531,1.0504510805416822,7.630637587117792,0.011572143452877399,ppf021_xy051_0
220,143,88.1981981981982,2.0163332181372735,1.081433585146967,8.254340705552522,0.011338100102145046,ppf021_xy051_0
221,154,88.7927927927928,2.7930185912609127,1.1044720418092417,8.667825139293255,0.011262175324675324,ppf021_xy051_0
222,165,90.18018018018019,3.586973699554169,1.0755640919499296,8.348465562697237,0.011088911088911088,ppf021_xy051_0
223,176,91.17117117117117,4.355097141333397,1.0762038482408998,8.450250567837296,0.010968379446640317,ppf021_xy051_0
224,187,91.96396396396396,5.105820155289188,1.0801472196448283,8.586309890340576,0.010873824451410658,ppf021_xy051_0
225,198,92.16216216216216,5.84579782936343,1.037523823488316,7.939109321859831,0.010850439882697948,ppf021_xy051_0
226,209,93.35135135135135,0.305571960735257,0.9956749365413403,7.405915135855319,0.010712217718587144,ppf021_xy051_0
227,220,94.14414414414415,1.0259038793140323,0.967918342004148,7.058196145694333,0.01062200956937799,ppf021_xy051_0
228,231,91.96396396396396,1.7561985550193977,0.9078330652789997,6.065305043310339,0.010873824451410658,ppf021_xy051_0
229,242,91.17117117117117,2.5053920333279476,0.824230946589221,4.956536842087976,0.010968379446640317,ppf021_xy051_0
230,253,93.74774774774775,3.2052299366199852,0.7524969023474631,4.248085486040206,0.010666922929079376,ppf021_xy051_0
231,0,71.54954954954955,2.151388674263397,0.5673537195614109,2.0184734829578606,0.013976328380760513,ppf021_xy052_0
232,11,70.95495495495496,3.083278713688348,0.6304191603186347,2.4714388460026004,0.01409344845099035,ppf021_xy052_0
233,22,71.35135135135135,4.061488181394198,0.6903239550241247,2.980001088381852,0.014015151515151515,ppf021_xy052_0
234,33,71.74774774774775,5.026152505088166,0.7411548274239952,3.45409666579358,0.013937719738824711,ppf021_xy052_0
235,44,71.94594594594594,5.984170709149566,0.7845368159368571,3.880979204781698,0.013899323816679191,ppf021_xy052_0
236,55,72.34234234234233,0.6610842610187454,0.8233488651183236,4.298022458618023,0.013823163138231632,ppf021_xy052_0
237,66,73.13513513513513,1.615871552840467,0.856532808713734,4.702430715930146,0.013673318551367332,ppf021_xy052_0
238,77,74.12612612612612,2.556240447076929,0.8795363889978253,5.025592375893159,0.013490520175012155,ppf021_xy052_0
239,88,74.91891891891892,3.485032475878048,0.8971336251333705,5.2846241203697835,0.013347763347763348,ppf021_xy052_0
240,99,75.71171171171171,4.403977320308252,0.9163723102899568,5.5720539419376385,0.013207996192289385,ppf021_xy052_0
241,110,77.0990990990991,5.307540811065212,0.9373762994933947,5.93725322793774,0.012970320168263612,ppf021_xy052_0
242,121,78.68468468468468,6.192785528997597,0.9542390272947582,6.279323964132209,0.012708953514998855,ppf021_xy052_0
243,132,79.87387387387388,0.7819735013431071,0.9697475663730528,6.5831003679372975,0.012519738326189939,ppf021_xy052_0
244,143,81.06306306306305,1.6456020528574498,0.9850274461213783,6.893313095972798,0.012336074683262949,ppf021_xy052_0
245,154,82.25225225225225,2.497653306524337,1.0132503463037341,7.400987181384286,0.012157721796276014,ppf021_xy052_0
246,165,83.63963963963964,3.332526142161158,1.0444444215095836,7.9963381958007185,0.011956053425247738,ppf021_xy052_0
247,176,85.22522522522522,4.15309460385815,1.0701092366581892,8.553280497269293,0.011733615221987317,ppf021_xy052_0
248,187,87.009009009009,4.994327669344505,1.0961208185562226,9.161981416716651,0.011493062745910127,ppf021_xy052_0
249,198,88.0,5.792083407591874,1.1283712792509504,9.819628337866087,0.011363636363636364,ppf021_xy052_0
250,209,88.5945945945946,0.2905580248002184,1.1460223335330915,10.197687966904235,0.011287370347773032,ppf021_xy052_0
251,220,90.18018018018019,1.089251892028196,1.1515553321458247,10.480670114095199,0.011088911088911088,ppf021_xy052_0
252,231,90.77477477477477,1.8530381593855427,1.1670448814531684,10.835491804033177,0.011016276300119095,ppf021_xy052_0
253,242,91.17117117117117,2.6039405456194253,1.1694103295455112,10.926969143362253,0.010968379446640317,ppf021_xy052_0
254,253,91.36936936936937,3.353812286576479,1.1611626791818164,10.796800993282545,0.01094458686649576,ppf021_xy052_0
255,264,92.36036036036036,4.1023758352136195,1.1440469539257592,10.594528864469783,0.010827155676941085,ppf021_xy052_0
256,275,92.55855855855856,4.840685368891198,1.1258616058358044,10.282410364505495,0.010803971189410162,ppf021_xy052_0
257,286,92.75675675675676,5.575426803852654,1.080925960948501,9.49829779796592,0.01078088578088578,ppf021_xy052_0
258,297,93.54954954954955,0.024958425142122292,1.0330199401760902,8.749181815519918,0.010689522342064715,ppf021_xy052_0
259,308,93.74774774774775,0.749316807758941,0.9952833865417573,8.138843244016948,0.010666922929079376,ppf021_xy052_0
260,319,93.35135135135135,1.4782436905392338,0.9441241817068791,7.29268043680769,0.010712217718587144,ppf021_xy052_0
261,330,93.35135135135135,2.207257110562945,0.8733220782327827,6.23990273168993,0.010712217718587144,ppf021_xy052_0
262,341,94.73873873873875,2.8990892844387224,0.8093831190382995,5.439315055687962,0.010555344237352604,ppf021_xy052_0
263,0,119.11711711711712,4.809127599739232,0.7117124691041852,3.405375062203033,0.008395099077295416,ppf021_xy054_0
264,11,115.35135135135135,5.300003805560676,0.7664875096112609,3.824850624767429,0.00866916588566073,ppf021_xy054_0
265,22,112.77477477477477,5.847032909821885,0.8476470816919265,4.573237317731166,0.00886723118709059,ppf021_xy054_0
266,33,112.77477477477477,0.16340567791203467,0.9281019621113819,5.48258000688717,0.00886723118709059,ppf021_xy054_0
267,44,113.17117117117117,0.7637594428315344,0.9832448682223714,6.175054785619775,0.008836172583983443,ppf021_xy054_0
268,55,111.98198198198199,1.3477690295711733,1.0253340737898258,6.64447325846923,0.008930008045052293,ppf021_xy054_0
269,66,110.0,1.9425501292310146,1.0799957872312829,7.241331608631591,0.00909090909090909,ppf021_xy054_0
270,77,109.2072072072072,2.5622797652818807,1.1550594608236313,8.223214373744433,0.009156904801187924,ppf021_xy054_0
271,88,109.2072072072072,3.1809415723484866,1.2068178150454387,8.976692614408297,0.009156904801187924,ppf021_xy054_0
272,99,109.009009009009,3.799501305259772,1.2378120218745596,9.426563819950228,0.009173553719008265,ppf021_xy054_0
273,110,108.61261261261261,4.424574671006529,1.260493211709424,9.739640138152776,0.009207033842070339,ppf021_xy054_0
274,121,107.81981981981983,5.057639362430498,1.288991975317032,10.110686789842779,0.009274732620320855,ppf021_xy054_0
275,132,107.42342342342343,5.695658467782473,1.3503678363201164,11.055662869382834,0.009308956725930895,ppf021_xy054_0
276,143,108.21621621621621,0.03610481876535931,1.40125421786066,11.99244784521369,0.009240759240759242,ppf021_xy054_0
277,154,108.61261261261261,0.6592477271042886,1.4172087999705665,12.312027282852272,0.009207033842070339,ppf021_xy054_0
278,165,108.61261261261261,1.2863898463756755,1.421696078785279,12.39011734791365,0.009207033842070339,ppf021_xy054_0
279,176,108.21621621621621,1.9092250448712793,1.4227691223255567,12.363539917433062,0.009240759240759242,ppf021_xy054_0
280,187,107.42342342342343,2.525100629634286,1.4031597992885156,11.93699147588533,0.009308956725930895,ppf021_xy054_0
281,198,106.82882882882883,3.1534738060077103,1.3625612120108401,11.193918449487832,0.009360769101028841,ppf021_xy054_0
282,209,107.02702702702703,3.798144007612681,1.3025185531910883,10.248089889566659,0.009343434343434343,ppf021_xy054_0
283,220,107.81981981981983,4.4427255889440636,1.2724163342435468,9.852324349607757,0.009274732620320855,ppf021_xy054_0
284,231,108.01801801801803,5.073975621011176,1.255079439719738,9.603294836611948,0.009257714762301918,ppf021_xy054_0
285,242,107.81981981981983,5.700087741039813,1.2268807936326536,9.159778363024207,0.009274732620320855,ppf021_xy054_0
286,253,107.42342342342343,0.045622557650387904,1.1708490541758807,8.311557915628809,0.009308956725930895,ppf021_xy054_0
287,264,108.01801801801803,0.680231338176804,1.0966130792040711,7.33136218312374,0.009257714762301918,ppf021_xy054_0
288,275,109.8018018018018,1.297208839835337,1.0447348791180808,6.763995079403299,0.009107318674105677,ppf021_xy054_0
289,286,110.5945945945946,1.9057625183708018,1.00832020741539,6.346181235156362,0.009042033235581623,ppf021_xy054_0
290,297,109.8018018018018,2.5218620714240716,0.954314907589535,5.6438376308229765,0.009107318674105677,ppf021_xy054_0
291,308,109.2072072072072,3.1488532671206215,0.8769426607327804,4.7399670685098325,0.009156904801187924,ppf021_xy054_0
292,319,111.1891891891892,3.7362315503834576,0.7920211495094989,3.9365679187288456,0.00899368011667477,ppf021_xy054_0
293,330,114.95495495495496,4.2631734488108535,0.734495683319681,3.5001593689854955,0.008699059561128526,ppf021_xy054_0
294,0,143.4954954954955,4.783207450951784,0.5703006929569641,2.585053480469066,0.0069688598694123555,ppf021_xy055_0
295,11,144.0900900900901,5.25918714135931,0.6309564996442648,3.17728677760163,0.006940102538451919,ppf021_xy055_0
296,22,143.4954954954955,5.705396504595667,0.6707166971969835,3.575526242435666,0.0069688598694123555,ppf021_xy055_0
297,33,140.72072072072072,6.124284273504393,0.7047477674832,3.871229636266335,0.007106274007682458,ppf021_xy055_0
298,44,135.36936936936937,0.24654399072668617,0.7564338681275508,4.290281633552864,0.007387195527751897,ppf021_xy055_0
299,55,132.1981981981982,0.7125529404572744,0.8348229087785622,5.103142761567402,0.007564399618372631,ppf021_xy055_0
300,66,131.40540540540542,1.2100589067051628,0.8883813905584109,5.744280000482134,0.007610037021801727,ppf021_xy055_0
301,77,130.4144144144144,1.7102982892474152,0.9216394261866585,6.135799376157721,0.007667864050842774,ppf021_xy055_0
302,88,126.64864864864865,2.203431188277148,0.9546015881363538,6.39246458773532,0.007895860008536065,ppf021_xy055_0
303,99,122.48648648648648,2.7248996677588426,1.0185325641567027,7.038197994762061,0.008164165931156223,ppf021_xy055_0
304,110,121.29729729729729,3.2774738893608863,1.0898949882871172,7.980753569665919,0.00824420677361854,ppf021_xy055_0
305,121,121.29729729729729,3.8318223876568274,1.1435633793203048,8.786078282965642,0.00824420677361854,ppf021_xy055_0
306,132,120.70270270270271,4.384402899137006,1.172027654098959,9.183668066874702,0.008284818629646215,ppf021_xy055_0
307,143,118.91891891891892,4.952190860598523,1.1976232942017284,9.447456200899596,0.00840909090909091,ppf021_xy055_0
308,154,117.13513513513513,5.534837846465066,1.241131010255262,9.994150890541095,0.00853714813105676,ppf021_xy055_0
309,165,116.34234234234235,6.120460368530648,1.3029765521467802,10.940431961875502,0.008595322905374013,ppf021_xy055_0
310,176,116.14414414414415,0.41833877753269044,1.3329854565896995,11.430667864075982,0.008609990691901954,ppf021_xy055_0
311,187,114.75675675675676,0.9866217307999355,1.3654212371405225,11.85045534440144,0.008714083843617522,ppf021_xy055_0
312,198,114.55855855855856,1.586368307151866,1.3689459509768311,11.891143199101526,0.008729160113243158,ppf021_xy055_0
313,209,113.17117117117117,2.168021903130878,1.364578768600828,11.6723014591811,0.008836172583983443,ppf021_xy055_0
314,220,112.37837837837839,2.7646617494795636,1.346942645109166,11.292872708276562,0.008898508898508899,ppf021_xy055_0
315,231,111.58558558558559,3.3729083098796226,1.3081794304624288,10.57708987499739,0.008961730986597772,ppf021_xy055_0
316,242,111.38738738738739,3.988084740582462,1.292297665959935,10.303495909966212,0.008977677127143318,ppf021_xy055_0
317,253,110.990990990991,4.60135976667323,1.2804672147453187,10.079711942004426,0.00900974025974026,ppf021_xy055_0
318,264,109.4054054054054,5.210039685068934,1.2666926032632713,9.723099148869915,0.009140316205533598,ppf021_xy055_0
319,275,107.62162162162163,5.829829360125508,1.2290332299786342,9.004306045743848,0.009291813159216473,ppf021_xy055_0
320,286,106.82882882882883,0.18178297119266335,1.1783725131571958,8.216316113134035,0.009360769101028841,ppf021_xy055_0
321,297,106.23423423423424,0.830744275586919,1.0901582727131196,6.993056979327777,0.009413161465400272,ppf021_xy055_0
322,308,107.02702702702703,1.4619659058285215,1.0423926136396169,6.441389752755751,0.009343434343434343,ppf021_xy055_0
323,319,107.62162162162163,2.081265172867516,1.0015039853217051,5.978997348876915,0.009291813159216473,ppf021_xy055_0
324,330,107.62162162162163,2.7066937947301852,0.9540220143243529,5.425500273993087,0.009291813159216473,ppf021_xy055_0
325,341,106.82882882882883,3.3494646683923994,0.884618480847504,4.63045799638249,0.009360769101028841,ppf021_xy055_0
326,0,124.86486486486487,1.4851431266264785,0.4906764477534818,2.031039918221126,0.008008658008658008,ppf021_xy056_0
327,11,116.73873873873875,1.8442251271042576,0.5371106123047973,2.2752558832214267,0.008566136749498379,ppf021_xy056_0
328,22,112.77477477477477,2.343931497449397,0.6170167102386889,2.9006384715823432,0.00886723118709059,ppf021_xy056_0
329,33,111.78378378378379,2.9140871001858257,0.6804272863743831,3.496471810332937,0.008945841392649903,ppf021_xy056_0
330,44,110.7927927927928,3.488197518330776,0.7285324616641999,3.972803710349393,0.009025857863067165,ppf021_xy056_0
331,55,108.61261261261261,4.050801957806761,0.7746090736322152,4.402843036714393,0.009207033842070339,ppf021_xy056_0
332,66,106.03603603603604,4.634685948622842,0.8410491097289303,5.067385886562249,0.009430756159728122,ppf021_xy056_0
333,77,105.24324324324324,5.261740562244584,0.9186896844861844,6.000945541066056,0.009501797637390858,ppf021_xy056_0
334,88,104.84684684684684,5.893384153250983,0.9737420639322771,6.716314417015087,0.009537721257948101,ppf021_xy056_0
335,99,103.85585585585585,0.24131021350426116,1.0171915120572466,7.259792815294395,0.009628730048577377,ppf021_xy056_0
336,110,102.07207207207207,0.8845218496308688,1.072492164538332,7.932004823094056,0.009796999117387467,ppf021_xy056_0
337,121,101.47747747747748,1.5516991659696808,1.1422715594223405,8.945326013031801,0.009854403409090908,ppf021_xy056_0
338,132,101.67567567567568,2.218883530563093,1.199901976558828,9.890002176737768,0.009835194045720362,ppf021_xy056_0
339,143,101.67567567567568,2.8844573005351104,1.235015004444921,10.47729851026517,0.009835194045720362,ppf021_xy056_0
340,154,101.27927927927928,3.5537493004576044,1.2624414947882172,10.905131485206526,0.009873687955879737,ppf021_xy056_0
341,165,100.68468468468468,4.234367095728475,1.302382071500516,11.537933064249044,0.009931997136721547,ppf021_xy056_0
342,176,100.88288288288288,4.913826559291604,1.3424457570943957,12.282839025099513,0.009912484372209323,ppf021_xy056_0
343,187,100.28828828828829,5.578582154961248,1.36986483452135,12.714328723419445,0.009971254042400287,ppf021_xy056_0
344,198,99.49549549549549,6.246191513741166,1.3800306201914039,12.801729521593268,0.010050706265845708,ppf021_xy056_0
345,209,99.69369369369369,0.6506074531789946,1.3779444248627133,12.788478381525449,0.010030724742454365,ppf021_xy056_0
346,220,99.29729729729729,1.3350050664306188,1.3488938267728532,12.206207393842229,0.010070767555797496,ppf021_xy056_0
347,231,99.69369369369369,2.0297817547116783,1.3146334620136397,11.640317720123416,0.010030724742454365,ppf021_xy056_0
348,242,99.89189189189189,2.718441561995312,1.2983638659591252,11.376557385122954,0.010010822510822512,ppf021_xy056_0
349,253,99.89189189189189,3.399550672025745,1.2780831203891776,11.023924225504427,0.010010822510822512,ppf021_xy056_0
350,264,99.29729729729729,4.0815852296664925,1.2379722411584417,10.28127614043796,0.010070767555797496,ppf021_xy056_0
351,275,99.0990990990991,4.773154847003644,1.171218164376503,9.184025637194347,0.01009090909090909,ppf021_xy056_0
352,286,99.89189189189189,5.461642038459821,1.1193665013395895,8.45595440963504,0.010010822510822512,ppf021_xy056_0
353,297,100.48648648648648,6.13523412886741,1.081177336970611,7.935774367349955,0.009951586874663798,ppf021_xy056_0
354,308,100.28828828828829,0.5317816941382788,1.0376346532643916,7.295027541001769,0.009971254042400287,ppf021_xy056_0
355,319,99.69369369369369,1.2212190356613406,0.967243295166315,6.301253120228421,0.010030724742454365,ppf021_xy056_0
356,330,100.48648648648648,1.891098690262769,0.8943138831138028,5.429694430957358,0.009951586874663798,ppf021_xy056_0
357,341,101.87387387387388,2.5316927697521674,0.8366263973555355,4.8174113372696,0.009816059426954368,ppf021_xy056_0
358,0,88.1981981981982,3.0110099201716856,0.6099798944273914,2.2243930133525747,0.011338100102145046,ppf021_xy057_0
359,11,88.1981981981982,3.792257148073433,0.6703321529577007,2.6863375558481963,0.011338100102145046,ppf021_xy057_0
360,22,88.5945945945946,4.589062140170685,0.7274190523274855,3.1775861736778404,0.011287370347773032,ppf021_xy057_0
361,33,88.7927927927928,5.372414825577014,0.7828434998858494,3.6884880793222456,0.011262175324675324,ppf021_xy057_0
362,44,89.38738738738739,6.166111434673557,0.8347441622320958,4.2218596660861705,0.011187260632936907,ppf021_xy057_0
363,55,89.98198198198199,0.6681395844103395,0.8842425259375932,4.768909913825874,0.011113336003203843,ppf021_xy057_0
364,66,90.97297297297297,1.4544439144139283,0.9297050690553418,5.329955139696577,0.010992275698158051,ppf021_xy057_0
365,77,91.76576576576576,2.226849031321251,0.9727082530864198,5.885273672987279,0.010897310033379149,ppf021_xy057_0
366,88,92.55855855855856,2.990265226814817,1.012538175396665,6.432209239140082,0.010803971189410162,ppf021_xy057_0
367,99,93.35135135135135,3.746112857371811,1.0504805176948673,6.982603508118816,0.010712217718587144,ppf021_xy057_0
368,110,94.14414414414415,4.493692455512228,1.0879589358170467,7.5533409228388235,0.01062200956937799,ppf021_xy057_0
369,121,94.93693693693693,5.232620302567355,1.1236853905640367,8.125413153629816,0.010533308028088823,ppf021_xy057_0
370,132,95.92792792792793,5.967078050531813,1.1554403731714953,8.68082315889082,0.010424492862509393,ppf021_xy057_0
371,143,96.52252252252252,0.4062651703605373,1.1871742576598276,9.221007462690455,0.010360276274033974,ppf021_xy057_0
372,154,97.31531531531532,1.1261189159881486,1.216930767463314,9.768631012622572,0.010275874837992964,ppf021_xy057_0
373,165,97.90990990990991,1.8369938314831875,1.2478574374662255,10.334211915736839,0.01021347073978653,ppf021_xy057_0
374,176,98.70270270270271,2.542667182569348,1.2768211749794696,10.907116857463768,0.01013143483023001,ppf021_xy057_0
375,187,99.49549549549549,3.2424905523066037,1.3019249276615221,11.431311845098008,0.010050706265845708,ppf021_xy057_0
376,198,100.09009009009009,3.935864912467962,1.3249139973044497,11.9093271403902,0.009990999099909992,ppf021_xy057_0
377,209,100.68468468468468,4.625500156754638,1.3456349357260564,12.357729665315095,0.009931997136721547,ppf021_xy057_0
378,220,101.08108108108108,5.309676980799002,1.3666420401911115,12.796765127947046,0.009893048128342246,ppf021_xy057_0
379,231,101.67567567567568,5.989701992412982,1.38717474257965,13.261729973680922,0.009835194045720362,ppf021_xy057_0
380,242,102.46846846846847,0.3819649811063851,1.4033283415262332,13.678220676214766,0.009759099701072622,ppf021_xy057_0
381,253,102.86486486486487,1.0535176804491444,1.4179402897783204,14.018569981889444,0.009721492380451918,ppf021_xy057_0
382,264,103.26126126126127,1.7221145903045483,1.429867765207235,14.310339756116528,0.009684173791659395,ppf021_xy057_0
383,275,103.85585585585585,2.390723826720349,1.439929310394169,14.596008296042399,0.009628730048577377,ppf021_xy057_0
384,286,104.25225225225225,3.053683261058418,1.449032521203183,14.837559715676893,0.009592118907708261,ppf021_xy057_0
385,297,104.64864864864865,3.7133759083365105,1.455354332598954,15.024218092716994,0.009555785123966943,ppf021_xy057_0
386,308,105.04504504504504,4.373611985860223,1.4559522628592743,15.093522675419567,0.009519725557461407,ppf021_xy057_0
387,319,105.44144144144144,5.031014087506305,1.4585826620589972,15.20527210624118,0.009483937115516063,ppf021_xy057_0
388,330,105.83783783783784,5.683065872493718,1.4598908222051534,15.289823923168878,0.009448416751787538,ppf021_xy057_0
389,341,106.03603603603604,0.0485925583769422,1.4571291906608699,15.26055644129443,0.009430756159728122,ppf021_xy057_0
390,352,106.43243243243244,0.69614430114224,1.4484657723477659,15.136003882756954,0.009395632300660234,ppf021_xy057_0
391,363,106.82882882882883,1.3414313138005107,1.4396154243135848,15.007288029248123,0.009360769101028841,ppf021_xy057_0
392,374,107.22522522522523,1.9821473953706361,1.4287894032243251,14.837276042925458,0.009326163669971433,ppf021_xy057_0
393,385,107.42342342342343,2.6198698543559593,1.4123622060763679,14.524859234459337,0.009308956725930895,ppf021_xy057_0
394,396,107.62162162162163,3.2575955459352204,1.3891347999846382,14.076966673275784,0.009291813159216473,ppf021_xy057_0
395,407,108.01801801801803,3.891569951653119,1.36598927719527,13.66191418780567,0.009257714762301918,ppf021_xy057_0
396,418,108.41441441441441,4.520933188845328,1.3408568695716327,13.21212395255483,0.00922386571381087,ppf021_xy057_0
397,429,108.8108108108108,5.145601002894793,1.3106627514650047,12.669944985806703,0.009190263288623945,ppf021_xy057_0
398,440,109.009009009009,5.770172995980567,1.2738830574216886,11.990637760365074,0.009173553719008265,ppf021_xy057_0
399,451,109.6036036036036,0.10510057831892447,1.228073309130518,11.204544010673242,0.009123787604800263,ppf021_xy057_0
400,462,110.3963963963964,0.715319122457161,1.1828217696515928,10.469218976967435,0.009058266688428268,ppf021_xy057_0
401,473,110.990990990991,1.3213359035071457,1.13743249318126,9.733292140514795,0.00900974025974026,ppf021_xy057_0
402,484,111.58558558558559,1.9196622246264803,1.0855078684685149,8.912403017382957,0.008961730986597772,ppf021_xy057_0
403,495,112.18018018018019,2.5153926987576023,1.0265304843688803,8.012731746303677,0.008914230645679408,ppf021_xy057_0
404,506,113.36936936936937,3.0938268212781774,0.9635224589969623,7.134116278919587,0.008820724729815639,ppf021_xy057_0
405,517,114.75675675675676,3.6519635051725796,0.9059673165599519,6.384458893589053,0.008714083843617522,ppf021_xy057_0
406,528,116.14414414414415,4.197800760734881,0.848905526614671,5.673313834707625,0.008609990691901954,ppf021_xy057_0
407,11,71.74774774774775,3.7654876200073946,0.46005527988453215,1.217766957875321,0.013937719738824711,ppf021_xy059_0
408,22,71.15315315315316,4.693055972876478,0.51339609572101,1.5039560624666277,0.014054190934413775,ppf021_xy059_0
409,33,70.75675675675676,5.640867339959635,0.5648131792737819,1.81014529931774,0.014132925897631779,ppf021_xy059_0
410,44,70.75675675675676,0.3284678742127446,0.6119995271511477,2.1252301386601142,0.014132925897631779,ppf021_xy059_0
411,55,70.95495495495496,1.3051471348950385,0.6545561467829671,2.437880506124303,0.01409344845099035,ppf021_xy059_0
412,66,71.35135135135135,2.2826705474748463,0.6918385863885718,2.7387200341998894,0.014015151515151515,ppf021_xy059_0
413,77,71.94594594594594,3.2565312928055117,0.7237564259653628,3.022226903418874,0.013899323816679191,ppf021_xy059_0
414,88,72.54054054054055,4.219108703227748,0.7517344328377992,3.2873469997680997,0.013785394932935915,ppf021_xy059_0
415,99,73.53153153153153,5.175534494557209,0.7745504653228537,3.537601626001032,0.013599607939230582,ppf021_xy059_0
416,110,74.72072072072072,6.118739283459462,0.7940900179713848,3.7784736739345055,0.013383168555582348,ppf021_xy059_0
417,121,75.90990990990991,0.7614787161047575,0.8123586810222388,4.0172605726378166,0.013173510562544505,ppf021_xy059_0
418,132,77.29729729729729,1.6713831368948955,0.829096054059934,4.260983772988763,0.012937062937062939,ppf021_xy059_0
419,143,78.88288288288288,2.563594889297826,0.8451530747691617,4.518449164831363,0.01267702147099132,ppf021_xy059_0
420,154,81.06306306306305,3.4407211883898863,0.8596495884557459,4.803986785172322,0.012336074683262949,ppf021_xy059_0
421,165,83.63963963963964,4.301037168635011,0.8758143144741617,5.144842759064572,0.011956053425247738,ppf021_xy059_0
422,176,87.2072072072072,5.15764977865907,0.8942515077987943,5.592520896563226,0.011466942148760331,ppf021_xy059_0
423,187,92.55855855855856,6.048897069821453,0.9159390214220576,6.227096277682567,0.010803971189410162,ppf021_xy059_0
424,198,98.90090090090091,0.6920925698618919,0.9464672793674015,7.104725962228391,0.010111131353616323,ppf021_xy059_0
425,209,100.88288288288288,1.4453820505071577,0.9988609120275024,8.071669963034047,0.009912484372209323,ppf021_xy059_0
426,220,101.87387387387388,2.15135288972155,1.051781539098593,9.037530655618346,0.009816059426954368,ppf021_xy059_0
427,231,102.66666666666667,2.8426303693917947,1.1011652159331873,9.983212261967655,0.00974025974025974,ppf021_xy059_0
428,242,103.26126126126127,3.522988438027285,1.1482196981715398,10.917502155717367,0.009684173791659395,ppf021_xy059_0
429,253,103.85585585585585,4.197839431157883,1.193003266681756,11.853596224920201,0.009628730048577377,ppf021_xy059_0
430,264,104.45045045045045,4.866690908231675,1.234637583256153,12.768067742477031,0.009573917543557013,ppf021_xy059_0
431,275,105.04504504504504,5.530629354955029,1.271820312293484,13.625829808361052,0.009519725557461407,ppf021_xy059_0
432,286,105.63963963963964,6.190650603182683,1.3049426313610542,14.425989929095252,0.009466143612485076,ppf021_xy059_0
433,297,106.03603603603604,0.5613607421673145,1.3360816459582148,15.17942619755077,0.009430756159728122,ppf021_xy059_0
434,308,106.43243243243244,1.211626310140863,1.3628868822217812,15.853658010355925,0.009395632300660234,ppf021_xy059_0
435,319,106.82882882882883,1.8589829205040505,1.3875270818612542,16.49328938430562,0.009360769101028841,ppf021_xy059_0
436,330,107.22522522522523,2.5019630925534866,1.4093351194303856,17.078958788995003,0.009326163669971433,ppf021_xy059_0
437,341,107.42342342342343,3.141508738973288,1.4269374040678007,17.540610617112996,0.009308956725930895,ppf021_xy059_0
438,352,107.62162162162163,3.7791278671596547,1.4393663844211286,17.880436555135088,0.009291813159216473,ppf021_xy059_0
439,363,108.01801801801803,4.416518914884585,1.4492601275223091,18.19385658439209,0.009257714762301918,ppf021_xy059_0
440,374,108.41441441441441,5.05056874357267,1.4553754125129976,18.415052881207426,0.00922386571381087,ppf021_xy059_0
441,385,108.61261261261261,5.682596350499399,1.457245711689537,18.49616569400219,0.009207033842070339,ppf021_xy059_0
442,396,108.8108108108108,0.030227332036565666,1.4548299445283857,18.468532342257877,0.009190263288623945,ppf021_xy059_0
443,407,109.2072072072072,0.65883354947601,1.4482554505335958,18.368661839049015,0.009156904801187924,ppf021_xy059_0
444,418,109.2072072072072,1.2866050897293662,1.436980601515786,18.083770490583163,0.009156904801187924,ppf021_xy059_0
445,429,109.4054054054054,1.912497426777337,1.4198086397546055,17.68618989899576,0.009140316205533598,ppf021_xy059_0
446,440,109.8018018018018,2.53639167859007,1.3971963708621666,17.189381065441438,0.009107318674105677,ppf021_xy059_0
447,451,110.0,3.15950045347686,1.3727040023924812,16.62196486197211,0.00909090909090909,ppf021_xy059_0
448,462,110.0,3.782170605709374,1.3424126161482233,15.89646690025002,0.00909090909090909,ppf021_xy059_0
449,473,110.0,4.405256952410205,1.3075854521462391,15.082339768486323,0.00909090909090909,ppf021_xy059_0
450,484,110.1981981981982,5.026504495060769,1.2664985120804204,14.17489126931054,0.00907455853499019,ppf021_xy059_0
451,495,110.5945945945946,5.640800786895315,1.2232876657602276,13.27171263100307,0.009042033235581623,ppf021_xy059_0
452,506,110.5945945945946,6.260997044623109,1.1787103441877653,12.322078337950797,0.009042033235581623,ppf021_xy059_0
453,517,110.7927927927928,0.5917102759063563,1.127295467081225,11.290752983545444,0.009025857863067165,ppf021_xy059_0
454,528,110.990990990991,1.2061721802363445,1.0711971197110615,10.213213164953485,0.00900974025974026,ppf021_xy059_0
455,539,111.38738738738739,1.8135854058412848,1.014970125313401,9.201919109075389,0.008977677127143318,ppf021_xy059_0
456,550,111.98198198198199,2.410622424506301,0.9574533636455362,8.232263881922018,0.008930008045052293,ppf021_xy059_0
457,561,112.18018018018019,3.0162712739069533,0.8993722962666629,7.276642177990432,0.008914230645679408,ppf021_xy059_0
458,572,112.57657657657657,3.6122229989321752,0.8359935450706748,6.309424689107137,0.008882842509603073,ppf021_xy059_0
459,583,113.36936936936937,4.190817344911258,0.7738589758363915,5.444465550266362,0.008820724729815639,ppf021_xy059_0
460,0,111.98198198198199,5.161911142948599,0.6802244812707903,3.278092246106194,0.008930008045052293,ppf021_xy060_2
461,11,110.0,5.731364385877408,0.7595923473222161,4.015340238392723,0.00909090909090909,ppf021_xy060_2
462,22,110.990990990991,0.08535736101960296,0.8434719735653107,4.995713762120003,0.00900974025974026,ppf021_xy060_2
463,33,111.98198198198199,0.7087518927907376,0.8997301924921122,5.735103279209532,0.008930008045052293,ppf021_xy060_2
464,44,111.1891891891892,1.301318317494325,0.9434402894512876,6.2612335726223405,0.00899368011667477,ppf021_xy060_2
465,55,110.0,1.9028143088953,0.9911606473332233,6.836743570222034,0.00909090909090909,ppf021_xy060_2
466,66,109.2072072072072,2.525121020233695,1.0712283969141068,7.928370899497141,0.009156904801187924,ppf021_xy060_2
467,77,109.009009009009,3.144135671557215,1.1144160947992319,8.564966079633134,0.009173553719008265,ppf021_xy060_2
468,88,109.8018018018018,3.7655606580563474,1.1519074070325488,9.217499293263762,0.009107318674105677,ppf021_xy060_2
469,99,110.1981981981982,4.380342065541504,1.1746172117595834,9.619128327599398,0.00907455853499019,ppf021_xy060_2
470,110,109.6036036036036,5.005602382035361,1.2018296088912743,10.015649926206338,0.009123787604800263,ppf021_xy060_2
471,121,109.2072072072072,5.632664847212201,1.2353897616882648,10.544543939853234,0.009156904801187924,ppf021_xy060_2
472,132,110.0,6.2515855237850815,1.2868244564668743,11.52390851733447,0.00909090909090909,ppf021_xy060_2
473,143,111.1891891891892,0.5720340471354424,1.3178700292645136,12.217327916664498,0.00899368011667477,ppf021_xy060_2
474,154,111.58558558558559,1.1822878876023628,1.3236818416769358,12.36926300019995,0.008961730986597772,ppf021_xy060_2
475,165,111.38738738738739,1.8019743826181418,1.3284470489365523,12.4363523700765,0.008977677127143318,ppf021_xy060_2
476,176,110.990990990991,2.408357951411025,1.31562098072016,12.15396034172304,0.00900974025974026,ppf021_xy060_2
477,187,110.3963963963964,3.018503274250542,1.269834506308569,11.26205516552819,0.009058266688428268,ppf021_xy060_2
478,198,110.7927927927928,3.642101438193625,1.2322848435778806,10.643935354066766,0.009025857863067165,ppf021_xy060_2
479,209,111.98198198198199,4.268940770385708,1.200995096636621,10.218781729866697,0.008930008045052293,ppf021_xy060_2
480,220,112.18018018018019,4.8759926706859025,1.1847163451114289,9.961239871508255,0.008914230645679408,ppf021_xy060_2
481,231,111.78378378378379,5.480812532826002,1.1571112011377804,9.468855865967255,0.008945841392649903,ppf021_xy060_2
482,242,111.1891891891892,6.090012344923069,1.096412423934623,8.456272390412586,0.00899368011667477,ppf021_xy060_2
483,253,111.78378378378379,0.4243149603719417,1.0284908862051427,7.480802785117845,0.008945841392649903,ppf021_xy060_2
484,264,113.17117117117117,1.0248504477646982,0.9874641240117273,6.981471456832636,0.008836172583983443,ppf021_xy060_2
485,275,113.17117117117117,1.6222488260112706,0.9566805357432848,6.552970167397641,0.008836172583983443,ppf021_xy060_2
486,286,112.18018018018019,2.229434296699353,0.9116660749374186,5.898698868252393,0.008914230645679408,ppf021_xy060_2
487,297,110.5945945945946,2.855851164758256,0.8309155376210956,4.830767830774673,0.009042033235581623,ppf021_xy060_2
488,308,111.38738738738739,3.4593871540180716,0.7593561590624893,4.06345600162187,0.008977677127143318,ppf021_xy060_2
489,319,113.96396396396396,4.016810310925376,0.7052217404227517,3.5858113329961716,0.008774703557312254,ppf021_xy060_2
490,330,116.14414414414415,4.554390520093388,0.6641521701428017,3.241164060319805,0.008609990691901954,ppf021_xy060_2
491,0,142.10810810810813,2.772676973111704,0.44427149683361294,1.8582754860593045,0.007036896158235069,ppf021_xy060_0
492,11,134.77477477477476,3.1669154673511204,0.489071327525848,2.1357349646171513,0.007419786096256685,ppf021_xy060_0
493,22,132.3963963963964,3.6513969561813195,0.5496879592703192,2.6503482954826176,0.007553075666848122,ppf021_xy060_0
494,33,131.6036036036036,4.146526261100127,0.5861038845261557,2.99509994341737,0.0075985761226725086,ppf021_xy060_0
495,44,129.22522522522524,4.628429872525695,0.605224440769808,3.1359891496623638,0.007738427216954823,ppf021_xy060_0
496,55,125.06306306306307,5.123276884478007,0.6329882040104776,3.3198207336082786,0.00799596599913557,ppf021_xy060_0
497,66,121.69369369369369,5.646187451512661,0.6871988207235851,3.8073887494199923,0.008217352679893397,ppf021_xy060_0
498,77,120.50450450450451,6.187649511056297,0.730919313852445,4.265171464978692,0.008298444976076555,ppf021_xy060_0
499,88,119.11711711711712,0.44655758107569726,0.7569896348639966,4.522185549568273,0.008395099077295416,ppf021_xy060_0
500,99,116.34234234234235,0.9922862446180671,0.7819781302449919,4.7132595450525825,0.008595322905374013,ppf021_xy060_0
501,110,112.77477477477477,1.5570993045932224,0.8348770794942402,5.207765051962494,0.00886723118709059,ppf021_xy060_0
502,121,110.7927927927928,2.1317768969334683,0.8948010241198934,5.877041979555306,0.009025857863067165,ppf021_xy060_0
503,132,109.4054054054054,2.71764232183531,0.9374785252297269,6.370239696210005,0.009140316205533598,ppf021_xy060_0
504,143,107.02702702702703,3.3010586285230294,0.9773471568024515,6.773069119729168,0.009343434343434343,ppf021_xy060_0
505,154,103.65765765765765,3.8930645493706564,1.037269434695724,7.38888471057608,0.009647140622284027,ppf021_xy060_0
506,165,102.07207207207207,4.526598339730589,1.1186902530037108,8.462934456224813,0.009796999117387467,ppf021_xy060_0
507,176,101.47747747747748,5.177489411243248,1.173564557574565,9.259296070677813,0.009854403409090908,ppf021_xy060_0
508,187,99.29729729729729,5.794311451840881,1.2467317895719348,10.225341769727025,0.010070767555797496,ppf021_xy060_0
509,198,98.90090090090091,0.19575636851931455,1.274631546168392,10.645447221440968,0.010111131353616323,ppf021_xy060_0
510,209,98.30630630630631,0.8750549894100613,1.2924007988845134,10.878528456299488,0.010172287390029325,ppf021_xy060_0
511,220,98.30630630630631,1.5698010814542984,1.3045238163156614,11.083571853648255,0.010172287390029325,ppf021_xy060_0
512,231,98.30630630630631,2.2608327706542664,1.3293261929775368,11.509033145636312,0.010172287390029325,ppf021_xy060_0
513,242,98.30630630630631,2.9526767687814277,1.3253353173050582,11.440032513728355,0.010172287390029325,ppf021_xy060_0
514,253,98.30630630630631,3.6480530480634217,1.3100320917210664,11.177368928702517,0.010172287390029325,ppf021_xy060_0
515,264,97.90990990990991,4.34031154493354,1.2816606893713496,10.655335211319013,0.01021347073978653,ppf021_xy060_0
516,275,97.51351351351352,5.0384483791816805,1.2271311378252614,9.728392747241223,0.010254988913525498,ppf021_xy060_0
517,286,98.10810810810811,5.738522009803819,1.1736095990945699,8.952545665389374,0.010192837465564738,ppf021_xy060_0
518,297,98.90090090090091,0.1423322985404821,1.135085867307641,8.442129667805139,0.010111131353616323,ppf021_xy060_0
519,308,99.0990990990991,0.8258283834190848,1.0950606274858412,7.873002204328438,0.01009090909090909,ppf021_xy060_0
520,319,98.70270270270271,1.5171578630943934,1.0362682987078058,7.022112902239298,0.01013143483023001,ppf021_xy060_0
521,330,99.29729729729729,2.1977798656549834,0.9611068069949905,6.076801806404418,0.010070767555797496,ppf021_xy060_0
522,341,100.88288288288288,2.850964325398371,0.8982425061775923,5.392610186082229,0.009912484372209323,ppf021_xy060_0
523,352,101.87387387387388,3.492625763929716,0.8449625412537705,4.818724216463584,0.009816059426954368,ppf021_xy060_0
524,0,94.54054054054055,2.30182006784255,0.696747402073034,3.458344798287645,0.010577472841623784,ppf021_xy060_1
525,11,93.15315315315316,2.973240504101121,0.7493335795925734,3.9413721454749053,0.010735009671179884,ppf021_xy060_1
526,22,91.76576576576576,3.6649630092290444,0.8013767965078439,4.440723299828047,0.010897310033379149,ppf021_xy060_1
527,33,91.17117117117117,4.390103441684369,0.8460844547931679,4.917953957612421,0.010968379446640317,ppf021_xy060_1
528,44,91.36936936936937,5.131352950562482,0.8702866788622607,5.2146455351214955,0.01094458686649576,ppf021_xy060_1
529,55,89.1891891891892,5.85579812889385,0.8899475533448317,5.322804751602423,0.011212121212121211,ppf021_xy060_1
530,66,87.009009009009,0.3323588778013706,0.9088743977929437,5.415910206273022,0.011493062745910127,ppf021_xy060_1
531,77,86.41441441441441,1.1105703751063416,0.9070611621965448,5.357458661565375,0.011572143452877399,ppf021_xy060_1
532,88,107.02702702702703,1.6587988726078782,0.8269482203283377,5.515051710853709,0.009343434343434343,ppf021_xy060_1
533,99,110.7927927927928,2.277314672340064,0.8353740070663396,5.826032715097324,0.009025857863067165,ppf021_xy060_1
534,110,114.16216216216216,2.8716808208371956,0.8503705450494271,6.220683366222065,0.008759469696969698,ppf021_xy060_1
535,121,114.95495495495496,3.476539180720438,0.8571833268405064,6.364651355152315,0.008699059561128526,ppf021_xy060_1
536,132,116.14414414414415,4.065699705630495,0.8594766383665785,6.464946932643954,0.008609990691901954,ppf021_xy060_1
537,143,116.34234234234235,4.668038512952016,0.8775515886261478,6.751225434439596,0.008595322905374013,ppf021_xy060_1
538,154,116.93693693693693,5.261366385249616,0.9037478340588626,7.196904599843084,0.008551617873651772,ppf021_xy060_1
539,165,118.12612612612612,5.8384010245566,0.9383973473642581,7.838247956804265,0.008465527760829775,ppf021_xy060_1
540,176,119.51351351351352,0.11840927733648476,0.9647924209196148,8.382706751395478,0.008367254635911352,ppf021_xy060_1
541,187,120.30630630630631,0.6868629733351094,0.9750854920787135,8.61932538504551,0.008312116219859217,ppf021_xy060_1
542,198,120.90090090090091,1.269566495593087,0.9711419104262878,8.592003079280916,0.00827123695976155,ppf021_xy060_1
543,209,122.68468468468468,1.874320075883954,0.9694606786843182,8.688608761742664,0.008150976648553385,ppf021_xy060_1
544,220,123.67567567567568,2.447712253634851,0.9809176719406524,8.967035774755605,0.008085664335664336,ppf021_xy060_1
545,231,123.67567567567568,3.001149804334401,0.9828707332546991,9.00277905071101,0.008085664335664336,ppf021_xy060_1
546,242,123.67567567567568,3.5587650569479066,0.9581021441024737,8.554751706328279,0.008085664335664336,ppf021_xy060_1
547,253,124.66666666666667,4.1356615446985,0.9288136811136651,8.104142115830587,0.00802139037433155,ppf021_xy060_1
548,264,126.64864864864865,4.710494786685818,0.9162282034631213,8.011380624127503,0.007895860008536065,ppf021_xy060_1
549,275,126.05405405405405,5.24990214907148,0.9114722747222973,7.891203377342385,0.007933104631217838,ppf021_xy060_1
550,286,124.86486486486487,5.786665134862911,0.8911146226906624,7.471484249001304,0.008008658008658008,ppf021_xy060_1
551,297,123.67567567567568,0.05335749078117018,0.8572756751860535,6.848962477898268,0.008085664335664336,ppf021_xy060_1
552,308,123.87387387387388,0.613685293687613,0.8205627964327499,6.284964916457613,0.008072727272727273,ppf021_xy060_1
553,319,123.67567567567568,1.1644336369986616,0.8083993455956296,6.090258008182621,0.008085664335664336,ppf021_xy060_1
554,330,120.50450450450451,1.7271102431370189,0.8071083799031147,5.915159877729118,0.008298444976076555,ppf021_xy060_1
555,341,116.93693693693693,2.3166717808350303,0.7936841720075939,5.55068581786906,0.008551617873651772,ppf021_xy060_1
556,352,114.55855855855856,2.9212134415562834,0.7631248883384021,5.027108621233903,0.008729160113243158,ppf021_xy060_1
557,363,113.96396396396396,3.5164671685697195,0.7207182862329352,4.460649735617656,0.008774703557312254,ppf021_xy060_1
558,374,115.15315315315316,4.078483428185429,0.6770948182595503,3.978087285999137,0.00868408699734001,ppf021_xy060_1
559,0,116.73873873873875,3.167186286639723,0.6084410100204346,2.5441843005604365,0.008566136749498379,ppf021_xy062_0
560,11,118.32432432432432,3.7849037420321876,0.6764293551687232,3.187245675693286,0.008451347647327547,ppf021_xy062_0
561,22,116.93693693693693,4.318913277433612,0.7220811890457411,3.5893878689461185,0.008551617873651772,ppf021_xy062_0
562,33,114.75675675675676,4.851210452294265,0.7708383759576191,4.014223375812005,0.008714083843617522,ppf021_xy062_0
563,44,112.57657657657657,5.407621487351733,0.8375373405821168,4.6489300258078945,0.008882842509603073,ppf021_xy062_0
564,55,112.57657657657657,6.013140991946649,0.9119216437187078,5.511371663957133,0.008882842509603073,ppf021_xy062_0
565,66,113.17117117117117,0.3378667307752699,0.9644903500583841,6.197666433290182,0.008836172583983443,ppf021_xy062_0
566,77,111.98198198198199,0.9262449242655598,1.0025970588836701,6.626704682183836,0.008930008045052293,ppf021_xy062_0
567,88,110.0,1.5269567979636678,1.053071813532381,7.181336492893345,0.00909090909090909,ppf021_xy062_0
568,99,109.2072072072072,2.1478495831200988,1.1140490038902293,7.979147705415411,0.009156904801187924,ppf021_xy062_0
569,110,109.009009009009,2.7675114487021433,1.153462309062167,8.538190134500823,0.009173553719008265,ppf021_xy062_0
570,121,109.4054054054054,3.3849018742387624,1.1861047010434398,9.06111095677392,0.009140316205533598,ppf021_xy062_0
571,132,109.009009009009,4.008868735544767,1.2046741208376568,9.313183659591495,0.009173553719008265,ppf021_xy062_0
572,143,107.81981981981983,4.64536706587219,1.234930601842475,9.680110646202143,0.009274732620320855,ppf021_xy062_0
573,154,107.62162162162163,5.280995245165313,1.2569722386411,10.010309793829958,0.009291813159216473,ppf021_xy062_0
574,165,108.61261261261261,5.902519716641277,1.3179042416010158,11.105665445679156,0.009207033842070339,ppf021_xy062_0
575,176,109.009009009009,0.23712853685763136,1.3372355449679947,11.47558488897152,0.009173553719008265,ppf021_xy062_0
576,187,109.009009009009,0.867761708888502,1.327307681577873,11.305824028234293,0.009173553719008265,ppf021_xy062_0
577,198,109.2072072072072,1.4987417214422627,1.3227757440717463,11.249166903563788,0.009156904801187924,ppf021_xy062_0
578,209,109.009009009009,2.1236246672714305,1.3195745891934922,11.174468961488857,0.009173553719008265,ppf021_xy062_0
579,220,108.01801801801803,2.7366049797587784,1.3004442400576817,10.754154946289363,0.009257714762301918,ppf021_xy062_0
580,231,107.22522522522523,3.3618280558240183,1.2611423152629582,10.039724078003342,0.009326163669971433,ppf021_xy062_0
581,242,107.22522522522523,4.002144440553966,1.2089975750905353,9.226658381441457,0.009326163669971433,ppf021_xy062_0
582,253,108.01801801801803,4.645424184039738,1.1757527339176144,8.790727407810952,0.009257714762301918,ppf021_xy062_0
583,264,108.21621621621621,5.273401126915955,1.158561860545223,8.551206895205024,0.009240759240759242,ppf021_xy062_0
584,275,108.01801801801803,5.897597425779669,1.1318096684035122,8.145910192948781,0.009257714762301918,ppf021_xy062_0
585,286,107.81981981981983,0.23988303327521687,1.0852401087734895,7.4756143420763275,0.009274732620320855,ppf021_xy062_0
586,297,108.01801801801803,0.8754520632195221,1.0161659768994922,6.566321130098499,0.009257714762301918,ppf021_xy062_0
587,308,110.0,1.4924692644371642,0.960513150269618,5.974422471064618,0.00909090909090909,ppf021_xy062_0
588,319,110.1981981981982,2.1035789231628312,0.9287878110096259,5.59634039694059,0.00907455853499019,ppf021_xy062_0
589,330,110.5945945945946,2.7053350796032234,0.8870546895471365,5.123082005737113,0.009042033235581623,ppf021_xy062_0
590,341,109.8018018018018,3.330664051218535,0.8154567554953066,4.298411118599838,0.009107318674105677,ppf021_xy062_0
591,0,73.33333333333334,1.4861037586825634,0.5124072030128346,1.6435215195964616,0.013636363636363634,ppf021_xy065_0
592,11,72.54054054054055,2.3823750763629534,0.5683875024647161,2.000383872581645,0.013785394932935915,ppf021_xy065_0
593,22,72.14414414414415,3.3114408748670114,0.6213623657058485,2.377576467624221,0.01386113886113886,ppf021_xy065_0
594,33,71.74774774774775,4.24777026230158,0.6710465076487125,2.7577635695679477,0.013937719738824711,ppf021_xy065_0
595,44,71.74774774774775,5.203906870982532,0.7145660247112339,3.1270621678992554,0.013937719738824711,ppf021_xy065_0
596,55,71.94594594594594,6.1656246425308305,0.7523886520608485,3.4764366281458283,0.013899323816679191,ppf021_xy065_0
597,66,72.14414414414415,0.8409466786082546,0.7856002551450496,3.8005621073486915,0.01386113886113886,ppf021_xy065_0
598,77,72.54054054054055,1.7990835281170077,0.8135855145614673,4.098554546044117,0.013785394932935915,ppf021_xy065_0
599,88,73.13513513513513,2.7539564060944643,0.8372557874955862,4.376086535122659,0.013673318551367332,ppf021_xy065_0
600,99,73.72972972972974,3.7006359897115084,0.8590546900555903,4.644380415368317,0.013563049853372432,ppf021_xy065_0
601,110,74.52252252252252,4.640518451388859,0.8789355470518324,4.914112807916221,0.013418762088974854,ppf021_xy065_0
602,121,75.31531531531532,5.569827413951933,0.898815736903953,5.19359584404886,0.013277511961722487,ppf021_xy065_0
603,132,76.30630630630631,0.20689391888552303,0.9182501297884784,5.491942037604607,0.013105076741440376,ppf021_xy065_0
604,143,77.29729729729729,1.1149238184913992,0.9388695470268762,5.815918753409247,0.012937062937062939,ppf021_xy065_0
605,154,78.48648648648648,2.0115394514876543,0.9601536703617106,6.176179328504057,0.012741046831955923,ppf021_xy065_0
606,165,79.67567567567568,2.8935922541354566,0.98336457212607,6.57655395415478,0.012550881953867029,ppf021_xy065_0
607,176,81.26126126126127,3.7646135057577395,1.0058797061726015,7.018093791468292,0.012305986696230597,ppf021_xy065_0
608,187,82.84684684684684,4.6198862983664855,1.0299707322528826,7.501865411093249,0.012070465419747716,ppf021_xy065_0
609,198,84.63063063063063,5.462287034156963,1.054854956882986,8.038158947970244,0.011816052799659357,ppf021_xy065_0
610,209,86.21621621621621,0.003144010235934247,1.0829855573777896,8.6313316756244,0.011598746081504702,ppf021_xy065_0
611,220,88.0,0.8146415828806841,1.111482877884869,9.279653126475015,0.011363636363636364,ppf021_xy065_0
612,231,89.58558558558559,1.6088744625618796,1.140939546387441,9.954212796930827,0.011162510056315366,ppf021_xy065_0
613,242,91.17117117117117,2.3880446430153652,1.1688020615515495,10.63121713180178,0.010968379446640317,ppf021_xy065_0
614,253,92.36036036036036,3.1505273372072775,1.1969625717106493,11.295105100770492,0.010827155676941085,ppf021_xy065_0
615,264,93.35135135135135,3.900809477512494,1.2241239228742289,11.940290596999011,0.010712217718587144,ppf021_xy065_0
616,275,94.34234234234235,4.642573831921344,1.2501823193999326,12.58626515199275,0.010599694423223834,ppf021_xy065_0
617,286,95.13513513513513,5.372609700167813,1.2738929937551962,13.178025821542144,0.010511363636363636,ppf021_xy065_0
618,297,95.72972972972973,6.094876957203175,1.2929019346881163,13.659082247187225,0.010446075663466968,ppf021_xy065_0
619,308,96.32432432432432,0.5296062817645719,1.3082917641940224,14.073065303090424,0.010381593714927048,ppf021_xy065_0
620,319,97.11711711711712,1.242715604096194,1.3224150709597065,14.496891176825281,0.010296846011131726,ppf021_xy065_0
621,330,97.51351351351352,1.9481283500685103,1.3326446358756152,14.782130517216617,0.010254988913525498,ppf021_xy065_0
622,341,98.10810810810811,2.6504858707826973,1.3363323571655468,14.954689013680795,0.010192837465564738,ppf021_xy065_0
623,352,98.50450450450451,3.3483688470670803,1.3380073151796164,15.052775449615448,0.01015182001097494,ppf021_xy065_0
624,363,99.0990990990991,4.040952707575335,1.3346460880871227,15.067647749897262,0.01009090909090909,ppf021_xy065_0
625,374,99.49549549549549,4.729702725785294,1.3268737288907348,14.952235436283246,0.010050706265845708,ppf021_xy065_0
626,385,100.09009009009009,5.416739156664316,1.313084147603227,14.730575466634829,0.009990999099909992,ppf021_xy065_0
627,396,100.48648648648648,6.096875413378322,1.2963383197203302,14.41411212146423,0.009951586874663798,ppf021_xy065_0
628,407,100.88288288288288,0.4895297169392899,1.2733460587776753,13.962201387719842,0.009912484372209323,ppf021_xy065_0
629,418,101.27927927927928,1.1627669326348278,1.2440852255182746,13.380254803576435,0.009873687955879737,ppf021_xy065_0
630,429,101.87387387387388,1.8306102779226916,1.210109998288315,12.733741701558394,0.009816059426954368,ppf021_xy065_0
631,440,102.46846846846847,2.4920288201020777,1.1736132155761967,12.047134092214957,0.009759099701072622,ppf021_xy065_0
632,451,102.86486486486487,3.150425874585939,1.131414158227321,11.239676064169322,0.009721492380451918,ppf021_xy065_0
633,462,103.26126126126127,3.8071746592692928,1.080731973995272,10.294776984648545,0.009684173791659395,ppf021_xy065_0
634,473,104.05405405405405,4.450283946966784,1.02789721945012,9.384300467559521,0.00961038961038961,ppf021_xy065_0
635,484,104.84684684684684,5.0841501072484085,0.9743336245289662,8.495995458766343,0.009537721257948101,ppf021_xy065_0
636,495,105.24324324324324,5.722697763483203,0.9175680635209509,7.563352092907686,0.009501797637390858,ppf021_xy065_0
637,506,106.03603603603604,0.0616212877373836,0.8536467082222688,6.5955852887707564,0.009430756159728122,ppf021_xy065_0
638,517,107.42342342342343,0.6565332827035539,0.7902869175214092,5.726800979079857,0.009308956725930895,ppf021_xy065_0
639,0,113.76576576576576,2.731890194792801,0.71507537203801,3.4170576620520667,0.008789990497307571,ppf021_xy065_1
640,11,112.37837837837839,3.305398794460656,0.7717027226945747,3.931152553783308,0.008898508898508899,ppf021_xy065_1
641,22,111.58558558558559,3.8921469348657585,0.8181555274275688,4.387497743237495,0.008961730986597772,ppf021_xy065_1
642,33,110.3963963963964,4.479802559794763,0.8560331553930859,4.751963985170461,0.009058266688428268,ppf021_xy065_1
643,44,108.41441441441441,5.075119320408946,0.8974126297748997,5.128713681326035,0.00922386571381087,ppf021_xy065_1
644,55,107.02702702702703,5.6918532477665105,0.9485315448766781,5.6563215553988915,0.009343434343434343,ppf021_xy065_1
645,66,106.43243243243244,0.03701771543770388,0.9915836679462188,6.14709308100992,0.009395632300660234,ppf021_xy065_1
646,77,105.63963963963964,0.6668581928040944,1.0245775703265079,6.5140887480670076,0.009466143612485076,ppf021_xy065_1
647,88,104.64864864864865,1.3066631717295625,1.0545562680414182,6.836128394037922,0.009555785123966943,ppf021_xy065_1
648,99,103.45945945945947,1.9565994132035573,1.093291100563705,7.264051298668115,0.009665621734587251,ppf021_xy065_1
649,110,102.86486486486487,2.6134340396272226,1.1296855133902364,7.7111517644705145,0.009721492380451918,ppf021_xy065_1
650,121,102.07207207207207,3.270067981094343,1.1585243589669714,8.047376897883705,0.009796999117387467,ppf021_xy065_1
651,132,101.08108108108108,3.9386545873468077,1.1822125564204329,8.298471086769286,0.009893048128342246,ppf021_xy065_1
652,143,100.09009009009009,4.6174413106129535,1.2134999143363026,8.657802045538611,0.009990999099909992,ppf021_xy065_1
653,154,99.29729729729729,5.298218289034901,1.2470193170862833,9.070283499462832,0.010070767555797496,ppf021_xy065_1
654,165,98.70270270270271,5.98386202577156,1.2711578031023714,9.368391942517064,0.01013143483023001,ppf021_xy065_1
655,176,97.90990990990991,0.393697323335745,1.2915205835014743,9.593263792727729,0.01021347073978653,ppf021_xy065_1
656,187,97.11711711711712,1.096551476178328,1.316209933130479,9.882872252356343,0.010296846011131726,ppf021_xy065_1
657,198,96.72072072072072,1.8044139369322025,1.3489654469196122,10.33851701335788,0.010339046199701937,ppf021_xy065_1
658,209,96.52252252252252,2.5104392910607793,1.3737125492825542,10.699351765922897,0.010360276274033974,ppf021_xy065_1
659,220,95.53153153153153,3.202437606435707,1.3861997673718711,10.782896958739585,0.01046774801961524,ppf021_xy065_1
660,231,95.33333333333333,3.9205380312020863,1.3961504981397597,10.915567541040502,0.01048951048951049,ppf021_xy065_1
661,242,95.13513513513513,4.641753803104067,1.4037930151327784,11.012455470030197,0.010511363636363636,ppf021_xy065_1
662,253,95.13513513513513,5.359429017312603,1.415063100608761,11.189988076556572,0.010511363636363636,ppf021_xy065_1
663,264,94.93693693693693,6.079040343852661,1.4166023454691326,11.190982074145111,0.010533308028088823,ppf021_xy065_1
664,275,94.73873873873875,0.5142856653548321,1.4079247453052997,11.031220211638983,0.010555344237352604,ppf021_xy065_1
665,286,94.73873873873875,1.2366810009058802,1.3893838133869991,10.742593445429568,0.010555344237352604,ppf021_xy065_1
666,297,94.93693693693693,1.9638672656953413,1.3678762989572713,10.434362880922016,0.010533308028088823,ppf021_xy065_1
667,308,95.33333333333333,2.6874963702435566,1.3514903541587684,10.228401112745262,0.01048951048951049,ppf021_xy065_1
668,319,95.53153153153153,3.4044196696721443,1.3337239372001188,9.981957201644315,0.01046774801961524,ppf021_xy065_1
669,330,95.53153153153153,4.119718679842341,1.3060005640589594,9.57129144977881,0.01046774801961524,ppf021_xy065_1
670,341,95.72972972972973,4.835627043820117,1.2687858724624788,9.052334069837645,0.010446075663466968,ppf021_xy065_1
671,352,96.12612612612612,5.5495997009812825,1.2306416349779268,8.551488583432903,0.010402999062792878,ppf021_xy065_1
672,363,96.32432432432432,6.256576818959973,1.1923627861143968,8.044329832765484,0.010381593714927048,ppf021_xy065_1
673,374,96.32432432432432,0.6797300190703653,1.1430495414149124,7.3927011532411795,0.010381593714927048,ppf021_xy065_1
674,385,96.52252252252252,1.3861025840514996,1.0817570732906026,6.634760066367508,0.010360276274033974,ppf021_xy065_1
675,396,97.31531531531532,2.0784161469784155,1.0219457152757896,5.969994348382576,0.010275874837992964,ppf021_xy065_1
676,407,97.90990990990991,2.7607007722690127,0.9663606577317274,5.370839867538108,0.01021347073978653,ppf021_xy065_1
677,418,98.30630630630631,3.441520379747068,0.9044397979316912,4.7236507364668965,0.010172287390029325,ppf021_xy065_1
678,0,90.97297297297297,0.6561056441544448,0.46690928066900245,1.4916135884182704,0.010992275698158051,ppf021_xy066_0
679,11,91.36936936936937,1.419490597421676,0.5331311413436729,1.953204250936316,0.01094458686649576,ppf021_xy066_0
680,22,90.97297297297297,2.143130251269894,0.5878345127232965,2.3642939968120413,0.010992275698158051,ppf021_xy066_0
681,33,89.58558558558559,2.84269300395809,0.645129657650979,2.8042135447332783,0.011162510056315366,ppf021_xy066_0
682,44,88.990990990991,3.5898019015546505,0.7119882379160997,3.3928965019621424,0.011237092528851994,ppf021_xy066_0
683,55,89.98198198198199,4.380401491393892,0.7786524573500332,4.103191653474258,0.011113336003203843,ppf021_xy066_0
684,66,90.18018018018019,5.140712445322162,0.8287672710630835,4.65859775780012,0.011088911088911088,ppf021_xy066_0
685,77,89.78378378378379,5.8924057155387874,0.8761509158286694,5.183638099555022,0.011137868753762792,ppf021_xy066_0
686,88,89.58558558558559,0.37257033089265146,0.9318063843386482,5.850169253183758,0.011162510056315366,ppf021_xy066_0
687,99,90.57657657657657,1.146068609311902,0.9907011760167672,6.686212726298178,0.0110403819375373,ppf021_xy066_0
688,110,91.56756756756756,1.8993843453334234,1.0364163180476103,7.397570158121121,0.010920897284533649,ppf021_xy066_0
689,121,91.76576576576576,2.6491609061436923,1.068759933913683,7.883515986106216,0.010897310033379149,ppf021_xy066_0
690,132,91.76576576576576,3.4003918806878706,1.1032574214116737,8.400658664965036,0.010897310033379149,ppf021_xy066_0
691,143,92.16216216216216,4.150800293762999,1.1477517726383057,9.131193162017837,0.010850439882697948,ppf021_xy066_0
692,154,93.35135135135135,4.88658897445457,1.1969311456781668,10.058607827963622,0.010712217718587144,ppf021_xy066_0
693,165,93.74774774774775,5.6173308963742095,1.2223962384176843,10.53570939636031,0.010666922929079376,ppf021_xy066_0
694,176,94.14414414414415,0.06762195962843048,1.2404125367646934,10.894430590544681,0.01062200956937799,ppf021_xy066_0
695,187,94.34234234234235,0.7944515103190121,1.2532369807288406,11.144279320323424,0.010599694423223834,ppf021_xy066_0
696,198,94.54054054054055,1.5209447739032211,1.2630435662600452,11.343149961831507,0.010577472841623784,ppf021_xy066_0
697,209,95.13513513513513,2.2562827650912616,1.2392493119981811,10.988470409894024,0.010511363636363636,ppf021_xy066_0
698,220,95.92792792792793,2.9868158432712453,1.2335935239635503,10.9791357764704,0.010424492862509393,ppf021_xy066_0
699,231,95.92792792792793,3.698263165018469,1.2303434904915944,10.921360580144475,0.010424492862509393,ppf021_xy066_0
700,242,95.72972972972973,4.404162080119587,1.1992428808730617,10.35476057556346,0.010446075663466968,ppf021_xy066_0
701,253,96.12612612612612,5.122677775004005,1.1551403646249716,9.646946967936566,0.010402999062792878,ppf021_xy066_0
702,264,96.52252252252252,5.831187242691477,1.1338283907044424,9.33259133067797,0.010360276274033974,ppf021_xy066_0
703,275,97.71171171171171,0.24739213409661545,1.1079949942502982,9.021965222114094,0.010234187718974736,ppf021_xy066_0
704,286,97.31531531531532,0.9452194768069858,1.063075250828734,8.271573629903116,0.010275874837992964,ppf021_xy066_0
705,297,97.71171171171171,1.6410171177440127,1.0006006428482224,7.357785234872262,0.010234187718974736,ppf021_xy066_0
706,308,98.70270270270271,2.3195556498366035,0.9508259325047217,6.711351907841517,0.01013143483023001,ppf021_xy066_0
707,319,99.49549549549549,2.987427776356552,0.9027058618650953,6.097823857551298,0.010050706265845708,ppf021_xy066_0
708,330,98.90090090090091,3.6773595635122995,0.838588970658628,5.230912683260803,0.010111131353616323,ppf021_xy066_0
709,22,82.05405405405406,6.261508313053942,0.3792739945405421,1.1867378219353533,0.012187088274044794,ppf021_xy067_1
710,33,83.44144144144144,0.8555987689110768,0.45124388332895193,1.708256426173359,0.011984452602029799,ppf021_xy067_1
711,44,81.26126126126127,1.5766067615655255,0.5017661229233652,2.0570025994981394,0.012305986696230597,ppf021_xy067_1
712,55,78.68468468468468,2.3250270921782485,0.567956505540149,2.551931277863727,0.012708953514998855,ppf021_xy067_1
713,66,79.47747747747748,3.2156646825471586,0.6631492501579372,3.5141091732069,0.012582180911357968,ppf021_xy067_1
714,77,81.65765765765767,4.110069600693708,0.7315996984390355,4.394328936856443,0.012246248896734332,ppf021_xy067_1
715,88,81.06306306306305,4.929762810301435,0.780503229214364,4.965020290984736,0.012336074683262949,ppf021_xy067_1
716,99,80.27027027027027,5.769870897140093,0.8455903964059515,5.7706325127666185,0.012457912457912458,ppf021_xy067_1
717,110,81.06306306306305,0.3412680219831375,0.9213078693299563,6.918009923246532,0.012336074683262949,ppf021_xy067_1
718,121,82.45045045045046,1.1729790040099735,0.9714681816539297,7.823458865276791,0.012128496503496502,ppf021_xy067_1
719,132,82.05405405405406,1.9852512504799,0.9951269983948496,8.169691749758881,0.012187088274044794,ppf021_xy067_1
720,143,82.25225225225225,2.8157843437271057,1.0105768011600873,8.44568844554982,0.012157721796276014,ppf021_xy067_1
721,154,82.25225225225225,3.6364852812068365,1.0264750249994605,8.713510966508242,0.012157721796276014,ppf021_xy067_1
722,165,84.43243243243244,4.489212854043753,1.0186575498817196,8.808750862765011,0.011843790012804096,ppf021_xy067_1
723,176,83.63963963963964,5.288086737982617,0.9838273038104345,8.139514564651652,0.011956053425247738,ppf021_xy067_1
724,187,84.23423423423424,6.099303266821242,0.9392758245187726,7.471770608889262,0.011871657754010695,ppf021_xy067_1
725,198,85.62162162162161,0.6178759678954402,0.8997247881817027,6.968694560406175,0.01167929292929293,ppf021_xy067_1
726,209,85.22522522522522,1.4077409050594905,0.8629903810886845,6.38158674505106,0.011733615221987317,ppf021_xy067_1
727,220,83.83783783783784,2.21966678610929,0.7757966579281157,5.073229245279318,0.011927788523533205,ppf021_xy067_1
728,231,85.62162162162161,2.9980748791753835,0.690315763507092,4.1023021012044305,0.01167929292929293,ppf021_xy067_1
729,0,86.8108108108108,4.420259425453878,0.5772410014318421,2.10047632750587,0.011519302615193027,ppf021_xy069_0
730,11,85.81981981981983,5.165227614083977,0.6434194930597927,2.579916574636446,0.011652319966407726,ppf021_xy069_0
731,22,85.22522522522522,5.939213334395379,0.7126384688340891,3.1429416483506527,0.011733615221987317,ppf021_xy069_0
732,33,85.02702702702703,0.4509270393662447,0.7786465737343408,3.743409894933924,0.011760966306420852,ppf021_xy069_0
733,44,84.82882882882883,1.250340139668464,0.8400923960205522,4.34737611033862,0.011788445199660153,ppf021_xy069_0
734,55,84.63063063063063,2.0547960724802476,0.9005205568220896,4.983614897779003,0.011816052799659357,ppf021_xy069_0
735,66,84.63063063063063,2.8652722290331587,0.9585422492360042,5.646505203025514,0.011816052799659357,ppf021_xy069_0
736,77,84.82882882882883,3.676707032641767,1.011105938228495,6.29747466502112,0.011788445199660153,ppf021_xy069_0
737,88,85.02702702702703,4.487847094434359,1.0558816458283025,6.883623547173753,0.011760966306420852,ppf021_xy069_0
738,99,85.22522522522522,5.298489553381567,1.0966992560156545,7.443426276313873,0.011733615221987317,ppf021_xy069_0
739,110,85.62162162162161,6.1087838635299,1.1346885920566472,8.005094477712857,0.01167929292929293,ppf021_xy069_0
740,121,86.21621621621621,0.628835785159443,1.1700196153334703,8.570474762555438,0.011598746081504702,ppf021_xy069_0
741,132,86.8108108108108,1.4252613064448463,1.1969385654017966,9.03123553489991,0.011519302615193027,ppf021_xy069_0
742,143,87.4054054054054,2.2188154007840657,1.2183403591675266,9.421177571442362,0.011440940012368584,ppf021_xy069_0
743,154,88.0,3.0084020190848952,1.2383458016818967,9.79932542380333,0.011363636363636364,ppf021_xy069_0
744,165,88.5945945945946,3.7917785310866905,1.2572131395213793,10.168448273230041,0.011287370347773032,ppf021_xy069_0
745,176,89.38738738738739,4.565398423327579,1.2755620963710792,10.561098448180195,0.011187260632936907,ppf021_xy069_0
746,187,90.18018018018019,5.333898915965127,1.2890890262900434,10.88194577217143,0.011088911088911088,ppf021_xy069_0
747,198,90.77477477477477,6.096743970899032,1.302145533703552,11.176707034863924,0.011016276300119095,ppf021_xy069_0
748,209,91.56756756756756,0.5723172244359749,1.3164258712237498,11.522962034328938,0.010920897284533649,ppf021_xy069_0
749,220,92.36036036036036,1.3226515743678668,1.3333799435093074,11.924030854784162,0.010827155676941085,ppf021_xy069_0
750,231,92.95495495495496,2.068003714654214,1.3478708010736584,12.263055993227246,0.01075789881760031,ppf021_xy069_0
751,242,93.74774774774775,2.814078725184909,1.3493437959859895,12.394691217433747,0.010666922929079376,ppf021_xy069_0
752,253,94.54054054054055,3.550443800788854,1.3594330487234527,12.687129254244462,0.010577472841623784,ppf021_xy069_0
753,264,95.13513513513513,4.277850899701324,1.370602572476312,12.977578380129444,0.010511363636363636,ppf021_xy069_0
754,275,95.53153153153153,4.997516889159603,1.373522607442179,13.087237997617915,0.01046774801961524,ppf021_xy069_0
755,286,96.32432432432432,5.716577267158195,1.36611383044203,13.053873009164528,0.010381593714927048,ppf021_xy069_0
756,297,96.91891891891892,0.14680397638634013,1.3622940024090928,13.061103962131146,0.010317902955939765,ppf021_xy069_0
757,308,97.31531531531532,0.850279662027341,1.3539971526651853,12.955265933974129,0.010275874837992964,ppf021_xy069_0
758,319,97.71171171171171,1.5493436463273624,1.3315305343173391,12.579938480045048,0.010234187718974736,ppf021_xy069_0
759,330,98.10810810810811,2.2494801094988013,1.303717569074424,12.108813026175467,0.010192837465564738,ppf021_xy069_0
760,341,99.0990990990991,2.9395812828109213,1.2736794861407297,11.673998967132627,0.01009090909090909,ppf021_xy069_0
761,352,99.29729729729729,3.624560447270499,1.2396276965569222,11.080251183920389,0.010070767555797496,ppf021_xy069_0
762,363,99.29729729729729,4.312322155947509,1.1953324672718766,10.302544415963006,0.010070767555797496,ppf021_xy069_0
763,374,99.89189189189189,4.991066622070335,1.1410905833579719,9.444959876111684,0.010010822510822512,ppf021_xy069_0
764,385,100.68468468468468,5.65948261225201,1.088380593248095,8.660732578964522,0.009931997136721547,ppf021_xy069_0
765,396,101.08108108108108,0.0423864099650531,1.033222810998459,7.835874750427793,0.009893048128342246,ppf021_xy069_0
766,407,100.88288288288288,0.7236128486951927,0.9652959630122457,6.826028545990652,0.009912484372209323,ppf021_xy069_0
767,418,101.67567567567568,1.3783033936543452,0.8919254880818678,5.873593039250209,0.009835194045720362,ppf021_xy069_0
768,429,103.06306306306307,2.002004609245484,0.8256330615003244,5.101605033489381,0.009702797202797202,ppf021_xy069_0
769,0,101.47747747747748,4.615310135642746,0.5211116727186899,2.0463316991230833,0.009854403409090908,ppf021_xy070_0
770,11,99.89189189189189,5.221070366601799,0.5756422330318122,2.4579910835003007,0.010010822510822512,ppf021_xy070_0
771,22,98.70270270270271,5.869189244080512,0.6425534278718932,3.026162885572874,0.01013143483023001,ppf021_xy070_0
772,33,98.90090090090091,0.2881880043163451,0.7068691190080536,3.6696363740393156,0.010111131353616323,ppf021_xy070_0
773,44,100.48648648648648,1.023414472551453,0.769531120544974,4.418804657892048,0.009951586874663798,ppf021_xy070_0
774,55,100.48648648648648,1.704227997612386,0.8218596611045458,5.0401998490585775,0.009951586874663798,ppf021_xy070_0
775,66,100.48648648648648,2.3859616720417103,0.8707496101152712,5.657688140720049,0.009951586874663798,ppf021_xy070_0
776,77,100.28828828828829,3.067622736473207,0.9302961589841573,6.445215468624124,0.009971254042400287,ppf021_xy070_0
777,88,101.27927927927928,3.7672321939503752,0.9932263437998738,7.419281143820369,0.009873687955879737,ppf021_xy070_0
778,99,101.67567567567568,4.4461612369268595,1.039396308687889,8.156881885180262,0.009835194045720362,ppf021_xy070_0
779,110,102.07207207207207,5.122984215376487,1.0768519765457376,8.789490808502638,0.009796999117387467,ppf021_xy070_0
780,121,101.67567567567568,5.7966042042965835,1.1204510344762306,9.478674225232234,0.009835194045720362,ppf021_xy070_0
781,132,101.87387387387388,0.19379813178392805,1.169933343619765,10.354516504421422,0.009816059426954368,ppf021_xy070_0
782,143,102.07207207207207,0.8658409998614504,1.2046202940012933,10.998970772411145,0.009796999117387467,ppf021_xy070_0
783,154,102.66666666666667,1.5322383445742214,1.234021683360792,11.609668247650767,0.00974025974025974,ppf021_xy070_0
784,165,102.66666666666667,2.2010448288583166,1.2547534105706213,12.003032930718566,0.00974025974025974,ppf021_xy070_0
785,176,102.46846846846847,2.8733451939702155,1.278643738839245,12.440393682000483,0.009759099701072622,ppf021_xy070_0
786,187,102.46846846846847,3.5442675474176797,1.3101759979513001,13.061537130566604,0.009759099701072622,ppf021_xy070_0
787,198,102.86486486486487,4.208015750888661,1.3344909811296033,13.603263549552189,0.009721492380451918,ppf021_xy070_0
788,209,103.06306306306307,4.877641146478911,1.3453059798805862,13.851281550494171,0.009702797202797202,ppf021_xy070_0
789,220,103.06306306306307,5.542945883046445,1.3448542305819515,13.841980683289625,0.009702797202797202,ppf021_xy070_0
790,231,103.26126126126127,6.217959666307336,1.3240235547756476,13.44230095116933,0.009684173791659395,ppf021_xy070_0
791,242,103.26126126126127,0.6006466435255662,1.3212751305424084,13.386551489674172,0.009684173791659395,ppf021_xy070_0
792,253,103.26126126126127,1.2637912934930227,1.3142641886899673,13.244865125342725,0.009684173791659395,ppf021_xy070_0
793,264,102.66666666666667,1.925452199952375,1.294788995545245,12.781217556486503,0.00974025974025974,ppf021_xy070_0
794,275,102.46846846846847,2.5940798712813535,1.2615115358524742,12.109256088946342,0.009759099701072622,ppf021_xy070_0
795,286,102.66666666666667,3.265584590572841,1.2343626314937852,11.616084409678,0.00974025974025974,ppf021_xy070_0
796,297,102.86486486486487,3.931319330193432,1.2113029960359443,11.207723518683457,0.009721492380451918,ppf021_xy070_0
797,308,102.27027027027027,4.59554870820296,1.182022217940626,10.610734542413125,0.009778012684989429,ppf021_xy070_0
798,319,101.47747747747748,5.2664076316349595,1.1324516972084244,9.663930615645171,0.009854403409090908,ppf021_xy070_0
799,330,101.67567567567568,5.9370622903927845,1.081415859672968,8.829727532306247,0.009835194045720362,ppf021_xy070_0
800,341,102.27027027027027,0.31712829586891467,1.037173166033067,8.169523267294496,0.009778012684989429,ppf021_xy070_0
801,352,102.86486486486487,0.9739160846857473,0.9934733324019526,7.539182457762937,0.009721492380451918,ppf021_xy070_0
802,363,102.86486486486487,1.6326442644099273,0.9435844366561575,6.801009229686672,0.009721492380451918,ppf021_xy070_0
803,374,102.46846846846847,2.3048865121544435,0.8759477088322787,5.838366758538259,0.009759099701072622,ppf021_xy070_0
804,385,103.45945945945947,2.947246214564173,0.8066870294493372,4.999483269289433,0.009665621734587251,ppf021_xy070_0
805,22,49.94594594594595,5.574057544616143,0.5213860965714409,1.1642940438175247,0.02002164502164502,ppf021_xy073_0
806,33,49.54954954954955,0.6410789422587639,0.5861435734506137,1.4597929673615744,0.02018181818181818,ppf021_xy073_0
807,44,49.54954954954955,2.0181500629396028,0.6356230768337204,1.7166531872876651,0.02018181818181818,ppf021_xy073_0
808,55,49.74774774774775,3.395144204264332,0.6665150405557367,1.8951206887928185,0.020101412531691416,ppf021_xy073_0
809,66,112.97297297297297,3.309210757935501,0.47356436474658076,2.17258175521174,0.008851674641148326,ppf021_xy073_0
810,77,110.5945945945946,3.853126084881975,0.5324307493426038,2.6884607501068087,0.009042033235581623,ppf021_xy073_0
811,88,110.0,4.454785391542423,0.5942735361832743,3.3312636665113926,0.00909090909090909,ppf021_xy073_0
812,99,109.4054054054054,5.052518401913346,0.6437920228411849,3.888422996532761,0.009140316205533598,ppf021_xy073_0
813,110,107.22522522522523,5.619296814096303,0.6904337069657518,4.38313128606271,0.009326163669971433,ppf021_xy073_0
814,121,105.24324324324324,6.212363625195614,0.750278410654292,5.080221681157423,0.009501797637390858,ppf021_xy073_0
815,132,104.25225225225225,0.5540403449855725,0.8176728143829761,5.977066733289877,0.009592118907708261,ppf021_xy073_0
816,143,104.25225225225225,1.2034617684900464,0.881053351842618,6.939583450748864,0.009592118907708261,ppf021_xy073_0
817,154,103.06306306306307,1.8316478537591812,0.9313629868883216,7.666277509645804,0.009702797202797202,ppf021_xy073_0
818,165,101.67567567567568,2.4675799263066653,0.9851464877986259,8.461789840122321,0.009835194045720362,ppf021_xy073_0
819,176,100.88288288288288,3.1302575855751487,1.0509913301048621,9.555629273692945,0.009912484372209323,ppf021_xy073_0
820,187,100.68468468468468,3.8006132204934,1.109234721135728,10.62316350753552,0.009931997136721547,ppf021_xy073_0
821,198,100.28828828828829,4.469903135215082,1.1536619341438394,11.445924738397524,0.009971254042400287,ppf021_xy073_0
822,209,100.28828828828829,5.155647132385533,1.192172916623423,12.222843827449259,0.009971254042400287,ppf021_xy073_0
823,220,99.49549549549549,5.826395808189826,1.2156897890520175,12.609344145917156,0.010050706265845708,ppf021_xy073_0
824,231,99.29729729729729,0.22993335976720428,1.234521275893861,12.977114213159181,0.010070767555797496,ppf021_xy073_0
825,242,98.90090090090091,0.9097935607298451,1.2579211650280073,13.419941954544418,0.010111131353616323,ppf021_xy073_0
826,253,98.10810810810811,1.5899674146370926,1.2709904439143787,13.590424195743987,0.010192837465564738,ppf021_xy073_0
827,264,98.10810810810811,2.2821347262686817,1.268851735442086,13.544725188768703,0.010192837465564738,ppf021_xy073_0
828,275,98.50450450450451,2.976683367930748,1.2757816815406342,13.748406223820929,0.01015182001097494,ppf021_xy073_0
829,286,98.50450450450451,3.669742648942536,1.2600979582104126,13.412454061233635,0.01015182001097494,ppf021_xy073_0
830,297,98.90090090090091,4.36233204679141,1.2326378069416848,12.885900003652647,0.010111131353616323,ppf021_xy073_0
831,308,98.90090090090091,5.0498646791239725,1.200587409149461,12.224507114629704,0.010111131353616323,ppf021_xy073_0
832,319,98.70270270270271,5.7408145754943085,1.1556085724699003,11.303009574265435,0.01013143483023001,ppf021_xy073_0
833,330,99.0990990990991,0.14500499787590215,1.096500735912283,10.217181358823636,0.01009090909090909,ppf021_xy073_0
834,341,99.89189189189189,0.821208767826013,1.0453707929595413,9.360833131537552,0.010010822510822512,ppf021_xy073_0
835,352,100.28828828828829,1.4930193909817575,0.9965298312308332,8.540324403385515,0.009971254042400287,ppf021_xy073_0
836,363,100.09009009009009,2.1738936974354837,0.9369286402077258,7.534382261779337,0.009990999099909992,ppf021_xy073_0
837,374,100.28828828828829,2.8505882530056432,0.8597233496993804,6.356399782884105,0.009971254042400287,ppf021_xy073_0
838,385,101.67567567567568,3.4912217237818384,0.7917918083826768,5.46616348770495,0.009835194045720362,ppf021_xy073_0
839,0,93.15315315315316,3.9276670530465285,0.5082293848531076,2.194664788704108,0.010735009671179884,ppf021_xy074_0
840,11,92.16216216216216,4.612412665662285,0.5694880122634911,2.7262954639585004,0.010850439882697948,ppf021_xy074_0
841,22,91.17117117117117,5.310036708491142,0.63383911359678,3.3409247799027555,0.010968379446640317,ppf021_xy074_0
842,33,90.57657657657657,6.037410929919635,0.6983178721683452,4.0287777439082015,0.0110403819375373,ppf021_xy074_0
843,44,89.98198198198199,0.48781462541107923,0.7623171023042813,4.769556238487429,0.011113336003203843,ppf021_xy074_0
844,55,89.58558558558559,1.2365930595262087,0.8243539979654422,5.552860034252815,0.011162510056315366,ppf021_xy074_0
845,66,89.1891891891892,1.9901712137235057,0.8851672674271222,6.374028489056246,0.011212121212121211,ppf021_xy074_0
846,77,88.990990990991,2.7532244112687385,0.9419548368591332,7.202069316754557,0.011237092528851994,ppf021_xy074_0
847,88,88.7927927927928,3.5180557872461637,0.9943758052025434,8.008107717217298,0.011262175324675324,ppf021_xy074_0
848,99,88.5945945945946,4.285681482490611,1.0419672837546115,8.773370781322988,0.011287370347773032,ppf021_xy074_0
849,110,88.5945945945946,5.060016204336437,1.0841881064274819,9.498774889998323,0.011287370347773032,ppf021_xy074_0
850,121,88.3963963963964,5.830885989981826,1.1219594026423403,10.149389945905305,0.011312678353037097,ppf021_xy074_0
851,132,88.1981981981982,0.3206492945859611,1.15407700563637,10.714709033584645,0.011338100102145046,ppf021_xy074_0
852,143,88.0,1.096417704001299,1.1805396478432137,11.186517836959819,0.011363636363636364,ppf021_xy074_0
853,154,87.8018018018018,1.8748867211281064,1.2022590910718942,11.575790562124903,0.011389287912989945,ppf021_xy074_0
854,165,87.6036036036036,2.65557868174314,1.219535242125687,11.88397622760754,0.011415055532702592,ppf021_xy074_0
855,176,87.4054054054054,3.4386741529607696,1.231920228512831,12.099141543694305,0.011440940012368584,ppf021_xy074_0
856,187,87.2072072072072,4.225253239191835,1.2401053947837286,12.23265324118448,0.011466942148760331,ppf021_xy074_0
857,198,87.009009009009,5.014889288545422,1.2455734322427725,12.312719553557002,0.011493062745910127,ppf021_xy074_0
858,209,86.8108108108108,5.807123976930849,1.2480240427347336,12.33305900508498,0.011519302615193027,ppf021_xy074_0
859,220,86.61261261261261,0.31853058888019814,1.2482693585536138,12.309739197440303,0.01154566257541086,ppf021_xy074_0
860,231,86.41441441441441,1.1156382346092315,1.246168459124583,12.240264259205873,0.011572143452877399,ppf021_xy074_0
861,242,86.21621621621621,1.9155336881762008,1.2429883154109058,12.149940302570545,0.011598746081504702,ppf021_xy074_0
862,253,86.01801801801801,2.7172399855040994,1.2388785937672935,12.041983348045731,0.011625471302890659,ppf021_xy074_0
863,264,86.01801801801801,3.518948814690089,1.232565467660451,11.91956802750539,0.011625471302890659,ppf021_xy074_0
864,275,86.01801801801801,4.320858877379013,1.2247266048336192,11.768438136646182,0.011625471302890659,ppf021_xy074_0
865,286,86.21621621621621,5.122017645912527,1.215175454266204,11.612294161712141,0.011598746081504702,ppf021_xy074_0
866,297,86.41441441441441,5.92105423925242,1.2051542513079991,11.44781383800684,0.011572143452877399,ppf021_xy074_0
867,308,86.61261261261261,0.4345384582332214,1.194481692691872,11.271746880326553,0.01154566257541086,ppf021_xy074_0
868,319,87.009009009009,1.2267126244688689,1.1816428115324757,11.081224402676447,0.011493062745910127,ppf021_xy074_0
869,330,87.6036036036036,2.0121609874960664,1.1686434352131798,10.91282301433789,0.011415055532702592,ppf021_xy074_0
870,341,88.1981981981982,2.7913293816394504,1.1557156413831065,10.745157556192437,0.011338100102145046,ppf021_xy074_0
871,352,88.990990990991,3.562473067021782,1.1409544750227112,10.566563518400528,0.011237092528851994,ppf021_xy074_0
872,363,89.78378378378379,4.327141385647784,1.128182345736462,10.423356595338392,0.011137868753762792,ppf021_xy074_0
873,374,90.77477477477477,5.08190936723361,1.1161076705144268,10.314031622582949,0.011016276300119095,ppf021_xy074_0
874,385,91.56756756756756,5.829731820759603,1.105257232660433,10.202803008455064,0.010920897284533649,ppf021_xy074_0
875,396,92.55855855855856,0.2861216499475081,1.0931745881322303,10.088967675164861,0.010803971189410162,ppf021_xy074_0
876,407,93.54954954954955,1.0183873658238027,1.0830316736595818,10.008640943089897,0.010689522342064715,ppf021_xy074_0
877,418,94.54054054054055,1.7408124483459875,1.0730396167821863,9.92888971691475,0.010577472841623784,ppf021_xy074_0
878,429,95.33333333333333,2.4561650226027965,1.061362173038134,9.795420447161963,0.01048951048951049,ppf021_xy074_0
879,440,96.32432432432432,3.1631730521158747,1.046084645208921,9.61436750855966,0.010381593714927048,ppf021_xy074_0
880,451,97.11711711711712,3.864789955689798,1.0308396082514106,9.41302190564646,0.010296846011131726,ppf021_xy074_0
881,462,98.10810810810811,4.554196468096064,1.0116252217243211,9.157887222931768,0.010192837465564738,ppf021_xy074_0
882,473,98.70270270270271,5.241187626579012,0.9879327335383046,8.786883902131684,0.01013143483023001,ppf021_xy074_0
883,484,99.49549549549549,5.920343889056883,0.9597860826645915,8.359944771955309,0.010050706265845708,ppf021_xy074_0
884,495,100.48648648648648,0.30448269608347167,0.9291261450216025,7.9123978499000325,0.009951586874663798,ppf021_xy074_0
885,506,101.27927927927928,0.9653569423726045,0.8963447748436602,7.422015847485648,0.009873687955879737,ppf021_xy074_0
886,517,101.87387387387388,1.6238001910924516,0.8573079808103675,6.829480151894923,0.009816059426954368,ppf021_xy074_0
887,528,102.86486486486487,2.267252619462681,0.813527337670558,6.209583275954853,0.009721492380451918,ppf021_xy074_0
888,539,104.05405405405405,2.895436644599939,0.7693292848188321,5.61739064902333,0.00961038961038961,ppf021_xy074_0
889,0,133.1891891891892,3.5213707046293794,0.9736300180664789,4.5465371921429165,0.007508116883116883,ppf021_xy074_1
890,11,132.1981981981982,4.004901585864477,1.0313766210268442,5.063886511490617,0.007564399618372631,ppf021_xy074_1
891,22,129.81981981981983,4.473124592954873,1.0815385355866949,5.468256286069509,0.007702984038861901,ppf021_xy074_1
892,33,126.05405405405405,4.943728164214988,1.1431446965145045,5.93175345600765,0.007933104631217838,ppf021_xy074_1
893,44,123.67567567567568,5.460749350879577,1.2240287467179487,6.672543124400653,0.008085664335664336,ppf021_xy074_1
894,55,123.47747747747748,6.008255624687942,1.2993773610991965,7.507272893285026,0.008098642930103605,ppf021_xy074_1
895,66,123.67567567567568,0.27234897062094243,1.349453235024839,8.110055605596433,0.008085664335664336,ppf021_xy074_1
896,77,122.68468468468468,0.8149760407911845,1.3829188003163893,8.449044066083538,0.008150976648553385,ppf021_xy074_1
897,88,121.49549549549549,1.3682586303902815,1.4157901036266944,8.769640365787643,0.008230757822927481,ppf021_xy074_1
898,99,120.10810810810811,1.935636560132602,1.4686005021403772,9.328322100360188,0.008325832583258325,ppf021_xy074_1
899,110,119.90990990990991,2.503223061071316,1.5107414769650251,9.85505936916977,0.008339594290007513,ppf021_xy074_1
900,121,119.71171171171171,3.069541623801229,1.5267263107424467,10.048075354893092,0.008353401565322095,ppf021_xy074_1
901,132,118.91891891891892,3.645214266914439,1.5306877036124955,10.033397120036987,0.00840909090909091,ppf021_xy074_1
902,143,117.72972972972973,4.234432189430714,1.5397172281742242,10.050599051848762,0.008494031221303948,ppf021_xy074_1
903,154,116.34234234234235,4.83662439112714,1.5789319748386386,10.44452046747306,0.008595322905374013,ppf021_xy074_1
904,165,116.14414414414415,5.425114364300677,1.6064476732124409,10.793302483502716,0.008609990691901954,ppf021_xy074_1
905,176,115.94594594594595,6.01096655130185,1.6109155509813848,10.834901780211476,0.008624708624708625,ppf021_xy074_1
906,187,115.74774774774775,0.31822782033611585,1.6022540270427794,10.700378876739938,0.00863947696139477,ppf021_xy074_1
907,198,115.15315315315316,0.9137534095172211,1.5662032351566082,10.17175592269669,0.00868408699734001,ppf021_xy074_1
908,209,114.75675675675676,1.5126043324612002,1.5512813364051472,9.944507127500083,0.008714083843617522,ppf021_xy074_1
909,220,114.36036036036036,2.110253930944152,1.537373555592231,9.733257000218424,0.008744288640302505,ppf021_xy074_1
910,231,112.97297297297297,2.702817532365527,1.5222797053667336,9.427300168045917,0.008851674641148326,ppf021_xy074_1
911,242,111.38738738738739,3.2977679492725676,1.4834083839577654,8.826353937471136,0.008977677127143318,ppf021_xy074_1
912,253,108.8108108108108,3.901084111233609,1.4061487257540857,7.747443618721377,0.009190263288623945,ppf021_xy074_1
913,264,108.41441441441441,4.527698786866832,1.3527115355585124,7.143668255540531,0.00922386571381087,ppf021_xy074_1
914,275,108.61261261261261,5.16033577062457,1.3150870979170826,6.76414886794708,0.009207033842070339,ppf021_xy074_1
915,286,108.8108108108108,5.786295027092825,1.2876159950606276,6.496338331328637,0.009190263288623945,ppf021_xy074_1
916,297,108.61261261261261,0.12689251788789074,1.2552658741837595,6.162764434058606,0.009207033842070339,ppf021_xy074_1
917,308,108.01801801801803,0.7554962526512261,1.2076190758891645,5.672571729348383,0.009257714762301918,ppf021_xy074_1
918,319,107.42342342342343,1.3920096068719483,1.134439328168274,4.978349690877001,0.009308956725930895,ppf021_xy074_1
919,330,108.41441441441441,2.013634880114145,1.0575215801305309,4.366056665639046,0.00922386571381087,ppf021_xy074_1
920,341,110.1981981981982,2.6127821264310516,0.9989458395644557,3.9598819684089444,0.00907455853499019,ppf021_xy074_1
921,352,111.38738738738739,3.2008879915456343,0.9501471391580038,3.6211091042504426,0.008977677127143318,ppf021_xy074_1
922,363,111.38738738738739,3.8053395448506837,0.8911428321213208,3.1853306217364317,0.008977677127143318,ppf021_xy074_1
923,374,111.78378378378379,4.40425922102938,0.8092108451097287,2.6358825670881223,0.008945841392649903,ppf021_xy074_1
0,0,97.51351351351352,1.6864384435874555,0.5872126335909676,2.451607707245079,0.010254988913525498,ppf021_xy077_0
1,11,97.51351351351352,2.390730464128016,0.6707997090767551,3.1992334198545977,0.010254988913525498,ppf021_xy077_0
2,22,97.51351351351352,3.0812737360428244,0.7298653263251466,3.787439123034071,0.010254988913525498,ppf021_xy077_0
3,33,96.52252252252252,3.753619543848159,0.7797226368720828,4.278626146600361,0.010360276274033974,ppf021_xy077_0
4,44,94.93693693693693,4.434586228852505,0.8412748333029375,4.898988294689804,0.010533308028088823,ppf021_xy077_0
5,55,94.93693693693693,5.1597498892046945,0.9268687919121997,5.946578090188572,0.010533308028088823,ppf021_xy077_0
6,66,95.53153153153153,5.877533979417452,0.9924585222895304,6.860675257643986,0.01046774801961524,ppf021_xy077_0
7,77,95.53153153153153,0.3058994457822369,1.0343897668155595,7.452647206007796,0.01046774801961524,ppf021_xy077_0
8,88,94.93693693693693,1.0165547732314877,1.0749437851088015,7.998381476465023,0.010533308028088823,ppf021_xy077_0
9,99,94.54054054054055,1.7413690635886294,1.138892407297582,8.940851223614187,0.010577472841623784,ppf021_xy077_0
10,110,95.13513513513513,2.4626987534366527,1.192536802261586,9.864609824121395,0.010511363636363636,ppf021_xy077_0
11,121,95.53153153153153,3.1727122095335947,1.225812852086276,10.466234788624135,0.01046774801961524,ppf021_xy077_0
12,132,95.72972972972973,3.883566724712009,1.2438453204689703,10.798787072104426,0.010446075663466968,ppf021_xy077_0
13,143,95.53153153153153,4.604489422437874,1.2688244270518694,11.213603454554855,0.01046774801961524,ppf021_xy077_0
14,154,95.72972972972973,5.321414088457744,1.305459433474644,11.8951243499716,0.010446075663466968,ppf021_xy077_0
15,165,95.92792792792793,6.042314672452027,1.3136287019127824,12.069400907907148,0.010424492862509393,ppf021_xy077_0
16,176,95.33333333333333,0.46259116799740746,1.2890598756838327,11.550116138229905,0.01048951048951049,ppf021_xy077_0
17,187,95.53153153153153,1.1852902343927867,1.2495725657733228,10.875897243705044,0.01046774801961524,ppf021_xy077_0
18,198,95.53153153153153,1.8989025877288679,1.2451650269385677,10.799308816492834,0.01046774801961524,ppf021_xy077_0
19,209,95.53153153153153,2.6115925652946417,1.2315320132095524,10.564125294758558,0.01046774801961524,ppf021_xy077_0
20,220,95.13513513513513,3.320859207736118,1.200559850071317,9.997788885812236,0.010511363636363636,ppf021_xy077_0
21,231,94.73873873873875,4.039495373535743,1.131508492021704,8.843794163625686,0.010555344237352604,ppf021_xy077_0
22,242,95.53153153153153,4.759557678997592,1.0795226200262,8.11718839690695,0.01046774801961524,ppf021_xy077_0
23,253,96.32432432432432,5.465338384157211,1.0426652041273061,7.635212421278933,0.010381593714927048,ppf021_xy077_0
24,264,96.12612612612612,6.169749445634434,1.0000192197258906,7.008959111573575,0.010402999062792878,ppf021_xy077_0
25,275,95.53153153153153,0.6031157523288364,0.9302642459213163,6.0277438846157905,0.01046774801961524,ppf021_xy077_0
26,286,96.52252252252252,1.3011121580034595,0.8515456996870701,5.103169286631811,0.010360276274033974,ppf021_xy077_0
27,297,98.30630630630631,1.9623703685275302,0.7947991672159163,4.527845269158578,0.010172287390029325,ppf021_xy077_0
28,308,98.90090090090091,2.629414641113575,0.7428413877882116,3.9791272234196247,0.010111131353616323,ppf021_xy077_0
29,0,113.76576576576576,1.3342662246791959,0.774544885709741,3.326981140798645,0.008789990497307571,ppf021_xy078_0
30,11,113.96396396396396,1.9364955565229074,0.8583134486972889,4.092653196067935,0.008774703557312254,ppf021_xy078_0
31,22,113.76576576576576,2.5209456278951023,0.9200394312130122,4.694291337989625,0.008789990497307571,ppf021_xy078_0
32,33,113.17117117117117,3.10050864888669,0.9726647564966532,5.219245596617951,0.008836172583983443,ppf021_xy078_0
33,44,112.18018018018019,3.680000169052266,1.0231422698140493,5.724449800275973,0.008914230645679408,ppf021_xy078_0
34,55,111.38738738738739,4.278769595877284,1.0877034732528479,6.423956797465846,0.008977677127143318,ppf021_xy078_0
35,66,111.78378378378379,4.8944567616558325,1.1546209766718634,7.264458648134248,0.008945841392649903,ppf021_xy078_0
36,77,112.57657657657657,5.504415348552504,1.2090464878856848,8.021943534193916,0.008882842509603073,ppf021_xy078_0
37,88,112.97297297297297,6.1076602447556745,1.246150019203032,8.551863849307605,0.008851674641148326,ppf021_xy078_0
38,99,112.77477477477477,0.4294838502731047,1.2793208102330917,8.99738823611578,0.00886723118709059,ppf021_xy078_0
39,110,112.37837837837839,1.0379321375474515,1.3200062577737417,9.54509608149426,0.008898508898508899,ppf021_xy078_0
40,121,112.77477477477477,1.6488298147334086,1.3705842590917194,10.326877162979205,0.00886723118709059,ppf021_xy078_0
41,132,113.76576576576576,2.2498040002793416,1.4158419151935977,11.116976514595203,0.008789990497307571,ppf021_xy078_0
42,143,114.16216216216216,2.84714966585124,1.438671490389064,11.518369961668895,0.008759469696969698,ppf021_xy078_0
43,154,114.36036036036036,3.4467607496870407,1.4529406312652244,11.76838360526123,0.008744288640302505,ppf021_xy078_0
44,165,114.36036036036036,4.049071974375381,1.467925947253687,12.012388592519027,0.008744288640302505,ppf021_xy078_0
45,176,114.36036036036036,4.6552496029223,1.510196531727351,12.714170045067618,0.008744288640302505,ppf021_xy078_0
46,187,114.75675675675676,5.251024156677728,1.5365550847124843,13.20748412279113,0.008714083843617522,ppf021_xy078_0
47,198,115.15315315315316,5.843957462104342,1.5466055048423222,13.427046748615266,0.00868408699734001,ppf021_xy078_0
48,209,114.95495495495496,0.14983128793874864,1.5457571873612608,13.38923635193634,0.008699059561128526,ppf021_xy078_0
49,220,114.75675675675676,0.7390753544374673,1.5277985394841134,13.05737900301861,0.008714083843617522,ppf021_xy078_0
50,231,114.75675675675676,1.3368714955252363,1.4914662836797874,12.44373372104139,0.008714083843617522,ppf021_xy078_0
51,242,115.74774774774775,1.9494413276388134,1.4503746282440986,11.869119443099068,0.00863947696139477,ppf021_xy078_0
52,253,116.14414414414415,2.5443686443786055,1.4429275424651857,11.787777449723162,0.008609990691901954,ppf021_xy078_0
53,264,116.14414414414415,3.1300030641840078,1.4326070450822599,11.619757014564149,0.008609990691901954,ppf021_xy078_0
54,275,115.74774774774775,3.715930609624759,1.4099817252723992,11.21721593030885,0.00863947696139477,ppf021_xy078_0
55,286,115.54954954954955,4.3058725165604,1.3524541237083127,10.302886249070568,0.00865429596132855,ppf021_xy078_0
56,297,116.14414414414415,4.902573766627521,1.3032102799210534,9.615500073999254,0.008609990691901954,ppf021_xy078_0
57,308,117.33333333333333,5.489340650045142,1.2678214741789449,9.193548660576981,0.008522727272727274,ppf021_xy078_0
58,319,117.53153153153153,6.06927351991114,1.2395069501308424,8.802334965458357,0.008508355051356739,ppf021_xy078_0
59,330,117.33333333333333,0.3650702429998582,1.1997123809709547,8.232301233690496,0.008522727272727274,ppf021_xy078_0
60,341,116.93693693693693,0.9521506791635733,1.142847545098686,7.445157275607708,0.008551617873651772,ppf021_xy078_0
61,352,117.72972972972973,1.5265688699105735,1.077958111411223,6.66861246705111,0.008494031221303948,ppf021_xy078_0
62,363,118.52252252252252,2.0913304676084916,1.0282952862508505,6.109168999482859,0.00843721495895409,ppf021_xy078_0
63,374,117.92792792792793,2.672276213131258,0.9819636032512115,5.543103819092105,0.008479755538579069,ppf021_xy078_0
64,385,116.14414414414415,3.283180345417823,0.9199121808719967,4.791104245855039,0.008609990691901954,ppf021_xy078_0
65,11,135.76576576576576,3.1048170306003,0.34995413739463427,1.3299169982901156,0.007365627073656271,ppf021_xy079_0
66,22,134.3783783783784,3.5799796403560755,0.38644371130198274,1.6051435691335922,0.00744167337087691,ppf021_xy079_0
67,33,132.1981981981982,4.050533304796354,0.40083613282960534,1.698913477468492,0.007564399618372631,ppf021_xy079_0
68,44,119.51351351351352,4.492969909142703,0.4226700355148028,1.7077800405648702,0.008367254635911352,ppf021_xy079_0
69,55,112.57657657657657,5.025860718990536,0.5059896498534187,2.3053841503871912,0.008882842509603073,ppf021_xy079_0
70,66,111.38738738738739,5.600139643308868,0.5601150291015099,2.7951329382151777,0.008977677127143318,ppf021_xy079_0
71,77,110.3963963963964,6.1732651767192,0.5964691637687546,3.141542133703197,0.009058266688428268,ppf021_xy079_0
72,88,106.03603603603604,0.45512199252440405,0.6281390008099965,3.3463934490963267,0.009430756159728122,ppf021_xy079_0
73,99,100.28828828828829,1.0223941028618575,0.7067401643399125,4.0066532975228615,0.009971254042400287,ppf021_xy079_0
74,110,99.89189189189189,1.6815414450458428,0.8084149999148696,5.221688535782482,0.010010822510822512,ppf021_xy079_0
75,121,100.68468468468468,2.3469294556755655,0.8667307290762736,6.049838782013859,0.009931997136721547,ppf021_xy079_0
76,132,94.14414414414415,2.8533929840294374,0.9573494633697296,6.901544723769262,0.01062200956937799,ppf021_xy079_0
77,143,93.74774774774775,3.5660174466051178,0.9813340976590103,7.221154213839668,0.010666922929079376,ppf021_xy079_0
78,154,94.93693693693693,4.309785123970844,0.9997586620981546,7.589926414317284,0.010533308028088823,ppf021_xy079_0
79,165,94.93693693693693,5.024748207960323,0.9939146697791726,7.5014533946993005,0.010533308028088823,ppf021_xy079_0
80,176,95.13513513513513,5.73797469986459,0.9886764940166916,7.43808874572939,0.010511363636363636,ppf021_xy079_0
81,187,96.32432432432432,0.17124747152762954,0.965834289811461,7.187092095465954,0.010381593714927048,ppf021_xy079_0
82,198,94.73873873873875,0.8663884901806698,0.9333301796831042,6.601007339661869,0.010555344237352604,ppf021_xy079_0
83,209,93.54954954954955,1.5814903528636484,0.8666070022218662,5.619505323531141,0.010689522342064715,ppf021_xy079_0
84,220,94.73873873873875,2.2987583991954565,0.7783033342944257,4.590260992237635,0.010555344237352604,ppf021_xy079_0
85,231,99.49549549549549,2.957337998926425,0.7183093950989603,4.106184993043715,0.010050706265845708,ppf021_xy079_0
86,242,101.08108108108108,3.5981929205631396,0.6848050342190004,3.791541076810222,0.009893048128342246,ppf021_xy079_0
87,0,99.89189189189189,2.229948057081695,0.617678130908511,2.4569271187330077,0.010010822510822512,ppf021_xy081_0
88,11,99.29729729729729,2.879307482000208,0.663929328208017,2.8217512086004986,0.010070767555797496,ppf021_xy081_0
89,22,96.12612612612612,3.50530945655592,0.7148772300879531,3.1669554509006685,0.010402999062792878,ppf021_xy081_0
90,33,94.14414414414415,4.186666559311734,0.7846043552686216,3.736219008403432,0.01062200956937799,ppf021_xy081_0
91,44,95.92792792792793,4.922152499350135,0.8854862977931524,4.848934738471521,0.010424492862509393,ppf021_xy081_0
92,55,98.90090090090091,5.634357383355304,0.954165870707388,5.804777654805682,0.010111131353616323,ppf021_xy081_0
93,66,99.29729729729729,0.03336686400025597,0.9849686916640421,6.210404175799907,0.010070767555797496,ppf021_xy081_0
94,77,98.10810810810811,0.7230327966444108,1.0227477787314887,6.615757468819465,0.010192837465564738,ppf021_xy081_0
95,88,97.71171171171171,1.4273607416688308,1.0864472996351133,7.435352041155242,0.010234187718974736,ppf021_xy081_0
96,99,99.0990990990991,2.109869983182572,1.168299981318128,8.719990881240287,0.01009090909090909,ppf021_xy081_0
97,110,99.49549549549549,2.788303171468414,1.1891988400228795,9.070891200873238,0.010050706265845708,ppf021_xy081_0
98,121,99.69369369369369,3.4702985001655913,1.1943705425605609,9.168186500588602,0.010030724742454365,ppf021_xy081_0
99,132,98.90090090090091,4.143497701445854,1.149799811979021,8.42912121299809,0.010111131353616323,ppf021_xy081_0
100,143,99.69369369369369,4.846382356519851,1.0938841051705546,7.690381695555018,0.010030724742454365,ppf021_xy081_0
101,154,100.48648648648648,5.53262884602121,1.0767164646025478,7.510138643259973,0.009951586874663798,ppf021_xy081_0
102,165,99.69369369369369,6.203276913319971,1.0603471215736546,7.226057208761368,0.010030724742454365,ppf021_xy081_0
103,176,97.51351351351352,0.5932120129506651,1.0008090116976953,6.296581140653268,0.010254988913525498,ppf021_xy081_0
104,187,96.52252252252252,1.294004694338462,0.9067643528387348,5.116289673610281,0.010360276274033974,ppf021_xy081_0
105,198,99.69369369369369,1.9807358617269708,0.8169420633984535,4.289313485432962,0.010030724742454365,ppf021_xy081_0
106,209,101.27927927927928,2.635122194543098,0.7840260481532957,4.013462140374464,0.009873687955879737,ppf021_xy081_0
107,220,99.49549549549549,3.319245162737803,0.7431392166118272,3.542267582903531,0.010050706265845708,ppf021_xy081_0
108,231,97.71171171171171,4.029297539727807,0.6704069154199541,2.8311389012529404,0.010234187718974736,ppf021_xy081_0
109,0,109.009009009009,4.8743323513028205,0.628991834701313,2.7081840028010116,0.009173553719008265,ppf021_xy085_1
110,11,108.61261261261261,5.476097506493044,0.663242725492752,3.0002055676041017,0.009207033842070339,ppf021_xy085_1
111,22,106.43243243243244,6.065021500791171,0.7125388953295754,3.393258155436312,0.009395632300660234,ppf021_xy085_1
112,33,106.43243243243244,0.4222149121537985,0.7811650912780651,4.0783585463931,0.009395632300660234,ppf021_xy085_1
113,44,109.4054054054054,1.085194816191928,0.8541346936810174,5.012071600732233,0.009140316205533598,ppf021_xy085_1
114,55,111.38738738738739,1.7118614869343658,0.8970894613383394,5.629026441644866,0.008977677127143318,ppf021_xy085_1
115,66,112.57657657657657,2.3213361508161277,0.9218116277448628,6.007007349860509,0.008882842509603073,ppf021_xy085_1
116,77,111.78378378378379,2.9294483121058743,0.9530200979054393,6.375418324892557,0.008945841392649903,ppf021_xy085_1
117,88,110.990990990991,3.5491407835348965,1.0128052811638295,7.149331009729543,0.00900974025974026,ppf021_xy085_1
118,99,111.78378378378379,4.162927960380886,1.0630130559044852,7.931982815891078,0.008945841392649903,ppf021_xy085_1
119,110,112.77477477477477,4.763555558014026,1.094147940283113,8.477929958154723,0.00886723118709059,ppf021_xy085_1
120,121,112.57657657657657,5.370021532562911,1.106687187293177,8.658119249596059,0.008882842509603073,ppf021_xy085_1
121,132,112.18018018018019,5.985783302028677,1.1197941910781384,8.833205115689228,0.008914230645679408,ppf021_xy085_1
122,143,111.1891891891892,0.3343267553451543,1.1730092533173715,9.607075438853682,0.00899368011667477,ppf021_xy085_1
123,154,111.78378378378379,0.9443481488142377,1.2316395006920935,10.648091772729934,0.008945841392649903,ppf021_xy085_1
124,165,110.7927927927928,1.537568136475274,1.2192507668040788,10.342448005756278,0.009025857863067165,ppf021_xy085_1
125,176,110.1981981981982,2.1457410709551925,1.1808124082732485,9.648550438983271,0.00907455853499019,ppf021_xy085_1
126,187,110.7927927927928,2.786708579340229,1.1250721442638028,8.806392046480333,0.009025857863067165,ppf021_xy085_1
127,198,111.1891891891892,3.4148087284377797,1.1184300894427535,8.7338556512853,0.00899368011667477,ppf021_xy085_1
128,209,110.990990990991,4.028402779563905,1.1170952713675197,8.69748958778527,0.00900974025974026,ppf021_xy085_1
129,220,110.0,4.635898098036245,1.102565984958137,8.397067160689723,0.00909090909090909,ppf021_xy085_1
130,231,108.8108108108108,5.251970351887497,1.0595944639748545,7.671444884587329,0.009190263288623945,ppf021_xy085_1
131,242,108.8108108108108,5.886109627889529,1.0059674946286652,6.914578374869775,0.009190263288623945,ppf021_xy085_1
132,253,109.6036036036036,0.2321281897615519,0.9747155049038327,6.538924815218523,0.009123787604800263,ppf021_xy085_1
133,264,108.21621621621621,0.8574708125150323,0.9593774249387794,6.254564795699945,0.009240759240759242,ppf021_xy085_1
134,275,104.84684684684684,1.5078911351060238,0.9293910778816685,5.686933285855044,0.009537721257948101,ppf021_xy085_1
135,286,102.27027027027027,2.184138626700333,0.8778078620340282,4.948505960630432,0.009778012684989429,ppf021_xy085_1
136,297,102.27027027027027,2.844502782361909,0.8236298292321592,4.356515857407144,0.009778012684989429,ppf021_xy085_1
137,0,110.990990990991,4.566088244215234,0.6764518889226041,2.690544386066258,0.00900974025974026,ppf021_xy088_0
138,11,109.6036036036036,5.131761223972838,0.7335740006299026,3.1245774844247465,0.009123787604800263,ppf021_xy088_0
139,22,108.01801801801803,5.709668119420268,0.7991730731378371,3.6547400618622374,0.009257714762301918,ppf021_xy088_0
140,33,107.81981981981983,0.05896949094846827,0.8745497777066287,4.368640156640718,0.009274732620320855,ppf021_xy088_0
141,44,108.01801801801803,0.6957053277582652,0.9390568235569617,5.046131387690579,0.009257714762301918,ppf021_xy088_0
142,55,108.21621621621621,1.3303329109123034,0.9938885105209488,5.662996449004774,0.009240759240759242,ppf021_xy088_0
143,66,107.62162162162163,1.950716672473567,1.0466892285754945,6.246167779275071,0.009291813159216473,ppf021_xy088_0
144,77,107.02702702702703,2.5811552503017188,1.1061037014190394,6.936873221998149,0.009343434343434343,ppf021_xy088_0
145,88,107.22522522522523,3.2253584401133146,1.175908397305036,7.854572539409086,0.009326163669971433,ppf021_xy088_0
146,99,107.81981981981983,3.867259590124478,1.2316541913465144,8.664725011061119,0.009274732620320855,ppf021_xy088_0
147,110,108.21621621621621,4.5031243480708865,1.2738317973983388,9.30240235708562,0.009240759240759242,ppf021_xy088_0
148,121,108.21621621621621,5.136736648198764,1.3104710059632385,9.845228095397443,0.009240759240759242,ppf021_xy088_0
149,132,108.01801801801803,5.7714495208608225,1.3493932968601245,10.419620596130848,0.009257714762301918,ppf021_xy088_0
150,143,108.01801801801803,0.12378099601085785,1.3979162112160384,11.182453249855937,0.009257714762301918,ppf021_xy088_0
151,154,108.41441441441441,0.756241801540227,1.4352518461047101,11.831011077071432,0.00922386571381087,ppf021_xy088_0
152,165,108.8108108108108,1.3860274094468688,1.4602838232990163,12.292074937298866,0.009190263288623945,ppf021_xy088_0
153,176,108.8108108108108,2.016998572654822,1.4797864217598005,12.622597291001249,0.009190263288623945,ppf021_xy088_0
154,187,108.61261261261261,2.6513539239706114,1.5033412526375136,13.003911785140687,0.009207033842070339,ppf021_xy088_0
155,198,108.8108108108108,3.2860519595232316,1.537832515784048,13.632287275417054,0.009190263288623945,ppf021_xy088_0
156,209,109.2072072072072,3.911948377003836,1.569860347970333,14.257781185082491,0.009156904801187924,ppf021_xy088_0
157,220,109.4054054054054,4.544173946995961,1.5813034667719703,14.49265087235839,0.009140316205533598,ppf021_xy088_0
158,231,109.4054054054054,5.170221481013589,1.5861630746350406,14.581864386403943,0.009140316205533598,ppf021_xy088_0
159,242,109.2072072072072,5.796402781429143,1.5704009387288553,14.267602379482225,0.009156904801187924,ppf021_xy088_0
160,253,109.4054054054054,0.14514710925513413,1.5638626415040677,14.174723440225046,0.009140316205533598,ppf021_xy088_0
161,264,109.8018018018018,0.780525135373944,1.5573887998877847,14.108542971329333,0.009107318674105677,ppf021_xy088_0
162,275,109.8018018018018,1.4046559154897242,1.5550697012144912,14.066556355815807,0.009107318674105677,ppf021_xy088_0
163,286,109.4054054054054,2.024660849178574,1.5400864667946792,13.746989256719242,0.009140316205533598,ppf021_xy088_0
164,297,109.4054054054054,2.649341544647637,1.5149327509158506,13.301606415244816,0.009140316205533598,ppf021_xy088_0
165,308,109.6036036036036,3.279234001314855,1.4843523846487914,12.793149252984728,0.009123787604800263,ppf021_xy088_0
166,319,109.8018018018018,3.904195779047767,1.4628482919551815,12.447629379000139,0.009107318674105677,ppf021_xy088_0
167,330,109.6036036036036,4.5236219740780905,1.437827305585158,12.003748610615403,0.009123787604800263,ppf021_xy088_0
168,341,109.2072072072072,5.147530702456031,1.4017540250892777,11.36772421358105,0.009156904801187924,ppf021_xy088_0
169,352,108.8108108108108,5.775563851235185,1.3384750276914925,10.326929126371123,0.009190263288623945,ppf021_xy088_0
170,363,109.4054054054054,0.1154088361569934,1.2826237796924864,9.534895966763814,0.009140316205533598,ppf021_xy088_0
171,374,110.0,0.7324867129829989,1.2368496128510293,8.914666164157731,0.00909090909090909,ppf021_xy088_0
172,385,110.3963963963964,1.3455337322259682,1.190573022435496,8.289829083683893,0.009058266688428268,ppf021_xy088_0
173,396,110.3963963963964,1.959419269688888,1.1337943568316735,7.51799588478206,0.009058266688428268,ppf021_xy088_0
174,407,110.3963963963964,2.5773286381591136,1.0603851637802197,6.575984592513246,0.009058266688428268,ppf021_xy088_0
175,418,111.58558558558559,3.169650292568115,0.9845269420710662,5.729832307292263,0.008961730986597772,ppf021_xy088_0
176,0,113.17117117117117,4.001526563048502,0.6597280640289183,3.148906729093634,0.008836172583983443,ppf021_xy089_1
177,11,112.18018018018019,4.572873773062476,0.7271777464643837,3.7922011187317977,0.008914230645679408,ppf021_xy089_1
178,22,111.78378378378379,5.167882145590707,0.7909985766372911,4.471201878526133,0.008945841392649903,ppf021_xy089_1
179,33,112.18018018018019,5.787726478450411,0.8522260396295857,5.208585552820552,0.008914230645679408,ppf021_xy089_1
180,44,112.57657657657657,0.12105672761160605,0.906227025891089,5.910389827550411,0.008882842509603073,ppf021_xy089_1
181,55,112.77477477477477,0.7279737105886224,0.9530343340642519,6.548218027827631,0.00886723118709059,ppf021_xy089_1
182,66,112.57657657657657,1.3285649373904171,0.9990001099073798,7.182459384214641,0.008882842509603073,ppf021_xy089_1
183,77,112.57657657657657,1.9359760421056245,1.043588519175557,7.837917575851908,0.008882842509603073,ppf021_xy089_1
184,88,113.17117117117117,2.5514901974273343,1.0840684463985653,8.502434340666497,0.008836172583983443,ppf021_xy089_1
185,99,114.55855855855856,3.1688155595785874,1.1168716920742603,9.135412802617141,0.008729160113243158,ppf021_xy089_1
186,110,116.14414414414415,3.7747500247557992,1.1405900029257499,9.659407958641916,0.008609990691901954,ppf021_xy089_1
187,121,117.72972972972973,4.372116510909003,1.157188820463821,10.078332322394413,0.008494031221303948,ppf021_xy089_1
188,132,119.11711711711712,4.959012183049984,1.1690478481679467,10.407174025563695,0.008395099077295416,ppf021_xy089_1
189,143,120.30630630630631,5.53974338612047,1.1889115738224938,10.871302285927754,0.008312116219859217,ppf021_xy089_1
190,154,121.49549549549549,6.1121646340670885,1.2034637208269678,11.24916407006055,0.008230757822927481,ppf021_xy089_1
191,165,123.08108108108108,0.39312370612465086,1.2179940725851366,11.672818179572364,0.008124725516029864,ppf021_xy089_1
192,176,125.06306306306307,0.9454968537554143,1.2317518548051383,12.130245211231195,0.00799596599913557,ppf021_xy089_1
193,187,126.25225225225225,1.4950047607084862,1.242274042158768,12.455696700684744,0.007920650777793635,ppf021_xy089_1
194,198,127.04504504504504,2.0428485012670463,1.2544105213360741,12.780009497578517,0.007871223939866686,ppf021_xy089_1
195,209,127.63963963963964,2.5890106061421996,1.272562318365075,13.214105108196717,0.007834556747600226,ppf021_xy089_1
196,220,128.43243243243245,3.1265479403595196,1.2832326198305684,13.520089254929463,0.0077861952861952854,ppf021_xy089_1
197,231,129.22522522522524,3.658188037605254,1.2983451955576988,13.925850137212755,0.007738427216954823,ppf021_xy089_1
198,242,130.01801801801804,4.185655082203016,1.3047407720182584,14.14966240792068,0.0076912416851441226,ppf021_xy089_1
199,253,130.4144144144144,4.712369414237234,1.3063892222731643,14.228687535940205,0.007667864050842774,ppf021_xy089_1
200,264,131.009009009009,5.23486054213694,1.3046980265945958,14.256576261540598,0.007633062852427453,ppf021_xy089_1
201,275,131.40540540540542,5.755090850376458,1.2984934235806627,14.164029033920423,0.007610037021801727,ppf021_xy089_1
202,286,132.0,6.278339290842063,1.2796084309836229,13.817268150221802,0.007575757575757576,ppf021_xy089_1
203,297,133.1891891891892,0.5233388274531521,1.2591689609750312,13.499915911179734,0.007508116883116883,ppf021_xy089_1
204,308,133.981981981982,1.0393786005488832,1.2482576859494656,13.34593375090727,0.007463690155997848,ppf021_xy089_1
205,319,134.57657657657657,1.5485322367018513,1.237228213468401,13.169314683472017,0.007430713616280627,ppf021_xy089_1
206,330,134.3783783783784,2.0575297251899523,1.214803099059397,12.67754752472589,0.00744167337087691,ppf021_xy089_1
207,341,134.3783783783784,2.5680879213203163,1.1825599996351794,12.013507795844385,0.00744167337087691,ppf021_xy089_1
208,352,134.97297297297297,3.0822976656997425,1.1401759603131754,11.217204641697599,0.007408890668802563,ppf021_xy089_1
209,363,135.56756756756755,3.5933947431748856,1.107432995244717,10.628813594594492,0.007376395534290272,ppf021_xy089_1
210,374,135.76576576576576,4.099920614983807,1.0780885823765998,10.087725030534164,0.007365627073656271,ppf021_xy089_1
211,385,134.97297297297297,4.6151833043409525,1.0425769286058204,9.379012252315961,0.007408890668802563,ppf021_xy089_1
212,396,133.981981981982,5.139147111949256,0.9978639267880957,8.52870539557023,0.007463690155997848,ppf021_xy089_1
213,407,133.38738738738738,5.6668098680852665,0.9443696609265052,7.60488914901557,0.00749696069161151,ppf021_xy089_1
214,418,132.990990990991,6.192730347974387,0.9053105514983335,6.968053164134695,0.007519306327055953,ppf021_xy089_1
215,429,132.59459459459458,0.4358365399941349,0.8680856721042672,6.387708148487759,0.007541785568691399,ppf021_xy089_1
216,440,130.8108108108108,0.9880133104667737,0.833377309761651,5.807925678369598,0.007644628099173554,ppf021_xy089_1
217,451,128.23423423423424,1.5698896514702163,0.7930185116435773,5.155427719634135,0.007798229591119854,ppf021_xy089_1
218,462,125.45945945945947,2.172951694717114,0.7447487093116445,4.448534874168368,0.007970702283498492,ppf021_xy089_1
219,473,124.07207207207207,2.7598292683560586,0.695510603739677,3.836857019653275,0.008059831542259657,ppf021_xy089_1
220,484,124.07207207207207,3.314503962885028,0.647489803221335,3.3253240338023797,0.008059831542259657,ppf021_xy089_1
221,495,124.66666666666667,3.8460282667721235,0.6048941755187675,2.9161054327937292,0.00802139037433155,ppf021_xy089_1
222,0,93.35135135135135,5.087797187997631,0.636338134086678,2.022821393490106,0.010712217718587144,ppf021_xy091_0
223,11,91.96396396396396,5.783735518316497,0.7115492655272239,2.4916593135561875,0.010873824451410658,ppf021_xy091_0
224,22,93.15315315315316,0.26164458920503403,0.7834557029543144,3.059760833085271,0.010735009671179884,ppf021_xy091_0
225,33,94.14414414414415,0.9985063323156048,0.8321950952046673,3.4890295199337764,0.01062200956937799,ppf021_xy091_0
226,44,92.55855855855856,1.70760808974703,0.8815520084804702,3.849226701179441,0.010803971189410162,ppf021_xy091_0
227,55,91.76576576576576,2.443874825890278,0.9443015743752605,4.378881062512588,0.010897310033379149,ppf021_xy091_0
228,66,92.55855855855856,3.187054513340759,1.0198387004740863,5.151581655536506,0.010803971189410162,ppf021_xy091_0
229,77,94.14414414414415,3.9162474296605785,1.0697871783591144,5.765661177734373,0.01062200956937799,ppf021_xy091_0
230,88,94.34234234234235,4.638647309597096,1.0959701483854793,6.064082955392817,0.010599694423223834,ppf021_xy091_0
231,99,94.34234234234235,5.365314075290558,1.1184879500962102,6.315828121930723,0.010599694423223834,ppf021_xy091_0
232,110,94.34234234234235,6.095589926108045,1.1703013555275235,6.914536914437313,0.010599694423223834,ppf021_xy091_0
233,121,96.32432432432432,0.5147513422881864,1.2668037528598617,8.272098221221793,0.010381593714927048,ppf021_xy091_0
234,132,97.11711711711712,1.2115723613736302,1.3003328062349402,8.787510355207175,0.010296846011131726,ppf021_xy091_0
235,143,97.51351351351352,1.9106075253075445,1.315229534560267,9.026698542929822,0.010254988913525498,ppf021_xy091_0
236,154,97.31531531531532,2.6040615637119133,1.2883456727730307,8.643846163213379,0.010275874837992964,ppf021_xy091_0
237,165,98.30630630630631,3.3298930949925407,1.2482985120654408,8.197460126084493,0.010172287390029325,ppf021_xy091_0
238,176,99.49549549549549,4.045644959822029,1.2461771599698748,8.268448433298865,0.010050706265845708,ppf021_xy091_0
239,187,99.49549549549549,4.726814509650313,1.24727277868826,8.282993795642007,0.010050706265845708,ppf021_xy091_0
240,198,98.90090090090091,5.403650022153312,1.2171428821082628,7.840511634846506,0.010111131353616323,ppf021_xy091_0
241,209,99.49549549549549,6.096154954760427,1.169761149106423,7.285491136944544,0.010050706265845708,ppf021_xy091_0
242,220,100.88288288288288,0.501965230838014,1.1371725601766278,6.981218909665421,0.009912484372209323,ppf021_xy091_0
243,231,101.67567567567568,1.1725672520766606,1.1152120905259906,6.766951037126466,0.009835194045720362,ppf021_xy091_0
244,242,100.28828828828829,1.8418598911828143,1.0631098882806893,6.065513348721875,0.009971254042400287,ppf021_xy091_0
245,253,99.89189189189189,2.5236153562676216,0.9797686503075059,5.13142925146178,0.010010822510822512,ppf021_xy091_0
246,264,102.66666666666667,3.168277866157258,0.9062506304442423,4.512187455815591,0.00974025974025974,ppf021_xy091_0
247,275,105.63963963963964,3.7715379810101575,0.8594570059820783,4.1757669437127225,0.009466143612485076,ppf021_xy091_0
248,0,91.17117117117117,3.9885449302753466,0.4383188518438702,1.3176665040632631,0.010968379446640317,ppf021_xy092_0
249,11,84.63063063063063,4.563085068974079,0.5073628074524967,1.6388247168867294,0.011816052799659357,ppf021_xy092_0
250,22,85.42342342342343,5.387878096820205,0.625512899675771,2.5143005226453057,0.011706391056739084,ppf021_xy092_0
251,33,88.7927927927928,6.2185930734152155,0.7053969899864723,3.323629407975959,0.011262175324675324,ppf021_xy092_0
252,44,91.96396396396396,0.7140660448413497,0.7439479365331827,3.828868423063995,0.010873824451410658,ppf021_xy092_0
253,55,92.36036036036036,1.4461554464010475,0.7675896190203326,4.093657241267468,0.010827155676941085,ppf021_xy092_0
254,66,90.57657657657657,2.187321611412278,0.8362257758451507,4.764646392165341,0.0110403819375373,ppf021_xy092_0
255,77,92.16216216216216,2.9318589087086813,0.9204310203027265,5.873579092071211,0.010850439882697948,ppf021_xy092_0
256,88,94.93693693693693,3.6374296340199126,0.9731573387813109,6.763461346129432,0.010533308028088823,ppf021_xy092_0
257,99,95.92792792792793,4.339595591687216,0.9847533143977523,6.997898495542576,0.010424492862509393,ppf021_xy092_0
258,110,97.51351351351352,5.071789896769988,0.988651111515471,7.169990750469709,0.010254988913525498,ppf021_xy092_0
259,121,95.92792792792793,5.742642647973925,0.9453781074615031,6.449466900389093,0.010424492862509393,ppf021_xy092_0
260,132,96.12612612612612,0.169771916731193,0.8546120808089268,5.281376987413921,0.010402999062792878,ppf021_xy092_0
261,143,98.70270270270271,0.8822959057332221,0.8133642802536951,4.912096719001943,0.01013143483023001,ppf021_xy092_0
262,154,99.89189189189189,1.5623758497920652,0.7952638575791664,4.752481140799184,0.010010822510822512,ppf021_xy092_0
263,165,98.30630630630631,2.2344356008838187,0.754988183344613,4.215308457937205,0.010172287390029325,ppf021_xy092_0
264,176,96.12612612612612,2.938418781610718,0.6472641035549285,3.029508377958049,0.010402999062792878,ppf021_xy092_0
265,187,101.67567567567568,3.5688400911184193,0.5566677066130774,2.3701552567744106,0.009835194045720362,ppf021_xy092_0
266,0,79.67567567567568,3.1938400195831185,0.49042670606694083,1.6483321578926018,0.012550881953867029,ppf021_xy094_0
267,11,78.88288288288288,4.013940563867523,0.5554035378334515,2.0930076274267484,0.01267702147099132,ppf021_xy094_0
268,22,78.68468468468468,4.877353947281868,0.6215983280259906,2.615053855548848,0.012708953514998855,ppf021_xy094_0
269,33,78.88288288288288,5.7601937924911475,0.6850069213505433,3.183782906371879,0.01267702147099132,ppf021_xy094_0
270,44,78.88288288288288,0.34768343312778993,0.7457110772257565,3.773068728615781,0.01267702147099132,ppf021_xy094_0
271,55,78.88288288288288,1.2192214694791343,0.8051039455625015,4.398022403987166,0.01267702147099132,ppf021_xy094_0
272,66,79.27927927927928,2.1008570636794834,0.8604612715670912,5.048857376222335,0.012613636363636363,ppf021_xy094_0
273,77,79.87387387387388,2.980202669017559,0.9093525896057595,5.681200508610231,0.012519738326189939,ppf021_xy094_0
274,88,80.27027027027027,3.846522533258634,0.9529922369197984,6.270529340639918,0.012457912457912458,ppf021_xy094_0
275,99,80.66666666666666,4.708168142189644,0.9929341054322863,6.8407815302954855,0.012396694214876035,ppf021_xy094_0
276,110,81.26126126126127,5.56569672804814,1.029094739788584,7.402271816888545,0.012305986696230597,ppf021_xy094_0
277,121,82.25225225225225,0.13464781361096542,1.0591378772444056,7.936400054746889,0.012157721796276014,ppf021_xy094_0
278,132,83.04504504504504,0.9725326863285357,1.0843996754729777,8.399689573153944,0.012041657626383163,ppf021_xy094_0
279,143,83.83783783783784,1.8035344372513773,1.1059516805673297,8.820295363166856,0.011927788523533205,ppf021_xy094_0
280,154,84.63063063063063,2.6266793831186797,1.1269359985789866,9.244785405821405,0.011816052799659357,ppf021_xy094_0
281,165,85.62162162162161,3.440890388277075,1.1478170689667277,9.702855410285839,0.01167929292929293,ppf021_xy094_0
282,176,86.61261261261261,4.243192170093829,1.1673167186967166,10.151478604885492,0.01154566257541086,ppf021_xy094_0
283,187,87.8018018018018,5.0366959755595735,1.1820627294133843,10.552496819282956,0.011389287912989945,ppf021_xy094_0
284,198,88.5945945945946,5.820184094361633,1.1977664190875674,10.932569434223117,0.011287370347773032,ppf021_xy094_0
285,209,89.58558558558559,0.3145664103896218,1.213082541294912,11.339387454856976,0.011162510056315366,ppf021_xy094_0
286,220,90.57657657657657,1.0822033183673598,1.2311864583167416,11.80957627700158,0.0110403819375373,ppf021_xy094_0
287,231,91.56756756756756,1.8444204468689898,1.2495162061832346,12.296916313031563,0.010920897284533649,ppf021_xy094_0
288,242,92.36036036036036,2.594844114724123,1.2638695517887049,12.689978156971803,0.010827155676941085,ppf021_xy094_0
289,253,93.35135135135135,3.3447742100740867,1.2710174851035223,12.971625823496767,0.010712217718587144,ppf021_xy094_0
290,264,94.14414414414415,4.080878784059603,1.2817824599795558,13.304320966289893,0.01062200956937799,ppf021_xy094_0
291,275,94.93693693693693,4.807437143689502,1.2890291221453587,13.568487131500952,0.010533308028088823,ppf021_xy094_0
292,286,95.53153153153153,5.528461243488744,1.2867726188941853,13.605707045105769,0.01046774801961524,ppf021_xy094_0
293,297,96.52252252252252,6.247248310982716,1.2797934546423488,13.59812991046266,0.010360276274033974,ppf021_xy094_0
294,308,97.11711711711712,0.6717955633287883,1.2754606761945566,13.589412515510698,0.010296846011131726,ppf021_xy094_0
295,319,97.71171171171171,1.3691635498672632,1.2621736654310531,13.389230058518635,0.010234187718974736,ppf021_xy094_0
296,330,98.30630630630631,2.0645562348116924,1.2344705460386163,12.885865572965256,0.010172287390029325,ppf021_xy094_0
297,341,99.0990990990991,2.7549805783686954,1.2054762971682953,12.386762496163264,0.01009090909090909,ppf021_xy094_0
298,352,99.69369369369369,3.4343708683817256,1.174165812462609,11.822172790031921,0.010030724742454365,ppf021_xy094_0
299,363,100.09009009009009,4.109778048882399,1.130311126394567,10.999117431007361,0.009990999099909992,ppf021_xy094_0
300,374,100.68468468468468,4.781922894742754,1.0793108669481006,10.08851553481644,0.009931997136721547,ppf021_xy094_0
301,385,101.87387387387388,5.436521012412413,1.0274135714366408,9.249625953948835,0.009816059426954368,ppf021_xy094_0
302,396,102.66666666666667,6.084049039632514,0.9766365832538307,8.422988185579996,0.00974025974025974,ppf021_xy094_0
303,407,103.06306306306307,0.450709602300893,0.9143527310948594,7.41141840755633,0.009702797202797202,ppf021_xy094_0
304,418,104.05405405405405,1.084430603533595,0.8446645395505357,6.385549605513536,0.00961038961038961,ppf021_xy094_0
305,429,106.03603603603604,1.6733150851596346,0.7813789445192212,5.568620808988816,0.009430756159728122,ppf021_xy094_0
306,0,138.73873873873873,2.4708011225998097,0.5561109886309005,2.813384431783276,0.007207792207792208,ppf021_xy095_0
307,11,136.16216216216216,2.9186778931958544,0.586624238284537,3.0724500427843275,0.007344184200079397,ppf021_xy095_0
308,22,134.77477477477476,3.3949470853266064,0.6162101710685665,3.355635065579518,0.007419786096256685,ppf021_xy095_0
309,33,133.5855855855856,3.878101819890005,0.6456207360546673,3.6510932424582494,0.0074858376045319665,ppf021_xy095_0
310,44,133.5855855855856,4.381528068164711,0.6779310210792775,4.025677654835017,0.0074858376045319665,ppf021_xy095_0
311,55,132.59459459459458,4.876299435044742,0.700884374358739,4.270974317577853,0.007541785568691399,ppf021_xy095_0
312,66,130.61261261261262,5.372635514964656,0.7258437188221699,4.512110709145431,0.0076562284453028,ppf021_xy095_0
313,77,129.02702702702703,5.8878031057848546,0.7596400862939638,4.8820792378294895,0.007750314201927105,ppf021_xy095_0
314,88,128.23423423423424,0.12642054562718,0.7934141203798597,5.293125823640473,0.007798229591119854,ppf021_xy095_0
315,99,127.63963963963964,0.6481565408518851,0.8225779241174628,5.663019456758625,0.007834556747600226,ppf021_xy095_0
316,110,126.64864864864865,1.1741993451377541,0.8429252273218474,5.900475997715764,0.007895860008536065,ppf021_xy095_0
317,121,125.26126126126127,1.7057511374485557,0.8654352889831927,6.151688904445121,0.007983314154200229,ppf021_xy095_0
318,132,124.07207207207207,2.2497254622350997,0.895651335944235,6.526199951756528,0.008059831542259657,ppf021_xy095_0
319,143,123.08108108108108,2.791679052500529,0.9218105395628258,6.8577717355235315,0.008124725516029864,ppf021_xy095_0
320,154,122.28828828828829,3.3406680386729413,0.9406739502008489,7.095311803513484,0.008177397966701047,ppf021_xy095_0
321,165,120.90090090090091,3.894310556087798,0.9586612029714155,7.285648675467413,0.00827123695976155,ppf021_xy095_0
322,176,119.11711711711712,4.458422761513294,0.9849011747145804,7.576486772125405,0.008395099077295416,ppf021_xy095_0
323,187,118.12612612612612,5.028501765300541,1.010655075479414,7.911526168035517,0.008465527760829775,ppf021_xy095_0
324,198,117.33333333333333,5.60166756890499,1.0331468116252411,8.212093258824055,0.008522727272727274,ppf021_xy095_0
325,209,116.54054054054055,6.182083579285091,1.0481054310591984,8.394510087737832,0.008580705009276436,ppf021_xy095_0
326,220,115.35135135135135,0.4873093463882353,1.0642429969318796,8.566682537730234,0.00866916588566073,ppf021_xy095_0
327,231,114.36036036036036,1.0853067904458618,1.085827278216123,8.84108152433675,0.008744288640302505,ppf021_xy095_0
328,242,113.76576576576576,1.6842430922152647,1.1055595921159445,9.117678886269145,0.008789990497307571,ppf021_xy095_0
329,253,113.36936936936937,2.285592192031266,1.1174684855953894,9.28270787668887,0.008820724729815639,ppf021_xy095_0
330,264,112.18018018018019,2.869659042614186,1.131275333249762,9.413717322220112,0.008914230645679408,ppf021_xy095_0
331,275,111.78378378378379,3.476395637237769,1.1353326019876886,9.447859119322901,0.008945841392649903,ppf021_xy095_0
332,286,111.58558558558559,4.090716352615407,1.138015894529598,9.475740024931369,0.008961730986597772,ppf021_xy095_0
333,297,111.38738738738739,4.707480297644663,1.144227037151503,9.562441981490053,0.008977677127143318,ppf021_xy095_0
334,308,110.990990990991,5.32141850642704,1.1528803513761547,9.673075744732499,0.00900974025974026,ppf021_xy095_0
335,319,110.7927927927928,5.940194478245461,1.1512479088390066,9.628477126078417,0.009025857863067165,ppf021_xy095_0
336,330,110.3963963963964,0.2797053882744807,1.1479001815163903,9.538312143806882,0.009058266688428268,ppf021_xy095_0
337,341,110.0,0.9019913039608006,1.1399942742900895,9.373599844126765,0.00909090909090909,ppf021_xy095_0
338,352,109.4054054054054,1.5287361419634746,1.1283911171480978,9.134115133912196,0.009140316205533598,ppf021_xy095_0
339,363,109.009009009009,2.1626367051875786,1.1110501790230076,8.823443789092508,0.009173553719008265,ppf021_xy095_0
340,374,108.61261261261261,2.799030114090277,1.1015623602803315,8.64185192918756,0.009207033842070339,ppf021_xy095_0
341,385,108.21621621621621,3.433905569801815,1.0936861827636062,8.487624934999248,0.009240759240759242,ppf021_xy095_0
342,396,107.42342342342343,4.071617051704186,1.0837274372855425,8.27270447808197,0.009308956725930895,ppf021_xy095_0
343,407,106.43243243243244,4.7148473356785265,1.066971895409911,7.944898115050054,0.009395632300660234,ppf021_xy095_0
344,418,105.63963963963964,5.365971341691578,1.0452934331066812,7.56853353400182,0.009466143612485076,ppf021_xy095_0
345,429,105.04504504504504,6.022742612714853,1.0222803800840476,7.1982016297810905,0.009519725557461407,ppf021_xy095_0
346,440,104.64864864864865,0.395106434146202,0.9977637518306874,6.831207123555508,0.009555785123966943,ppf021_xy095_0
347,451,103.65765765765765,1.0612219606924727,0.9694354450501845,6.387744908993929,0.009647140622284027,ppf021_xy095_0
348,462,102.86486486486487,1.7331606876219903,0.9310694474304838,5.847087537301427,0.009721492380451918,ppf021_xy095_0
349,473,102.86486486486487,2.3958794350413886,0.8863536986168167,5.298946891740309,0.009721492380451918,ppf021_xy095_0
350,484,103.45945945945947,3.0401132594043943,0.8387551442915898,4.772533473076189,0.009665621734587251,ppf021_xy095_0
351,495,104.05405405405405,3.6766259051960177,0.7884990616768461,4.24199108579796,0.00961038961038961,ppf021_xy095_0
352,0,85.62162162162161,2.915102623180407,0.5797693590301057,2.1202207724365523,0.01167929292929293,ppf021_xy096_0
353,11,85.02702702702703,3.6934284952281744,0.6168236023796129,2.3832306695904015,0.011760966306420852,ppf021_xy096_0
354,22,84.63063063063063,4.485257547202073,0.6476814404774512,2.6153968720538696,0.011816052799659357,ppf021_xy096_0
355,33,84.43243243243244,5.286158027697857,0.672229454783842,2.8108100326093046,0.011843790012804096,ppf021_xy096_0
356,44,84.63063063063063,6.093386097078465,0.688964907224529,2.9594356298955735,0.011816052799659357,ppf021_xy096_0
357,55,84.63063063063063,0.6143919528388089,0.6992459326200501,3.048418530486956,0.011816052799659357,ppf021_xy096_0
358,66,84.63063063063063,1.4203450359100303,0.7030680909367909,3.0818356217136915,0.011816052799659357,ppf021_xy096_0
359,77,140.52252252252254,1.55425343218532,0.5688295365789179,3.349633826423155,0.007116296961148865,ppf021_xy096_0
360,88,140.52252252252254,2.0499625351613573,0.5949220745780653,3.6639810835756843,0.007116296961148865,ppf021_xy096_0
361,99,139.33333333333331,2.5390770042066784,0.6299696868621614,4.0736287778161895,0.0071770334928229675,ppf021_xy096_0
362,110,139.13513513513513,3.040308756781576,0.6674046240264184,4.565647258540039,0.007187257187257188,ppf021_xy096_0
363,121,139.13513513513513,3.5358146493394877,0.7002292048244043,5.025790402420523,0.007187257187257188,ppf021_xy096_0
364,132,139.13513513513513,4.029994002943063,0.7267559501942374,5.413786498729309,0.007187257187257188,ppf021_xy096_0
365,143,137.94594594594594,4.516909020860228,0.7460630288467042,5.656490967152069,0.007249216300940439,ppf021_xy096_0
366,154,137.15315315315314,5.010623055643716,0.7709806258303653,6.005924162976358,0.0072911192853389395,ppf021_xy096_0
367,165,136.36036036036035,5.508018284072746,0.7996962603400892,6.424293718589013,0.0073335095137420725,ppf021_xy096_0
368,176,135.76576576576576,6.005464365187209,0.8280845066073141,6.858461576468395,0.007365627073656271,ppf021_xy096_0
369,187,134.97297297297297,0.21599719079050825,0.8486722815383029,7.1616644351298735,0.007408890668802563,ppf021_xy096_0
370,198,133.981981981982,0.7141310645170944,0.8664746859722597,7.410461833085353,0.007463690155997848,ppf021_xy096_0
371,209,132.0,1.2187467031963268,0.8853480504655451,7.622354095424641,0.007575757575757576,ppf021_xy096_0
372,220,130.4144144144144,1.7260669307398369,0.9118663920906476,7.988681983808089,0.007667864050842774,ppf021_xy096_0
373,231,129.02702702702703,2.234239752912448,0.9386699478487988,8.375170103009472,0.007750314201927105,ppf021_xy096_0
374,242,127.63963963963964,2.745336413267718,0.9657392107674672,8.769855091777242,0.007834556747600226,ppf021_xy096_0
375,253,125.65765765765767,3.2532495997710877,0.9938576229617356,9.143751703227359,0.007958130197877831,ppf021_xy096_0
376,264,123.08108108108108,3.762893323926839,1.0277469594722322,9.57747047037475,0.008124725516029864,ppf021_xy096_0
377,275,118.72072072072072,4.230418015457298,1.0620740855614588,9.86559464017358,0.008423129458187888,ppf021_xy096_0
378,286,113.96396396396396,4.699782098883106,1.1240475863736517,10.607769145618834,0.008774703557312254,ppf021_xy096_0
379,297,111.78378378378379,5.25365883183944,1.1759609439840182,11.38811176057425,0.008945841392649903,ppf021_xy096_0
380,308,110.7927927927928,5.845550532983032,1.223362747330372,12.215440464322835,0.009025857863067165,ppf021_xy096_0
381,319,110.1981981981982,0.1677057103418711,1.257032040428453,12.827862816732987,0.00907455853499019,ppf021_xy096_0
382,330,110.0,0.7845256164787293,1.2771696093748794,13.218341109436558,0.00909090909090909,ppf021_xy096_0
383,341,109.8018018018018,1.4044135738733428,1.2905675560536765,13.472806458764518,0.009107318674105677,ppf021_xy096_0
384,352,110.0,2.027162328152568,1.2970162437426493,13.632347048598312,0.00909090909090909,ppf021_xy096_0
385,363,109.8018018018018,2.6482155048897207,1.2980397715887084,13.62926963840178,0.009107318674105677,ppf021_xy096_0
386,374,109.6036036036036,3.2690759400528924,1.2934266673283807,13.50814062375149,0.009123787604800263,ppf021_xy096_0
387,385,109.6036036036036,3.8911810266190634,1.2774327112323405,13.176134439613952,0.009123787604800263,ppf021_xy096_0
388,396,109.6036036036036,4.5162721982856056,1.2554326341087172,12.726201015387518,0.009123787604800263,ppf021_xy096_0
389,407,110.0,5.138199459177167,1.2308985474129948,12.277906497369662,0.00909090909090909,ppf021_xy096_0
390,418,110.0,5.760921736861274,1.1965579552287129,11.602385208955727,0.00909090909090909,ppf021_xy096_0
391,429,110.0,0.10085367095540301,1.1590326479798227,10.8860704930557,0.00909090909090909,ppf021_xy096_0
392,440,109.8018018018018,0.7250236032755523,1.1202672991240106,10.15172636230582,0.009107318674105677,ppf021_xy096_0
393,451,109.6036036036036,1.3512761054575688,1.0751666311587758,9.333907783270334,0.009123787604800263,ppf021_xy096_0
394,462,109.6036036036036,1.9745766543815375,1.024207945332565,8.470094049651467,0.009123787604800263,ppf021_xy096_0
395,473,109.8018018018018,2.5941717427634687,0.9685146751939736,7.587679814972377,0.009107318674105677,ppf021_xy096_0
396,484,110.1981981981982,3.2075488663447427,0.9140675654296596,6.782943654196364,0.00907455853499019,ppf021_xy096_0
397,495,110.7927927927928,3.8141972881195065,0.8582955310374178,6.012738697165375,0.009025857863067165,ppf021_xy096_0
398,506,111.1891891891892,4.418039156709019,0.8035770149210512,5.2893790813421235,0.00899368011667477,ppf021_xy096_0
399,517,111.58558558558559,5.017855651911128,0.7456347998688425,4.570329933126402,0.008961730986597772,ppf021_xy096_0
400,528,111.78378378378379,5.628296846004962,0.6802874398335738,3.8111042564110944,0.008945841392649903,ppf021_xy096_0
401,0,91.36936936936937,5.04338705877129,0.5775986058117162,2.141892232259324,0.01094458686649576,ppf021_xy097_0
402,11,89.38738738738739,5.727597382443052,0.646709242848478,2.6268731151619362,0.011187260632936907,ppf021_xy097_0
403,22,90.57657657657657,0.23541449952630739,0.7246912681592944,3.342463512045834,0.0110403819375373,ppf021_xy097_0
404,33,94.14414414414415,1.0522870953538175,0.7889205743640592,4.117224912873104,0.01062200956937799,ppf021_xy097_0
405,44,96.12612612612612,1.7969006156734588,0.8293584534605282,4.645909095093864,0.010402999062792878,ppf021_xy097_0
406,55,95.92792792792793,2.5021835076971755,0.8674720289229979,5.072251039515637,0.010424492862509393,ppf021_xy097_0
407,66,95.53153153153153,3.2204064730830377,0.9314788336024783,5.8242155227676315,0.01046774801961524,ppf021_xy097_0
408,77,96.91891891891892,3.9406838550677747,1.0058857433148665,6.890497550358629,0.010317902955939765,ppf021_xy097_0
409,88,98.50450450450451,4.638265657003071,1.0528019151391947,7.671744651190775,0.01015182001097494,ppf021_xy097_0
410,99,99.69369369369369,5.323318111012901,1.0754310241426737,8.10172550484679,0.010030724742454365,ppf021_xy097_0
411,110,99.49549549549549,6.0147041222907776,1.0997846651365715,8.455970411097363,0.010050706265845708,ppf021_xy097_0
412,121,99.29729729729729,0.42455769328779785,1.1364736295797753,9.011578487863574,0.010070767555797496,ppf021_xy097_0
413,132,100.48648648648648,1.101223003552148,1.199380679923349,10.157023909645408,0.009951586874663798,ppf021_xy097_0
414,143,100.88288288288288,1.7838259057425208,1.2147916597648587,10.460821786239322,0.009912484372209323,ppf021_xy097_0
415,154,101.27927927927928,2.4727945496381714,1.1631340298950257,9.627750834123951,0.009873687955879737,ppf021_xy097_0
416,165,102.46846846846847,3.169230628716735,1.1385862661370774,9.333979503896767,0.009759099701072622,ppf021_xy097_0
417,176,102.66666666666667,3.8342652321250985,1.1313552118581265,9.233623056099876,0.00974025974025974,ppf021_xy097_0
418,187,101.47747747747748,4.490557234668619,1.1017502799153833,8.655271947667368,0.009854403409090908,ppf021_xy097_0
419,198,100.68468468468468,5.161735958630983,1.030354500323763,7.510718323497066,0.009931997136721547,ppf021_xy097_0
420,209,101.87387387387388,5.842819666890968,0.9733899773392065,6.782366860122888,0.009816059426954368,ppf021_xy097_0
421,220,102.27027027027027,0.22658487634170127,0.9479289262863364,6.45722131475017,0.009778012684989429,ppf021_xy097_0
422,231,101.27927927927928,0.8928241147660597,0.9171626564588578,5.986294039778763,0.009873687955879737,ppf021_xy097_0
423,242,98.10810810810811,1.5935265938936938,0.8483730578428238,4.961618323764178,0.010192837465564738,ppf021_xy097_0
424,253,97.31531531531532,2.298893737441627,0.7718694218760542,4.0739301906867,0.010275874837992964,ppf021_xy097_0
425,264,99.29729729729729,2.9592435662129453,0.7071400976654959,3.48893655553315,0.010070767555797496,ppf021_xy097_0
426,0,66.990990990991,2.6290564396696583,0.6622548175497185,2.052320591249534,0.014927380311995695,ppf021_xy098_0
427,11,66.5945945945946,3.6344978335955864,0.7291550712917801,2.473189126761574,0.015016233766233766,ppf021_xy098_0
428,22,66.1981981981982,4.648565217042908,0.7907929474833599,2.8916804015425748,0.015106151333696244,ppf021_xy098_0
429,33,66.0,5.676303295821716,0.8436535316816602,3.2813362854305472,0.015151515151515152,ppf021_xy098_0
430,44,66.0,0.42943739891166716,0.885777078593561,3.6171903105665932,0.015151515151515152,ppf021_xy098_0
431,55,66.1981981981982,1.4692529716647944,0.917232404739215,3.89030360335818,0.015106151333696244,ppf021_xy098_0
432,66,66.3963963963964,2.5051355976744683,0.9395503339405671,4.094144429840579,0.015061058344640435,ppf021_xy098_0
433,77,66.7927927927928,3.536828199363637,0.9517727188154417,4.226439485189092,0.014971675209063933,ppf021_xy098_0
434,88,67.38738738738738,4.560141227037704,0.954731292157384,4.290614352240222,0.01483957219251337,ppf021_xy098_0
435,99,67.98198198198199,5.5724746816869075,0.9516422079187254,4.300508017449546,0.014709780015902464,ppf021_xy098_0
436,110,68.97297297297297,0.28525523128693825,0.9422237396084587,4.277259288924547,0.014498432601880879,ppf021_xy098_0
437,121,70.16216216216216,1.2616200387526932,0.9297319028122947,4.236400191131867,0.014252696456086287,ppf021_xy098_0
438,132,71.54954954954955,2.216382933495266,0.916102219609579,4.194433587883094,0.013976328380760513,ppf021_xy098_0
439,143,73.13513513513513,3.1488586834824353,0.9031040913537266,4.166584898586723,0.013673318551367332,ppf021_xy098_0
440,154,110.0,5.74689838353948,0.7506328028798531,4.329386030193099,0.00909090909090909,ppf021_xy098_0
441,165,109.6036036036036,0.07398316107238084,0.812107279084393,5.049288521232214,0.009123787604800263,ppf021_xy098_0
442,176,108.61261261261261,0.6692384570618982,0.8657993943912322,5.687132722296371,0.009207033842070339,ppf021_xy098_0
443,187,107.42342342342343,1.2701642464240293,0.9216341118177946,6.3737440203724605,0.009308956725930895,ppf021_xy098_0
444,198,105.83783783783784,1.868641674213413,0.9897893518655994,7.242776128300712,0.009448416751787538,ppf021_xy098_0
445,209,105.24324324324324,2.4992512944805094,1.0613451870500195,8.281062844337855,0.009501797637390858,ppf021_xy098_0
446,220,104.84684684684684,3.136971675911058,1.1224450447590948,9.227075958709378,0.009537721257948101,ppf021_xy098_0
447,231,103.26126126126127,3.7467322161840833,1.1678964748861183,9.838404361484098,0.009684173791659395,ppf021_xy098_0
448,242,103.06306306306307,4.404500687492622,1.2199705756557189,10.714707149975643,0.009702797202797202,ppf021_xy098_0
449,253,103.06306306306307,5.066465357726211,1.2662438868820802,11.54293677297905,0.009702797202797202,ppf021_xy098_0
450,264,102.27027027027027,5.70776364473101,1.3105495469608706,12.26972532804808,0.009778012684989429,ppf021_xy098_0
451,275,102.27027027027027,0.08743809685233526,1.3383176186424206,12.795178300497776,0.009778012684989429,ppf021_xy098_0
452,286,102.86486486486487,0.7588754036294421,1.3612564692081883,13.31452020347092,0.009721492380451918,ppf021_xy098_0
453,297,103.06306306306307,1.420929014121093,1.3817001877038932,13.743875947840982,0.009702797202797202,ppf021_xy098_0
454,308,103.26126126126127,2.0782429248878302,1.3909121874463046,13.954535925098025,0.009684173791659395,ppf021_xy098_0
455,319,103.65765765765765,2.739637986260247,1.3880877436263135,13.95127109206701,0.009647140622284027,ppf021_xy098_0
456,330,104.45045045045045,3.396545248081251,1.3823394610959,13.941781646645317,0.009573917543557013,ppf021_xy098_0
457,341,104.64864864864865,4.047976611943854,1.367218962603014,13.664329269240088,0.009555785123966943,ppf021_xy098_0
458,352,105.04504504504504,4.698218293011861,1.3358846576996646,13.094594180428766,0.009519725557461407,ppf021_xy098_0
459,363,105.44144144144144,5.345837943856209,1.3024540664252415,12.494380107840172,0.009483937115516063,ppf021_xy098_0
460,374,105.83783783783784,5.986348888471902,1.2640024982881708,11.811780598420526,0.009448416751787538,ppf021_xy098_0
461,385,106.03603603603604,0.34249887529827094,1.2139424368249097,10.915112572678265,0.009430756159728122,ppf021_xy098_0
462,396,106.43243243243244,0.9819924157705724,1.1499465189433284,9.831229202893626,0.009395632300660234,ppf021_xy098_0
463,407,107.42342342342343,1.6061298608757206,1.0901140171035666,8.917053746252938,0.009308956725930895,ppf021_xy098_0
464,418,108.01801801801803,2.225668862659822,1.0352384537991295,8.086406007824712,0.009257714762301918,ppf021_xy098_0
465,429,108.41441441441441,2.8421008262839953,0.9731669861437761,7.172000496653481,0.00922386571381087,ppf021_xy098_0
466,440,108.8108108108108,3.459101313506912,0.8997961657248712,6.153736139288879,0.009190263288623945,ppf021_xy098_0
467,0,156.3783783783784,2.5907387371687967,0.375199613282081,1.4143568210917212,0.0063947459384721735,ppf021_xy099_0
468,11,151.81981981981983,2.9988714306882653,0.42693115894643907,1.7778769368377794,0.006586755281272253,ppf021_xy099_0
469,22,151.81981981981983,3.4573863541808794,0.4739331219276555,2.1908876862969815,0.006586755281272253,ppf021_xy099_0
470,33,151.22522522522522,3.8931128180936234,0.4966962559979126,2.396975155567657,0.006612653401644228,ppf021_xy099_0
471,44,150.03603603603602,4.3298505427730465,0.5128727498945176,2.5355510017380296,0.006665065449741804,ppf021_xy099_0
472,55,146.46846846846847,4.766494302573093,0.5324529821350754,2.667867078197957,0.0068274080452700205,ppf021_xy099_0
473,66,143.0990990990991,5.229852356788176,0.5742043646655935,3.0312893814994126,0.0069881641903802565,ppf021_xy099_0
474,77,142.10810810810813,5.706741679397174,0.6173416343103889,3.4795854988180186,0.007036896158235069,ppf021_xy099_0
475,88,141.7117117117117,6.179531796738719,0.6531875722232618,3.884535457039725,0.007056579783852512,ppf021_xy099_0
476,99,139.92792792792793,0.3629660146879576,0.6649200834212562,3.9746676891473127,0.007146536183363379,ppf021_xy099_0
477,110,137.74774774774775,0.8421123231117816,0.6833297523143588,4.13240318232066,0.007259646827992151,ppf021_xy099_0
478,121,135.76576576576576,1.3332318184119187,0.713063399554752,4.435106817970858,0.007365627073656271,ppf021_xy099_0
479,132,133.981981981982,1.8407717140289257,0.77606058621934,5.1843602588486455,0.007463690155997848,ppf021_xy099_0
480,143,132.990990990991,2.3341286224559314,0.8194143998790712,5.737027418856181,0.007519306327055953,ppf021_xy099_0
481,154,132.59459459459458,2.8320907919230143,0.8618868057127608,6.328252572201753,0.007541785568691399,ppf021_xy099_0
482,165,130.8108108108108,3.3292153016787083,0.8898894273533284,6.655386040990822,0.007644628099173554,ppf021_xy099_0
483,176,128.82882882882882,3.831536363129021,0.9281095779483739,7.129664399609967,0.0077622377622377624,ppf021_xy099_0
484,187,126.84684684684684,4.3395626670049445,0.9836898971903157,7.8859427166986835,0.007883522727272727,ppf021_xy099_0
485,198,125.65765765765767,4.856493151260356,1.0479986888356896,8.866821351487312,0.007958130197877831,ppf021_xy099_0
486,209,124.07207207207207,5.368455533703189,1.093286050280816,9.527943402479323,0.008059831542259657,ppf021_xy099_0
487,220,122.28828828828829,5.887513269586338,1.137072684499259,10.158248657780469,0.008177397966701047,ppf021_xy099_0
488,231,118.91891891891892,0.08849278155832105,1.1934734243317695,10.882632859547657,0.00840909090909091,ppf021_xy099_0
489,242,115.94594594594595,0.601345436168626,1.2437678717480365,11.523695031587668,0.008624708624708625,ppf021_xy099_0
490,253,114.75675675675676,1.1663372738765265,1.2760200170819715,12.004684763018643,0.008714083843617522,ppf021_xy099_0
491,264,114.55855855855856,1.756660409227517,1.2987584253732283,12.414859707983158,0.008729160113243158,ppf021_xy099_0
492,275,115.35135135135135,2.3551902085121714,1.3279205162752268,13.068458652068216,0.00866916588566073,ppf021_xy099_0
493,286,115.35135135135135,2.941900483093397,1.3430162878769012,13.367271409655759,0.00866916588566073,ppf021_xy099_0
494,297,115.35135135135135,3.5302560912913727,1.3427246764204794,13.36146712221083,0.00866916588566073,ppf021_xy099_0
495,308,114.95495495495496,4.1124791693349065,1.3345435185814671,13.153783707125845,0.008699059561128526,ppf021_xy099_0
496,319,115.54954954954955,4.7040079695905614,1.3207795090097894,12.950496586003506,0.00865429596132855,ppf021_xy099_0
497,330,115.94594594594595,5.288747330360757,1.2964996399893243,12.521544146847267,0.008624708624708625,ppf021_xy099_0
498,341,116.54054054054055,5.871371336312163,1.254990167027238,11.792752779248335,0.008580705009276436,ppf021_xy099_0
499,352,117.72972972972973,0.1645131013436526,1.2098021176456697,11.070630293399272,0.008494031221303948,ppf021_xy099_0
500,363,118.52252252252252,0.7345361100345278,1.1718224666488117,10.456396579190184,0.00843721495895409,ppf021_xy099_0
501,374,118.91891891891892,1.2991169560091744,1.1273454528365732,9.710073274022315,0.00840909090909091,ppf021_xy099_0
502,385,118.91891891891892,1.870116083654026,1.0658486709208677,8.679597144648792,0.00840909090909091,ppf021_xy099_0
503,396,119.71171171171171,2.433136160405893,0.9943117401352863,7.603950746502659,0.008353401565322095,ppf021_xy099_0
504,407,121.29729729729729,2.966908869431808,0.9385244189702893,6.864355980709839,0.00824420677361854,ppf021_xy099_0
505,418,122.68468468468468,3.4901716680226142,0.8875736728385358,6.2095009005856365,0.008150976648553385,ppf021_xy099_0
506,429,122.88288288288288,4.032854672707672,0.8316026713932392,5.459849391226203,0.008137829912023461,ppf021_xy099_0
507,0,122.09009009009009,2.2141068183241446,0.6501045868720668,3.0641491735519693,0.008190672963400236,ppf021_xy102_0
508,11,115.54954954954955,2.6827313174262293,0.7148452443689803,3.5063506978051087,0.00865429596132855,ppf021_xy102_0
509,22,113.76576576576576,3.2492342363824163,0.7883686628556565,4.198878715486861,0.008789990497307571,ppf021_xy102_0
510,33,113.56756756756756,3.837082199397126,0.8410735213712545,4.770734799955407,0.008805330794859591,ppf021_xy102_0
511,44,112.37837837837839,4.4185006765888355,0.8735867640969145,5.092814776017026,0.008898508898508899,ppf021_xy102_0
512,55,109.8018018018018,5.009450548246108,0.9136123815188986,5.442475087198375,0.009107318674105677,ppf021_xy102_0
513,66,107.81981981981983,5.6247821742597655,0.9775492831126966,6.1184153327519235,0.009274732620320855,ppf021_xy102_0
514,77,107.62162162162163,6.252769969898501,1.03358709468865,6.827421533929019,0.009291813159216473,ppf021_xy102_0
515,88,106.82882882882883,0.5925818297581016,1.063010085184812,7.16846661019978,0.009360769101028841,ppf021_xy102_0
516,99,104.84684684684684,1.2354129973655328,1.09032910162302,7.401736351226958,0.009537721257948101,ppf021_xy102_0
517,110,103.26126126126127,1.8957011266968824,1.1389773347369638,7.954824795630599,0.009684173791659395,ppf021_xy102_0
518,121,102.66666666666667,2.5542938828059882,1.1877501805688304,8.600876303615092,0.00974025974025974,ppf021_xy102_0
519,132,102.46846846846847,3.2100594624569787,1.2192313075136105,9.045352307156131,0.009759099701072622,ppf021_xy102_0
520,143,101.87387387387388,3.873889313907553,1.2346679746099813,9.222023349730796,0.009816059426954368,ppf021_xy102_0
521,154,100.68468468468468,4.554046613752121,1.2575629120459761,9.455530187209066,0.009931997136721547,ppf021_xy102_0
522,165,100.09009009009009,5.237835308416739,1.2902430462959875,9.894575442306278,0.009990999099909992,ppf021_xy102_0
523,176,96.91891891891892,5.862964862338464,1.3001238643596897,9.728391754624333,0.010317902955939765,ppf021_xy102_0
524,187,96.32432432432432,0.27534766360175417,1.2941289966170941,9.579749160831321,0.010381593714927048,ppf021_xy102_0
525,198,95.92792792792793,0.9824796816669716,1.2737106358557586,9.24165270608347,0.010424492862509393,ppf021_xy102_0
526,209,96.12612612612612,1.6927419420199874,1.2645577273695148,9.128129441097554,0.010402999062792878,ppf021_xy102_0
527,220,96.32432432432432,2.4052980117677447,1.2452350881015768,8.869552330750416,0.010381593714927048,ppf021_xy102_0
528,231,96.12612612612612,3.1133124978186166,1.221539419804246,8.517643192339607,0.010402999062792878,ppf021_xy102_0
529,242,95.13513513513513,3.8206255501068274,1.1651108865827142,7.668995618580235,0.010511363636363636,ppf021_xy102_0
530,253,94.93693693693693,4.543072683785846,1.0981828919382701,6.799039945299088,0.010533308028088823,ppf021_xy102_0
531,264,96.12612612612612,5.2562364580446985,1.0418275695560426,6.195782477561996,0.010402999062792878,ppf021_xy102_0
532,275,96.72072072072072,5.957511193671238,1.0033438148905662,5.78205354828232,0.010339046199701937,ppf021_xy102_0
533,286,96.12612612612612,0.38354920628254363,0.9529979429173199,5.184279370778053,0.010402999062792878,ppf021_xy102_0
534,297,95.92792792792793,1.0945346585097435,0.8781516019422148,4.392857235509419,0.010424492862509393,ppf021_xy102_0
535,308,97.31531531531532,1.7772062892549672,0.8052423676008508,3.7471187634695124,0.010275874837992964,ppf021_xy102_0
536,319,98.50450450450451,2.4393083776009865,0.7535248865771325,3.321347534534419,0.01015182001097494,ppf021_xy102_0
537,0,82.25225225225225,6.178353590096838,0.48740422310022125,1.3442643752878878,0.012157721796276014,ppf021_xy104_0
538,11,84.63063063063063,0.8040627294889537,0.5685359051354701,1.8819222914271958,0.011816052799659357,ppf021_xy104_0
539,22,88.3963963963964,1.6997853884352174,0.6279182569869619,2.397723484022816,0.011312678353037097,ppf021_xy104_0
540,33,90.37837837837839,2.4983658829524673,0.6648091611013801,2.7480007734204346,0.011064593301435405,ppf021_xy104_0
541,44,88.7927927927928,3.232745758387988,0.7188023077686462,3.1561305327712863,0.011262175324675324,ppf021_xy104_0
542,55,88.990990990991,4.01104407592876,0.8047160342757924,3.964511371822792,0.011237092528851994,ppf021_xy104_0
543,66,91.56756756756756,4.78964216644804,0.8861459887664934,4.946642728568223,0.010920897284533649,ppf021_xy104_0
544,77,93.35135135135135,5.531032323314093,0.9287914661773355,5.540071338210987,0.010712217718587144,ppf021_xy104_0
545,88,93.94594594594595,6.257764717543381,0.9532382030841369,5.872719221324203,0.010644418872266973,ppf021_xy104_0
546,99,93.35135135135135,0.710555965076195,0.9980350865267043,6.396914456972544,0.010712217718587144,ppf021_xy104_0
547,110,93.94594594594595,1.440905672458558,1.0727322866471414,7.43736443812049,0.010644418872266973,ppf021_xy104_0
548,121,96.12612612612612,2.139828526726151,1.1388714273728666,8.577271363051635,0.010402999062792878,ppf021_xy104_0
549,132,98.30630630630631,2.9025348792359136,1.135750805921341,8.723802017872123,0.010172287390029325,ppf021_xy104_0
550,143,97.90990990990991,3.5873214346128885,1.1405261817250858,8.761843357519385,0.01021347073978653,ppf021_xy104_0
551,154,97.11711711711712,4.27276379230429,1.1059625441831202,8.17212375817317,0.010296846011131726,ppf021_xy104_0
552,165,97.71171171171171,4.983911675405046,1.0669681984111359,7.652580148858143,0.010234187718974736,ppf021_xy104_0
553,176,98.70270270270271,5.6891244189908345,1.0468996394366727,7.442133569156992,0.01013143483023001,ppf021_xy104_0
554,187,97.90990990990991,0.08720286406272437,1.0303751749281467,7.151147554249538,0.01021347073978653,ppf021_xy104_0
555,198,95.72972972972973,0.7748382855015388,0.9720400366301748,6.22262248765128,0.010446075663466968,ppf021_xy104_0
556,209,94.73873873873875,1.4910491756181734,0.8742486650583466,4.9814510763737285,0.010555344237352604,ppf021_xy104_0
557,220,96.72072072072072,2.190181011916237,0.8176006635183789,4.447954229511339,0.010339046199701937,ppf021_xy104_0
558,231,98.10810810810811,2.866900379594639,0.7828329574993549,4.13619893686856,0.010192837465564738,ppf021_xy104_0
559,0,100.28828828828829,3.9136797656043485,0.558995797072844,2.301244134095555,0.009971254042400287,ppf021_xy105_0
560,11,97.90990990990991,4.511099451576593,0.6072240047187025,2.6510621235361578,0.01021347073978653,ppf021_xy105_0
561,22,94.73873873873875,5.129471326518427,0.6747720559124802,3.1676498370322648,0.010555344237352604,ppf021_xy105_0
562,33,94.54054054054055,5.850793851045264,0.7608164303210065,4.018585726587815,0.010577472841623784,ppf021_xy105_0
563,44,95.53153153153153,0.2992582271466561,0.8292319517560505,4.8238543513969,0.01046774801961524,ppf021_xy105_0
564,55,95.72972972972973,1.0074142222707902,0.8752395903371443,5.385129253251421,0.010446075663466968,ppf021_xy105_0
565,66,94.34234234234235,1.7077626065026728,0.9274249105708353,5.958810288052047,0.010599694423223834,ppf021_xy105_0
566,77,93.74774774774775,2.431440952877021,0.9995894739921871,6.878592497622184,0.010666922929079376,ppf021_xy105_0
567,88,94.54054054054055,3.1583851675504997,1.065598907723372,7.88317204545419,0.010577472841623784,ppf021_xy105_0
568,99,95.13513513513513,3.876146230283158,1.1019211811773355,8.482764149076226,0.010511363636363636,ppf021_xy105_0
569,110,95.13513513513513,4.5893220442663765,1.1262570270027978,8.861583972846448,0.010511363636363636,ppf021_xy105_0
570,121,94.73873873873875,5.314853768089846,1.162029319587578,9.394142878182668,0.010555344237352604,ppf021_xy105_0
571,132,95.13513513513513,6.035964340775277,1.218936267499882,10.380023287503283,0.010511363636363636,ppf021_xy105_0
572,143,96.12612612612612,0.4535135883201772,1.2605607900496736,11.216682309792676,0.010402999062792878,ppf021_xy105_0
573,154,96.52252252252252,1.1737646918475009,1.2634081189073711,11.313875114971152,0.010360276274033974,ppf021_xy105_0
574,165,96.52252252252252,1.8781659017948342,1.26800769719185,11.396403920200314,0.010360276274033974,ppf021_xy105_0
575,176,95.92792792792793,2.575264785823067,1.252234750727724,11.046175973984722,0.010424492862509393,ppf021_xy105_0
576,187,95.72972972972973,3.285497304561908,1.1961861161634157,10.058650955433249,0.010446075663466968,ppf021_xy105_0
577,198,96.52252252252252,4.009662238346766,1.1636976133093966,9.598521476285084,0.010360276274033974,ppf021_xy105_0
578,209,97.11711711711712,4.716272743850231,1.1495605279538452,9.424424918355195,0.010296846011131726,ppf021_xy105_0
579,220,96.72072072072072,5.412429494706071,1.1258284093285456,9.002421054165955,0.010339046199701937,ppf021_xy105_0
580,231,96.32432432432432,6.114277120388086,1.073735896530795,8.15504396382768,0.010381593714927048,ppf021_xy105_0
581,242,97.31531531531532,0.5365706561964806,1.0050352214459408,7.218370149116114,0.010275874837992964,ppf021_xy105_0
582,253,98.90090090090091,1.2218150736103484,0.961580563297013,6.715324298642889,0.010111131353616323,ppf021_xy105_0
583,264,98.50450450450451,1.9079498614508568,0.9228198577584756,6.160065697128801,0.01015182001097494,ppf021_xy105_0
584,275,97.90990990990991,2.6000720018001076,0.8579639329735763,5.2924907083180335,0.01021347073978653,ppf021_xy105_0
585,286,98.70270270270271,3.2818439053360873,0.7674460667499172,4.268941117582521,0.01013143483023001,ppf021_xy105_0
586,0,109.6036036036036,6.069077549216994,0.7212052718003431,2.5117231771231556,0.009123787604800263,ppf021_xy107_0
587,11,110.0,0.4220119010288675,0.7873095498046054,3.0040895758207884,0.00909090909090909,ppf021_xy107_0
588,22,110.1981981981982,1.0452418298931156,0.8469151859764509,3.4824387653265654,0.00907455853499019,ppf021_xy107_0
589,33,109.6036036036036,1.651446489392884,0.9058354055137761,3.9623475927073595,0.009123787604800263,ppf021_xy107_0
590,44,109.009009009009,2.263481749323928,0.9684883430781069,4.5048500729074314,0.009173553719008265,ppf021_xy107_0
591,55,109.009009009009,2.8919858497831448,1.0280420203803462,5.075902588124202,0.009173553719008265,ppf021_xy107_0
592,66,110.7927927927928,3.5496678658240275,1.1001383738900516,5.907929327859836,0.009025857863067165,ppf021_xy107_0
593,77,111.98198198198199,4.181431702559189,1.1571409601330704,6.6061714100590985,0.008930008045052293,ppf021_xy107_0
594,88,112.77477477477477,4.800205840651668,1.2033737363408665,7.19518857250509,0.00886723118709059,ppf021_xy107_0
595,99,113.17117117117117,5.412283469274338,1.2456383231485135,7.736577621698738,0.008836172583983443,ppf021_xy107_0
596,110,113.36936936936937,6.022604709468434,1.2928553678553516,8.34881372150015,0.008820724729815639,ppf021_xy107_0
597,121,113.76576576576576,0.34794696152570537,1.3322967153103988,8.896981003322207,0.008789990497307571,ppf021_xy107_0
598,132,114.95495495495496,0.9540787907488574,1.3787719145901243,9.62812470521371,0.008699059561128526,ppf021_xy107_0
599,143,115.94594594594595,1.552435497543587,1.4120660871629496,10.18579118157486,0.008624708624708625,ppf021_xy107_0
600,154,116.93693693693693,2.1424142823436045,1.4362474435536456,10.62770291038932,0.008551617873651772,ppf021_xy107_0
601,165,117.33333333333333,2.7321203790558686,1.461974877681246,11.049188505420013,0.008522727272727274,ppf021_xy107_0
602,176,117.72972972972973,3.31924919008656,1.4882493650785207,11.488589539886132,0.008494031221303948,ppf021_xy107_0
603,187,118.52252252252252,3.9030711099962705,1.5232339499195378,12.116111518064248,0.00843721495895409,ppf021_xy107_0
604,198,119.90990990990991,4.475568732012004,1.565922327794283,12.954619583710796,0.008339594290007513,ppf021_xy107_0
605,209,120.70270270270271,5.045567839416347,1.5868494791187668,13.391142033646311,0.008284818629646215,ppf021_xy107_0
606,220,121.0990990990991,5.615741608663029,1.6018950270055443,13.691094656445902,0.00825769974706145,ppf021_xy107_0
607,231,122.09009009009009,6.194864501347084,1.5974025066223088,13.725819766194409,0.008190672963400236,ppf021_xy107_0
608,242,122.68468468468468,0.4788310264420883,1.6059328484898399,13.940368962093757,0.008150976648553385,ppf021_xy107_0
609,253,123.08108108108108,1.0385940621999934,1.6136319862619672,14.119829251906838,0.008124725516029864,ppf021_xy107_0
610,264,123.47747747747748,1.5935667415753023,1.6146027080642977,14.182351873796035,0.008098642930103605,ppf021_xy107_0
611,275,123.67567567567568,2.1492394825453935,1.593191544464081,13.830867851988463,0.008085664335664336,ppf021_xy107_0
612,286,124.27027027027027,2.7059864395055375,1.573917077466571,13.563135253217942,0.008046976946498478,ppf021_xy107_0
613,297,124.86486486486487,3.2576737485987857,1.5595022833941745,13.379547815000496,0.008008658008658008,ppf021_xy107_0
614,308,125.26126126126127,3.80218719575079,1.5426662830243723,13.133785221268734,0.007983314154200229,ppf021_xy107_0
615,319,124.86486486486487,4.34509829606103,1.5103276884438945,12.549076723682365,0.008008658008658008,ppf021_xy107_0
616,330,124.86486486486487,4.890974936955202,1.4620245553529996,11.759226069280507,0.008008658008658008,ppf021_xy107_0
617,341,125.45945945945947,5.442301908815442,1.4040116081172673,10.896172335900598,0.007970702283498492,ppf021_xy107_0
618,352,126.84684684684684,5.981827730786834,1.3604405851116987,10.343511209878784,0.007883522727272727,ppf021_xy107_0
619,363,127.44144144144144,0.2324832831195554,1.3269792263435098,9.88708067064562,0.007846741128234129,ppf021_xy107_0
620,374,127.63963963963964,0.7640401137539197,1.2886433808927402,9.338566561056174,0.007834556747600226,ppf021_xy107_0
621,385,127.44144144144144,1.3004128814886364,1.2365154773633618,8.584973184769407,0.007846741128234129,ppf021_xy107_0
622,396,127.83783783783784,1.83435605355505,1.1614239401468094,7.59748967872458,0.007822410147991543,ppf021_xy107_0
623,407,129.02702702702703,2.3494478928007867,1.1022384805415206,6.906547174274204,0.007750314201927105,ppf021_xy107_0
624,418,129.22522522522524,2.870260002780121,1.054545268760984,6.3315043177859565,0.007738427216954823,ppf021_xy107_0
625,429,129.22522522522524,3.393600525914872,1.0014291753308966,5.709747880397077,0.007738427216954823,ppf021_xy107_0
626,440,127.44144144144144,3.9611386068831984,0.9309601232807948,4.8663348264538495,0.007846741128234129,ppf021_xy107_0
627,0,84.23423423423424,5.3734347283463535,0.6197326619071101,2.1287030661174686,0.011871657754010695,ppf021_xy108_0
628,11,85.02702702702703,6.203474073201805,0.7040210393910221,2.7729749925379177,0.011760966306420852,ppf021_xy108_0
629,22,88.3963963963964,0.7813766450428338,0.7787151715954332,3.52703293905524,0.011312678353037097,ppf021_xy108_0
630,33,90.77477477477477,1.5760892654894278,0.8246142206843122,4.061481719269484,0.011016276300119095,ppf021_xy108_0
631,44,91.17117117117117,2.3300040580646746,0.8610472878018283,4.447635854156801,0.010968379446640317,ppf021_xy108_0
632,55,90.97297297297297,3.083690348026448,0.9128993712323209,4.988567880780927,0.010992275698158051,ppf021_xy108_0
633,66,92.16216216216216,3.8386052889893962,0.9895121855504305,5.9376231623658065,0.010850439882697948,ppf021_xy108_0
634,77,94.14414414414415,4.5740075059862075,1.0410639760045695,6.71376030487757,0.01062200956937799,ppf021_xy108_0
635,88,95.33333333333333,5.290799122853543,1.066420220198181,7.133771643871443,0.01048951048951049,ppf021_xy108_0
636,99,95.53153153153153,6.012127622924547,1.0890737931998793,7.455538858350933,0.01046774801961524,ppf021_xy108_0
637,110,95.53153153153153,0.4544160194424211,1.136317242860849,8.116403260672673,0.01046774801961524,ppf021_xy108_0
638,121,96.52252252252252,1.159549467874921,1.18999334944653,8.993638237659317,0.010360276274033974,ppf021_xy108_0
639,132,97.90990990990991,1.8439103511350505,1.21834379952727,9.562777442813365,0.01021347073978653,ppf021_xy108_0
640,143,99.49549549549549,2.57843916197773,1.1494267281121653,8.649354261294615,0.010050706265845708,ppf021_xy108_0
641,154,100.88288288288288,3.2879423898584035,1.144881234762767,8.700736999150363,0.009912484372209323,ppf021_xy108_0
642,165,101.08108108108108,3.9647868780208673,1.1466881331504986,8.745370173931239,0.009893048128342246,ppf021_xy108_0
643,176,100.48648648648648,4.633006915408564,1.1175236593437439,8.257313945982395,0.009951586874663798,ppf021_xy108_0
644,187,101.08108108108108,5.315473594869951,1.0649012394433326,7.54234208106805,0.009893048128342246,ppf021_xy108_0
645,198,102.66666666666667,5.99364527854852,1.0270839691114555,7.126217049826318,0.00974025974025974,ppf021_xy108_0
646,209,102.46846846846847,0.3697958028053497,1.0036710976344556,6.791891883867384,0.009759099701072622,ppf021_xy108_0
647,220,99.69369369369369,1.0424787756019207,0.9441489382856096,5.84744826322742,0.010030724742454365,ppf021_xy108_0
648,231,98.50450450450451,1.7342485675843666,0.8621454202055363,4.817645329676484,0.01015182001097494,ppf021_xy108_0
649,242,99.89189189189189,2.40560626851333,0.7964353837366733,4.169164336189267,0.010010822510822512,ppf021_xy108_0
650,253,102.07207207207207,3.038750597531758,0.7499980052965162,3.7778510457504004,0.009796999117387467,ppf021_xy108_0
